UAI,Nom,Type,Statut,Adresse,Code_Postal,Commune,Téléphone,Mail,REP ?,Circo 1er degre,latitude,longitude,Réseau
0040001E,Collège Émile Honnoraty,Collège,Public,boulevard Saint-Pierre,4240,Annot,04 92 83 23 27,ce.0040001E@ac-aix-marseille.fr,,,43.96851919744893,6.665499465094794,Bléone Durance
0040002F,Collège du Pays de Banon,Collège,Public,place Charles Vial,4150,Banon,04 92 73 21 12,ce.0040002F@ac-aix-marseille.fr,,,44.03787107733002,5.629589777630617,Giono
0040003G,Lycée polyvalent André Honnorat,Lycée,Public,1 rue André Honnorat,4400,Barcelonnette,04 92 80 70 10,ce.0040003G@ac-aix-marseille.fr,,,44.38877785168884,6.651860207203217,Porte des Alpes
0040004H,Collège du Verdon,Collège,Public,avenue du 11 Novembre,4120,Castellane,04 92 89 20 50,ce.0040004H@ac-aix-marseille.fr,,,43.84717601052359,6.510789947933673,Bléone Durance
0040007L,Lycée professionnel Alphonse Beau de Rochas,Lycée,Public,10 avenue du Général Leclerc,4000,Digne-les-Bains,04 92 31 06 08,ce.0040007L@ac-aix-marseille.fr,,,44.100067864825206,6.234224046716887,Bléone Durance
0040010P,Lycée Félix Esclangon,Lycée,Public,boulevard Martin Bret,4103,Manosque,04 92 70 54 70,ce.0040010P@ac-aix-marseille.fr,,,43.83780465789432,5.78133675253913,Giono
0040011R,Lycée professionnel Louis Martin Bret,Lycée,Public,allée du Parc,4101,Manosque,04 92 70 78 40,ce.0040011R@ac-aix-marseille.fr,,,43.82663636019546,5.7848603084723225,Giono
0040013T,Collège le Mont d'Or,Collège,Public,boulevard Martin Nalin,4100,Manosque,04 92 72 03 71,ce.0040013T@ac-aix-marseille.fr,,Digne les Bains,43.83528869404598,5.787123117417129,Giono
0040014U,Collège Marcel Massot,Collège,Public,place de l'Église,4250,La Motte-du-Caire,04 92 68 32 87,ce.0040014U@ac-aix-marseille.fr,,,44.34521473138083,6.029739592971908,Bléone Durance
0040017X,Collège Maxime Javelly,Collège,Public,rue du Collège,4500,Riez,04 92 77 80 38,ce.0040017X@ac-aix-marseille.fr,,Digne les Bains,43.81591095374647,6.092710520618963,Giono
0040019Z,Collège René Cassin,Collège,Public,chemin du Mazet,4170,Saint-André-les-Alpes,04 92 89 01 25,ce.0040019Z@ac-aix-marseille.fr,,Digne les Bains,43.969668379570734,6.511859832104923,Bléone Durance
0040021B,Collège Marcel André,Collège,Public,le Promenoir,4140,Seyne,04 92 35 00 49,ce.0040021B@ac-aix-marseille.fr,,Digne les Bains,44.35016520974136,6.356979551984686,Bléone Durance
0040022C,Collège Gassendi,Collège,Public,20 avenue François Cuzin,4004,Digne-les-Bains,04 92 32 19 05,ce.0040022C@ac-aix-marseille.fr,,Digne les Bains,44.089143727503824,6.231149574919586,Bléone Durance
0040023D,Lycée polyvalent Paul Arène,Lycée,Public,13 avenue du Stade,4203,Sisteron,04 92 61 02 99,ce.0040023D@ac-aix-marseille.fr,,,44.182252228728174,5.946680599496812,Bléone Durance
0040027H,Lycée Alexandra David-Néel,Lycée,Public,17 avenue Maréchal Leclerc,4004,Digne-les-Bains,04 92 30 35 80,ce.0040027H@ac-aix-marseille.fr,,,44.10080292047132,6.234040842192244,Bléone Durance
0040034R,Lycée polyvalent du Sacré-Coeur,Lycée,Privé,2 avenue des Thermes,4000,Digne-les-Bains,04 92 30 58 60,ce.0040034r@ac-aix-marseille.fr,,,44.09137190685095,6.241189866814093,Bléone Durance
0040044B,Collège Maria Borrély,Collège,Public,5 place des Cordeliers,4004,Digne-les-Bains,04 86 49 91 00,ce.0040044B@ac-aix-marseille.fr,,Digne les Bains,44.09466935826107,6.237060584123931,Bléone Durance
0040051J,Collège Docteur JMG Itard,Collège,Public,avenue Flourens Aillaud,4700,Oraison,04 92 78 61 69,ce.0040051J@ac-aix-marseille.fr,,Digne les Bains,43.91530621125855,5.916470238097404,Giono
0040052K,Collège Camille Reymond,Collège,Public,quartier de la Bastide Neuve,4160,Château-Arnoux-Saint-Auban,04 92 64 04 41,ce.0040052K@ac-aix-marseille.fr,,Digne les Bains,44.081165204080165,5.997600380300948,Bléone Durance
0040055N,Collège Jean Giono,Collège,Public,chemin des Adrechs,4100,Manosque,04 92 72 06 20,ce.0040055N@ac-aix-marseille.fr,REP,Digne les Bains,43.82531251715252,5.776499993006937,Giono
0040056P,Lycée Agricole Carmejane - Maurice Plantier,Lycée,Public,route de Carmejane,4510,le Chaffaut-Saint-Jurson,04 92 30 35 70,legta.digne@educagri.fr,,,44.03827700198724,6.151040279597953,Bléone Durance
0040057R,École primaire d'Aiglun,École,Public,2 rue des Pitchounets,4510,Aiglun,04 92 34 61 57,ce.0040057R@ac-aix-marseille.fr,,Digne les Bains,44.05090460413877,6.142982104750676,Bléone Durance
0040058S,École primaire publique Philippe Mensang,École,Public,chemin des Jardins,4500,Allemagne-en-Provence,04 92 77 49 22,ce.0040058S@ac-aix-marseille.fr,,Manosque,43.78208341777693,6.008433815863931,Giono
0040059T,École primaire d'Allos,École,Public,le village,4260,Allos,04 92 83 08 21,ce.0040059T@ac-aix-marseille.fr,,Digne les Bains,44.241090856186446,6.629386157600438,Bléone Durance
0040064Y,École primaire d'Annot,École,Public,quartier Pré Martin,4240,Annot,04 92 83 27 25,ce.0040064Y@ac-aix-marseille.fr,,Digne les Bains,43.96223170981179,6.665010280511167,Bléone Durance
0040065Z,École élémentaire Aubignosc,École,Public,place de Flore,4200,Aubignosc,04 92 62 43 44,ce.0040065Z@ac-aix-marseille.fr,,Sisteron,44.12915666535442,5.9704176692665945,Bléone Durance
0040067B,École primaire Banon,École,Public,rue de l'Industrie,4150,Banon,04 92 73 28 55,ce.0040067B@ac-aix-marseille.fr,,Sisteron Sud,44.038386922812,5.630120417508949,Giono
0040068C,École élémentaire publique des Trois Frères Arnaud,École,Public,9 avenue des Trois Frères Arnaud,4400,Barcelonnette,04 92 81 03 30,ce.0040068C@ac-aix-marseille.fr,,Sisteron,44.3863921576294,6.649400305677978,Porte des Alpes
0040070E,École maternelle de Barcelonnette,École,Public,3 avenue de Nice,4400,Barcelonnette,04 92 81 07 35,ce.0040070E@ac-aix-marseille.fr,,Sisteron,44.38505761558561,6.65015993232046,Porte des Alpes
0040071F,École primaire de Barles,École,Public,le village,4140,Barles,09 79 25 72 34,ce.0040071F@ac-aix-marseille.fr,,Digne les Bains,44.26325045710008,6.2684002394525695,Bléone Durance
0040072G,École élémentaire Barras,École,Public,le village,4380,Barras,04 92 34 73 06,ce.0040072G@ac-aix-marseille.fr,,Digne les Bains,44.1050584985404,6.113769605416263,Bléone Durance
0040073H,École primaire de Barrême,École,Public,la Grande allée,4330,Barrême,04 92 34 21 28,ce.0040073H@ac-aix-marseille.fr,,Digne les Bains,43.954828227953705,6.369264676932978,Bléone Durance
0040078N,École élémentaire Bevons,École,Public,le Castel,4200,Bevons,04 92 62 82 36,ce.0040078N@ac-aix-marseille.fr,,Sisteron,44.17164834616045,5.887593531928599,Bléone Durance
0040082T,École primaire de Bras d'ass,École,Public,le village,4270,Bras-d'Asse,04 92 34 46 43,ce.0040082T@ac-aix-marseille.fr,,Manosque,43.9240000592682,6.125909042604004,Bléone Durance
0040085W,École primaire d'Ubaye Serre Poncon,École,Public,le village,4340,Ubaye-Serre-Ponçon,04 92 85 54 92,ce.0040085W@ac-aix-marseille.fr,,Sisteron,44.45735110963458,6.29437041978702,Porte des Alpes
0040086X,École primaire de la Brillanne,École,Public,1 route des Alpes,4700,La Brillanne,04 92 74 27 74,ce.0040086X@ac-aix-marseille.fr,,Sisteron Sud,43.92978731720443,5.89059032335847,Giono
0040088Z,École publique groupe scolaire Marcel Roux,École,Public,quartier l'Arzieras,4420,le Brusquet,04 92 35 69 09,ce.0040088Z@ac-aix-marseille.fr,,Digne les Bains,44.16260810446271,6.314050497055305,Bléone Durance
0040090B,École élémentaire Salinae,École,Public,avenue Frédéric Mistral,4120,Castellane,04 92 83 68 55,ce.0040090B@ac-aix-marseille.fr,,Digne les Bains,43.84641646343714,6.511690446149668,Bléone Durance
0040091C,École maternelle du Sivu Val de Rancure,École,Public,40 chemin des Écoliers,4700,le Castellet,04 92 79 60 25,ce.0040091C@ac-aix-marseille.fr,,Sisteron Sud,43.93915988451095,5.982293416652107,Giono
0040094F,École primaire Céreste,École,Public,boulevard Victor Hugo,4280,Céreste-en-Luberon,04 92 79 03 09,ce.0040094F@ac-aix-marseille.fr,,Manosque,43.85579203795029,5.592130372249759,Giono
0040095G,École primaire le Chaffaut St Jurson,École,Public,rue de la Mairie,4510,le Chaffaut-Saint-Jurson,04 92 34 73 74,ce.0040095G@ac-aix-marseille.fr,,Digne les Bains,44.0379721979725,6.150739974628357,Bléone Durance
0040096H,École primaire Pierre Gassendi,École,Public,le village,4660,Champtercier,04 92 31 45 30,ce.0040096H@ac-aix-marseille.fr,,Digne les Bains,44.09440239799295,6.161721330085033,Bléone Durance
0040101N,École maternelle Édouard Manceau,École,Public,1247 rue des Ecoles,4160,Château-Arnoux-Saint-Auban,04 92 64 02 42,ce.0040101N@ac-aix-marseille.fr,,Sisteron Sud,44.10216733778654,6.006409412210604,Bléone Durance
0040103R,École élémentaire Paul Lapie,École,Public,8 avenue des Ecoles,4600,Château-Arnoux-Saint-Auban,04 92 64 17 34,ce.0040103R@ac-aix-marseille.fr,,Sisteron Sud,44.06933767311156,5.992030489814123,Bléone Durance
0040105T,École maternelle Paul Lapie,École,Public,1 avenue des Ecoles,4600,Château-Arnoux-Saint-Auban,04 92 64 18 71,ce.0040105T@ac-aix-marseille.fr,,Sisteron Sud,44.06909172718004,5.99167028153998,Bléone Durance
0040106U,École primaire Châteauneuf Val St Donat,École,Public,place de la Mairie,4200,Châteauneuf-Val-Saint-Donat,04 92 62 40 69,ce.0040106U@ac-aix-marseille.fr,,Sisteron,44.093362459866704,5.949127997698455,Bléone Durance
0040108W,École élémentaire Clamensane,École,Public,place de la Mairie,4250,Clamensane,04 92 68 41 88,ce.0040108W@ac-aix-marseille.fr,,Sisteron,44.32305985720191,6.069725792510562,Bléone Durance
0040109X,École primaire Claret,École,Public,8 route de l'Ecole,5110,Claret,04 92 68 32 92,ce.0040109X@ac-aix-marseille.fr,,Sisteron,44.37214032606787,5.954440019541955,Bléone Durance
0040111Z,École primaire Colmars les Alpes,École,Public,chemin Cascade de la Lance,4370,Colmars,04 92 83 42 68,ce.0040111Z@ac-aix-marseille.fr,,Digne les Bains,44.180084484691285,6.628140102244388,Bléone Durance
0040113B,École primaire Corbières en Provence,École,Public,rue des Ecoles,4220,Corbières-en-Provence,04 92 79 72 04,ce.0040113B@ac-aix-marseille.fr,,Manosque,43.76158121867877,5.7519985963014895,Giono
0040114C,École primaire de Cruis,École,Public,quartier la Casse,4230,Cruis,04 92 77 05 26,ce.0040114C@ac-aix-marseille.fr,,Sisteron Sud,44.06340713618739,5.8375901377563535,Giono
0040116E,École primaire de Dauphin,École,Public,boulevard du Nord,4300,Dauphin,04 92 79 55 33,ce.0040116E@ac-aix-marseille.fr,,Manosque,43.898544698647,5.782819853446919,Giono
0040117F,École primaire Paul Martin,École,Public,8 avenue Paul Martin,4000,Digne-les-Bains,04 92 31 18 76,ce.0040117F@ac-aix-marseille.fr,,Digne les Bains,44.09513839781954,6.237709740541915,Bléone Durance
0040121K,École primaire J. Reinach,École,Public,avenue Joseph Reinach,4000,Digne-les-Bains,04 92 31 01 92,ce.0040121K@ac-aix-marseille.fr,,Digne les Bains,44.09492372245435,6.233390311212596,Bléone Durance
0040126R,École primaire les Augiers,École,Public,les Augiers,4000,Digne-les-Bains,04 92 31 32 05,ce.0040126R@ac-aix-marseille.fr,,Digne les Bains,44.08136068537781,6.17531039674967,Bléone Durance
0040129U,École primaire Beausoleil,École,Public,6 chemin des Ajoncs Beausoleil,4000,Digne-les-Bains,04 92 31 19 22,ce.0040129U@ac-aix-marseille.fr,,Digne les Bains,44.089194723038375,6.216200080762925,Bléone Durance
0040131W,École primaire Gaubert,École,Public,Gaubert,4000,Digne-les-Bains,04 92 31 24 28,ce.0040131W@ac-aix-marseille.fr,,Digne les Bains,44.06063181960489,6.197639977488076,Bléone Durance
0040133Y,École primaire Félix Esclangon - la Sebe,École,Public,28 avenue Henri Jaubert la Sebe,4000,Digne-les-Bains,04 92 31 27 74,ce.0040133Y@ac-aix-marseille.fr,,Digne les Bains,44.08645801248541,6.223249978978507,Bléone Durance
0040138D,École primaire les Sieyes,École,Public,les Sieyes,4000,Digne-les-Bains,04 92 31 01 71,ce.0040138D@ac-aix-marseille.fr,,Digne les Bains,44.0834221142012,6.201800206801059,Bléone Durance
0040143J,École primaire d'Enchastrayes,École,Public,Sauze,4400,Enchastrayes,04 92 81 10 19,ce.0040143J@ac-aix-marseille.fr,,Sisteron,44.37372245330858,6.680797855771583,Porte des Alpes
0040148P,École maternelle d'Entrepierres,École,Public,la Girale,4200,Entrepierres,04 92 61 17 82,ce.0040148P@ac-aix-marseille.fr,,Sisteron,44.187017186125885,5.993640363407638,Bléone Durance
0040153V,École primaire de l'Escale,École,Public,rue du Professeur Francis Arnaud,4160,L'Escale,04 92 64 18 87,ce.0040153V@ac-aix-marseille.fr,,Sisteron Sud,44.084795095831154,6.025039390144988,Bléone Durance
0040158A,École maternelle de Forcalquier,École,Public,avenue Fontauris,4300,Forcalquier,04 92 75 34 96,ce.0040158A@ac-aix-marseille.fr,,Sisteron Sud,43.96157171961444,5.781259751204985,Giono
0040159B,École primaire privée Saint Joseph,École,Privé,5 place Aimé Gassier,4400,Barcelonnette,04 92 81 07 91,ce.0040159B@ac-aix-marseille.fr,,Sisteron,44.38572729453899,6.652409763523522,Porte des Alpes
0040166J,École primaire privée Catholique Sacré Coeur,École,Privé,2 avenue des Thermes,4000,Digne-les-Bains,04 92 30 58 60,ce.0040166J@ac-aix-marseille.fr,,Digne les Bains,44.09096437049163,6.241750315437223,Bléone Durance
0040167K,École primaire privée Jeanne d'Arc,École,Privé,avenue Saint Promasse,4300,Forcalquier,04 92 75 00 04,ce.0040167K@ac-aix-marseille.fr,,Sisteron Sud,43.96018764764678,5.781930273473294,Giono
0040168L,École primaire privée Saint Charles,École,Privé,13 boulevard Casimir Pelloutier,4100,Manosque,04 92 70 76 50,ce.0040168L@ac-aix-marseille.fr,,Manosque,43.83424244113954,5.781230517835402,Giono
0040172R,École primaire de Jausiers,École,Public,9 rue des Ecoles,4850,Jausiers,04 92 84 62 97,ce.0040172R@ac-aix-marseille.fr,,Sisteron,44.41859414566211,6.736452456677188,Porte des Alpes
0040174T,École élémentaire des Écoles,École,Public,rue André Malraux,4800,Gréoux-les-Bains,04 92 74 21 57,ce.0040174T@ac-aix-marseille.fr,,Manosque,43.75814604738948,5.885139388967074,Giono
0040176V,École primaire la Ponsonne,École,Public,place Pierre de Coubertin,4100,Manosque,04 92 87 47 37,ce.0040176V@ac-aix-marseille.fr,REP,Manosque,43.82554082633159,5.78903942161335,Giono
0040184D,École maternelle publique la Javie,École,Public,place de la Mairie,4420,La Javie,04 92 34 91 81,ce.0040184D@ac-aix-marseille.fr,,Digne les Bains,44.17456196462005,6.349855298320109,Bléone Durance
0040189J,École élémentaire publique la Thuiliere,École,Public,quartier la Thuilière,4700,Lurs,04 92 78 72 85,ce.0040189J@ac-aix-marseille.fr,,Sisteron Sud,43.96936829324847,5.889189553046753,Giono
0040191L,École élémentaire Malijai,École,Public,place Jules Ferry,4350,Malijai,04 92 34 02 81,ce.0040191L@ac-aix-marseille.fr,,Sisteron Sud,44.04522466220693,6.032319384144469,Bléone Durance
0040192M,École maternelle Malijai,École,Public,place Jules Ferry,4350,Malijai,04 92 34 08 32,ce.0040192M@ac-aix-marseille.fr,,Sisteron Sud,44.04458482677318,6.032949602147211,Bléone Durance
0040193N,École primaire Mallemoisson,École,Public,208 chemin de l'Ecole,4510,Mallemoisson,04 92 34 66 71,ce.0040193N@ac-aix-marseille.fr,,Digne les Bains,44.04215543563232,6.123590122646433,Bléone Durance
0040198U,École primaire le Colombier,École,Public,boulevard Martin Nalin,4100,Manosque,04 92 87 47 47,ce.0040198U@ac-aix-marseille.fr,,Manosque,43.83831219358028,5.788999826049897,Giono
0040199V,École élémentaire la Luquèce,École,Public,boulevard Pasteur,4100,Manosque,04 92 87 47 43,ce.0040199V@ac-aix-marseille.fr,REP,Manosque,43.82836248183229,5.780770188767511,Giono
0040200W,École élémentaire les Plantiers,École,Public,rue Paul Arène,4100,Manosque,04 92 87 47 34,ce.0040200W@ac-aix-marseille.fr,REP,Manosque,43.82219982465677,5.784507304392112,Giono
0040201X,École maternelle la Luquèce,École,Public,boulevard Pasteur,4100,Manosque,04 92 87 47 32,ce.0040201X@ac-aix-marseille.fr,REP,Manosque,43.82792718464423,5.781349763059991,Giono
0040209F,École maternelle Paul Langevin,École,Public,avenue du Stade,4190,Les Mées,04 92 34 15 32,ce.0040209F@ac-aix-marseille.fr,,Sisteron Sud,44.03138878984319,5.974969950705471,Bléone Durance
0040210G,École primaire Dabisse,École,Public,hameau Dabisse,4190,Les Mées,04 92 34 32 40,ce.0040210G@ac-aix-marseille.fr,,Sisteron Sud,43.98273598267338,5.926550259924315,Giono
0040214L,École primaire Mézel,École,Public,quartier le Claus,4270,Mézel,04 92 35 54 24,ce.0040214L@ac-aix-marseille.fr,,Digne les Bains,43.99638181587319,6.197699699513825,Bléone Durance
0040215M,École primaire Mirabeau,École,Public,les Barbarins,4510,Mirabeau,04 92 34 72 85,ce.0040215M@ac-aix-marseille.fr,,Digne les Bains,44.06271366179168,6.092150024924667,Bléone Durance
0040216N,École primaire les Armands,École,Public,chemin des Ecoliers,4200,Mison,04 92 62 20 49,ce.0040216N@ac-aix-marseille.fr,,Sisteron,44.26592108811718,5.857210008423965,Bléone Durance
0040218R,École élémentaire publique Montagnac,École,Public,route la Rabasse,4500,Montagnac-Montpezat,04 92 77 55 69,ce.0040218R@ac-aix-marseille.fr,,Manosque,43.77991560050548,6.095070527491295,Giono
0040220T,École primaire Saint-Jean,École,Public,Col Saint Jean,4140,Montclar,04 92 30 92 08,ce.0040220T@ac-aix-marseille.fr,,Sisteron,44.41211798156888,6.351290442545532,Bléone Durance
0040221U,École primaire des Insurgés de 1851,École,Public,des Insurgés de 1851,4600,Montfort,04 92 64 41 95,ce.0040221U@ac-aix-marseille.fr,,Sisteron Sud,44.064032266255694,5.971615153862807,Bléone Durance
0040222V,École primaire Montfuron,École,Public,place de la Mairie,4110,Montfuron,07 64 89 58 72,ce.0040222V@ac-aix-marseille.fr,,Manosque,43.83534244452939,5.694713107801287,Giono
0040226Z,École primaire la Motte du Caire,École,Public,Prés Longs,4250,La Motte-du-Caire,04 92 68 30 35,ce.0040226Z@ac-aix-marseille.fr,,Sisteron,44.34350342188762,6.030450166560779,Bléone Durance
0040231E,École primaire Moustiers Ste Marie,École,Public,rue du Seigneur de la Clue,4360,Moustiers-Sainte-Marie,04 86 56 32 94,ce.0040231E@ac-aix-marseille.fr,,Manosque,43.84460117674739,6.221489293917624,Giono
0040233G,École maternelle Niozelles,École,Public,le village,4300,Niozelles,04 92 75 31 67,ce.0040233G@ac-aix-marseille.fr,,Sisteron Sud,43.93750426811902,5.839536591541848,Giono
0040234H,École primaire Noyers sur Jabron,École,Public,place du village,4200,Noyers-sur-Jabron,04 92 62 01 94,ce.0040234H@ac-aix-marseille.fr,,Sisteron,44.168557057982326,5.828229718160677,Bléone Durance
0040236K,École primaire d'Ongles,École,Public,le village,4230,Ongles,04 92 73 18 13,ce.0040236K@ac-aix-marseille.fr,,Sisteron Sud,44.02829576108979,5.732811940263464,Giono
0040238M,École élémentaire Oraison,École,Public,quartier Sigare,4700,Oraison,06 13 77 75 75,ce.0040238M@ac-aix-marseille.fr,,Sisteron Sud,43.91782686733255,5.917650582361307,Giono
0040240P,École maternelle Henri Matisse,École,Public,avenue Victor Gérard,4700,Oraison,04 92 77 91 37,ce.0040240P@ac-aix-marseille.fr,,Sisteron Sud,43.91367835948964,5.917670153204065,Giono
0040242S,École primaire la Plus Haute Fontaine,École,Public,route de Moustiers,4120,La Palud-sur-Verdon,04 92 77 35 28,ce.0040242S@ac-aix-marseille.fr,,Digne les Bains,43.77944687981855,6.339380400590883,Bléone Durance
0040243T,École primaire Peipin,École,Public,rue Grand Champ,4200,Peipin,04 92 62 41 30,ce.0040243T@ac-aix-marseille.fr,,Sisteron,44.13552841026125,5.9566196800659865,Bléone Durance
0040247X,École maternelle Parc Château Av Liberation,École,Public,42 avenue de la Libération,4310,Peyruis,04 92 68 01 55,ce.0040247X@ac-aix-marseille.fr,,Sisteron Sud,44.02853260974897,5.941340434833136,Bléone Durance
0040248Y,École élémentaire Piégut,École,Public,place de l'Aire,5130,Piégut,04 92 54 03 29,ce.0040248Y@ac-aix-marseille.fr,,Sisteron,44.45169356150852,6.128616849291304,Porte des Alpes
0040249Z,École élémentaire Pierrerue,École,Public,la Promenade,4300,Pierrerue,04 92 75 31 72,ce.0040249Z@ac-aix-marseille.fr,,Sisteron Sud,43.95515262711668,5.83431957369988,Giono
0040250A,École élémentaire Pierrevert,École,Public,rue Gaston Berger,4860,Pierrevert,04 92 72 01 48,ce.0040250A@ac-aix-marseille.fr,,Manosque,43.80988663948226,5.752619650720932,Giono
0040253D,École élémentaire Puimichel,École,Public,quartier de l'Ecole,4700,Puimichel,04 92 78 79 01,ce.0040253D@ac-aix-marseille.fr,,Sisteron Sud,43.97318047049861,6.019910197207554,Giono
0040254E,École primaire Puimoisson,École,Public,route de Riez,4410,Puimoisson,04 92 74 70 86,ce.0040254E@ac-aix-marseille.fr,,Manosque,43.86185858616308,6.125690175616349,Giono
0040255F,École primaire Quinson,École,Public,place de la Mairie,4500,Quinson,07 48 72 33 46,ce.0040255F@ac-aix-marseille.fr,,Manosque,43.70033779184455,6.038494746424839,Giono
0040258J,École primaire RPI,École,Public,Rioclar,4340,Méolans-Revel,04 92 81 90 39,ce.0040258J@ac-aix-marseille.fr,,Sisteron,44.410524209069045,6.526970531807713,Porte des Alpes
0040259K,École primaire Revest des Brousses,École,Public,le village,4150,Revest-des-Brousses,04 92 73 35 29,ce.0040259K@ac-aix-marseille.fr,,Sisteron Sud,43.97168382075817,5.672880332835542,Giono
0040260L,École primaire Revest du Bion,École,Public,rue des Ecoles,4150,Revest-du-Bion,04 92 79 97 61,ce.0040260L@ac-aix-marseille.fr,,Sisteron Sud,44.083081277477774,5.547436673763761,Giono
0040262N,École élémentaire Riez,École,Public,rue Jules Henry,4500,Riez,04 92 77 81 33,ce.0040262N@ac-aix-marseille.fr,,Manosque,43.81954506196052,6.090320089912675,Giono
0040263P,École maternelle la Rouguière,École,Public,quartier la Rouguiere,4500,Riez,04 92 77 83 06,ce.0040263P@ac-aix-marseille.fr,,Manosque,43.81548817500136,6.097830417819581,Giono
0040267U,École primaire Roumoules,École,Public,1 rue des Ecoles,4500,Roumoules,04 92 77 86 15,ce.0040267U@ac-aix-marseille.fr,,Manosque,43.824249114129096,6.128010216689119,Giono
0040268V,École primaire St André les Alpes,École,Public,1 place Marcel Pastorelli,4170,Saint-André-les-Alpes,04 92 89 09 75,ce.0040268V@ac-aix-marseille.fr,,Digne les Bains,43.968805068842144,6.508559816599244,Bléone Durance
0040271Y,École primaire St Étienne les Orgues,École,Public,rue de l'Arboux,4230,Saint-Etienne-les-Orgues,04 92 73 19 73,ce.0040271Y@ac-aix-marseille.fr,,Sisteron Sud,44.04564043974595,5.777944170604151,Giono
0040276D,École primaire St Maime,École,Public,rue des Ecoles,4300,Saint-Maime,04 92 79 51 92,ce.0040276D@ac-aix-marseille.fr,,Manosque,43.90359085918256,5.795200416665709,Giono
0040277E,École primaire St Martin de Bromes,École,Public,chemin Pauron,4800,Saint-Martin-de-Brômes,04 92 78 13 44,ce.0040277E@ac-aix-marseille.fr,,Manosque,43.76947263658137,5.939971761213573,Giono
0040280H,École primaire la Grande Ourse,École,Public,avenue des Remparts,4870,Saint-Michel-l'Observatoire,04 92 76 68 32,ce.0040280H@ac-aix-marseille.fr,,Sisteron Sud,43.90954670807272,5.714949918913128,Giono
0040281J,École primaire Émile Signoret,École,Public,le village,4530,Saint-Paul-sur-Ubaye,04 92 84 33 59,ce.0040281J@ac-aix-marseille.fr,,Sisteron,44.51572074559151,6.75308348082088,Porte des Alpes
0040283L,École primaire St Pons,École,Public,le village,4400,Saint-Pons,04 92 81 26 34,ce.0040283L@ac-aix-marseille.fr,,Sisteron,44.392355009936885,6.6275402458004375,Porte des Alpes
0040285N,École élémentaire Paul Éluard,École,Public,avenue Gracchus-Babeuf,4220,Sainte-Tulle,04 86 56 03 34,ce.0040285N@ac-aix-marseille.fr,,Manosque,43.79030968572515,5.770269637639273,Giono
0040286P,École primaire Max Trouche,École,Public,avenue de la République,4220,Sainte-Tulle,04 92 78 20 45,ce.0040286P@ac-aix-marseille.fr,,Manosque,43.7862321061457,5.7672395426415415,Giono
0040287R,École maternelle Langevin-Wallon,École,Public,rue Marcel Cachin,4220,Sainte-Tulle,04 92 78 21 70,ce.0040287R@ac-aix-marseille.fr,,Manosque,43.786875598195735,5.76672007708682,Giono
0040289T,École élémentaire publique le Lautharet,École,Public,le Lautaret,4340,Ubaye-Serre-Ponçon,04 92 85 55 63,ce.0040289T@ac-aix-marseille.fr,,Sisteron,44.44266135312597,6.353230548986534,Bléone Durance
0040291V,École primaire St Vincent sur Jabron,École,Public,place du village,4200,Saint-Vincent-sur-Jabron,04 92 62 00 98,ce.0040291V@ac-aix-marseille.fr,,Sisteron,44.17165194673194,5.745430516656841,Bléone Durance
0040292W,École élémentaire Salignac,École,Public,quartier le Mardaric,4290,Salignac,04 92 61 33 64,ce.0040292W@ac-aix-marseille.fr,,Sisteron,44.15764576869429,5.970418196440873,Bléone Durance
0040295Z,École élémentaire Selonnet,École,Public,place du village,4140,Selonnet,04 92 35 19 41,ce.0040295Z@ac-aix-marseille.fr,,Sisteron,44.370598545402,6.311968156083582,Bléone Durance
0040301F,École primaire Sigonce,École,Public,rue de l'Ecole,4300,Sigonce,04 92 75 36 01,ce.0040301F@ac-aix-marseille.fr,,Sisteron Sud,43.9964921627863,5.839930174916852,Giono
0040302G,École élémentaire Sigoyer,École,Public,le village,4200,Sigoyer,04 92 62 14 97,ce.0040302G@ac-aix-marseille.fr,,Sisteron,44.32000315334007,5.9578495196876045,Bléone Durance
0040303H,École primaire Simiane la Rotonde,École,Public,place Rene Char,4150,Simiane-la-Rotonde,04 92 75 90 91,ce.0040303H@ac-aix-marseille.fr,,Sisteron Sud,43.97966137775657,5.563627012766934,Giono
0040305K,École élémentaire Verdun,École,Public,5 allée de Verdun,4200,Sisteron,04 92 62 69 93,ce.0040305K@ac-aix-marseille.fr,,Sisteron,44.19532830298007,5.944080321669785,Bléone Durance
0040306L,École maternelle Jean Andrieu,École,Public,45 place René Cassin,4200,Sisteron,04 92 61 41 14,ce.0040306L@ac-aix-marseille.fr,,Sisteron,44.19662130471307,5.94188004183916,Bléone Durance
0040307M,École primaire la Baume,École,Public,46 rue Julien Masselier,4200,Sisteron,04 92 61 43 23,ce.0040307M@ac-aix-marseille.fr,,Sisteron,44.20432302598529,5.947159971823138,Bléone Durance
0040311S,École primaire publique Pierre Magnan,École,Public,2 avenue Jean des Figues,4200,Sisteron,04 92 61 36 04,ce.0040311S@ac-aix-marseille.fr,,Sisteron,44.1858850989944,5.94573001090669,Bléone Durance
0040313U,École élémentaire Delaplane - le Thor,École,Public,51 avenue du Jabron,4200,Sisteron,04 92 61 29 88,ce.0040313U@ac-aix-marseille.fr,,Sisteron,44.1849777729271,5.938589484448551,Bléone Durance
0040317Y,École primaire des Charpentiers (Theze),École,Public,chemin des Charpentiers,4200,Thèze,04 92 62 17 91,ce.0040317Y@ac-aix-marseille.fr,,Sisteron,44.31959464439415,5.92118008962058,Bléone Durance
0040318Z,École primaire Thoard,École,Public,chemin de Siron,4380,Thoard,04 92 34 66 22,ce.0040318Z@ac-aix-marseille.fr,,Digne les Bains,44.15006339307271,6.149380139561404,Bléone Durance
0040320B,École primaire Fernand Gilly (les Thuiles),École,Public,place Fernand Gilly,4400,Les Thuiles,04 92 81 91 59,ce.0040320B@ac-aix-marseille.fr,,Sisteron,44.39382846913748,6.57272032321042,Porte des Alpes
0040322D,École primaire Turriers,École,Public,Lotissement Pré Domenge,4250,Turriers,04 92 55 17 76,ce.0040322D@ac-aix-marseille.fr,,Sisteron,44.39981286294604,6.170746716888841,Bléone Durance
0040325G,École primaire Molanes,École,Public,Praloup 1500,4400,Uvernet-Fours,04 92 84 14 53,ce.0040325G@ac-aix-marseille.fr,,Sisteron,44.361282242111855,6.61553954670141,Porte des Alpes
0040326H,École primaire Vacheres,École,Public,chemin des Batarins,4110,Vachères,04 92 75 61 16,ce.0040326H@ac-aix-marseille.fr,,Sisteron Sud,43.93115153650964,5.637126458559942,Giono
0040327J,École élémentaire Valbelle,École,Public,60 place de l'École,4200,Valbelle,04 92 81 00 83,ce.0040327J@ac-aix-marseille.fr,,Sisteron,44.14796310720664,5.88425109141497,Bléone Durance
0040328K,École élémentaire Valensole,École,Public,la Baisse de Ste Anne,4210,Valensole,04 92 74 89 47,ce.0040328K@ac-aix-marseille.fr,,Manosque,43.84328183738706,5.982329669383772,Giono
0040330M,École maternelle Valensole,École,Public,la Baisse Sainte-Anne,4210,Valensole,04 92 74 82 49,ce.0040330M@ac-aix-marseille.fr,,Manosque,43.83997091141256,5.9835005377873385,Giono
0040331N,École élémentaire Valernes,École,Public,le village,4200,Valernes,04 92 62 12 29,ce.0040331N@ac-aix-marseille.fr,,Sisteron,44.26226623245096,5.960520374710153,Bléone Durance
0040332P,École maternelle Vaumeilh,École,Public,montée du Château,4200,Vaumeilh,04 92 62 12 51,ce.0040332P@ac-aix-marseille.fr,,Sisteron,44.28838413115661,5.95786016541649,Bléone Durance
0040334S,École maternelle les Tourniaires (Venterol),École,Public,les Gaillaches,5130,Venterol,04 92 54 32 19,ce.0040334S@ac-aix-marseille.fr,,Sisteron,44.468710645709336,6.098358015740563,Porte des Alpes
0040338W,École élémentaire Villeneuve,École,Public,rue des Rosiers,4180,Villeneuve,04 92 78 41 48,ce.0040338W@ac-aix-marseille.fr,,Manosque,43.892005346153965,5.863309873679815,Giono
0040339X,École maternelle Lot la Massotte,École,Public,Lotissement la Massotte,4180,Villeneuve,04 92 78 40 31,ce.0040339X@ac-aix-marseille.fr,,Manosque,43.890513078202446,5.86472055814872,Giono
0040341Z,École élémentaire publique Pôle enfant de Volonne,École,Public,2 place du Pôle Enfance,4290,Volonne,04 92 64 08 19,ce.0040341Z@ac-aix-marseille.fr,,Sisteron Sud,44.110878249672254,6.012890560183637,Bléone Durance
0040342A,École maternelle Cours Jacques Paulon,École,Public,32 route de l'Escale,4290,Volonne,04 92 64 33 31,ce.0040342A@ac-aix-marseille.fr,,Sisteron Sud,44.11083617137693,6.012652056998462,Bléone Durance
0040344C,École élémentaire publique René Cassin,École,Public,chemin Saint-Jean,4130,Volx,04 92 78 45 97,ce.0040344C@ac-aix-marseille.fr,,Manosque,43.87568165335468,5.8401194119496695,Giono
0040345D,École maternelle Saint Lazare,École,Public,allée de Provence,4100,Manosque,04 92 87 47 36,ce.0040345D@ac-aix-marseille.fr,,Manosque,43.83116981478009,5.787270490751145,Giono
0040346E,École primaire le Pigeonnier,École,Public,14 avenue des Thermes le Pigeonnier,4000,Digne-les-Bains,04 92 31 17 25,ce.0040346E@ac-aix-marseille.fr,,Digne les Bains,44.08966704548862,6.247805425908858,Bléone Durance
0040351K,École maternelle Alphonse Daudet,École,Public,rue Maréchal Leclerc,4130,Volx,04 92 78 45 38,ce.0040351K@ac-aix-marseille.fr,,Manosque,43.87657270145307,5.84355982047772,Giono
0040353M,École primaire publique Christine Granville,École,Public,2 avenue Maréchal Juin,4000,Digne-les-Bains,04 92 91 17 26,ce.0040353M@ac-aix-marseille.fr,,Digne les Bains,44.08503467758081,6.226219825507402,Bléone Durance
0040354N,École primaire Entrevaux,École,Public,rue de l'Orbitelle,4320,Entrevaux,04 93 05 45 37,ce.0040354N@ac-aix-marseille.fr,,Digne les Bains,43.9509026104366,6.811929856581092,Bléone Durance
0040355P,École primaire Place de l’Église (Mane),École,Public,place des Frères,4300,Mane,04 92 75 27 38,ce.0040355P@ac-aix-marseille.fr,,Sisteron Sud,43.93677662002747,5.766690453183208,Giono
0040356R,École Elémentaire publique Seyne les Alpes,École,Public,94 Grand rue,4140,Seyne,04 92 35 39 97,ce.0040356R@ac-aix-marseille.fr,,Sisteron,44.35074512959213,6.353770617215711,Bléone Durance
0040366B,École primaire les Arches,École,Public,1 rue Louise Espié,4000,Digne-les-Bains,04 92 31 13 89,ce.0040366B@ac-aix-marseille.fr,,Digne les Bains,44.10275203433007,6.232400317260447,Bléone Durance
0040367C,École élémentaire Saint Lazare,École,Public,allée de Provence,4100,Manosque,04 92 87 47 40,ce.0040367C@ac-aix-marseille.fr,,Manosque,43.83096274951394,5.787621113570936,Giono
0040369E,École primaire les Tilleuls,École,Public,boulevard des Tilleuls,4100,Manosque,04 92 87 47 41,ce.0040369E@ac-aix-marseille.fr,,Manosque,43.83535082457608,5.783809726622591,Giono
0040371G,École maternelle Frédéric Mistral (Castellane),École,Public,avenue Frédéric Mistral,4120,Castellane,04 92 83 62 11,ce.0040371G@ac-aix-marseille.fr,,Digne les Bains,43.84593739424805,6.510930375253329,Bléone Durance
0040375L,École primaire Delaplane - le Thor,École,Public,12 avenue Saint-Domnin,4200,Sisteron,04 92 61 40 52,ce.0040375L@ac-aix-marseille.fr,,Sisteron,44.18468764946655,5.939030094058756,Bléone Durance
0040376M,École primaire Reillanne,École,Public,rue des Ecoles,4110,Reillanne,04 92 76 47 93,ce.0040376M@ac-aix-marseille.fr,,Sisteron Sud,43.880026399408855,5.6594906018624975,Giono
0040382U,Collège Henri Laugier,Collège,Public,17 avenue Cremieux,4300,Forcalquier,04 92 75 03 44,ce.0040382U@ac-aix-marseille.fr,,,43.96560370529058,5.778769588897667,Giono
0040383V,École primaire Jeanne Nevière,École,Public,rue André Malraux,4800,Gréoux-les-Bains,04 92 78 01 12,ce.0040383V@ac-aix-marseille.fr,,Manosque,43.75796619580787,5.88513031846814,Giono
0040386Y,École maternelle la Foun Souffle (Pierrevert),École,Public,avenue Gaston Berger,4860,Pierrevert,04 92 72 85 78,ce.0040386Y@ac-aix-marseille.fr,,Manosque,43.810076141595175,5.753209444996407,Giono
0040391D,École primaire Thorame Haute,École,Public,le village,4170,Thorame-Haute,04 92 83 93 43,ce.0040391D@ac-aix-marseille.fr,,Digne les Bains,44.096553171849976,6.554813992558271,Bléone Durance
0040394G,École maternelle Jean Proal,École,Public,72 rue du Marcheyer,4140,Seyne,04 92 35 00 86,ce.0040394G@ac-aix-marseille.fr,,Sisteron,44.35147910053775,6.356291496809299,Bléone Durance
0040400N,École élémentaire Élise et Célestin Freinet,École,Public,41 rue Victorin Maurel,4160,Château-Arnoux-Saint-Auban,04 92 64 02 41,ce.0040400N@ac-aix-marseille.fr,,Sisteron Sud,44.09368933943792,6.007319784702974,Bléone Durance
0040401P,École primaire Paul Langevin,École,Public,quartier les Lauzières,4160,Château-Arnoux-Saint-Auban,04 92 64 13 81,ce.0040401P@ac-aix-marseille.fr,,Sisteron Sud,44.08270263762503,6.002860564729579,Bléone Durance
0040402R,École élémentaire les Combes,École,Public,rue des Combes,4100,Manosque,04 92 87 47 44,ce.0040402R@ac-aix-marseille.fr,,Manosque,43.83509117637902,5.778173128046168,Giono
0040404T,École maternelle les Combes,École,Public,rue des Combes,4100,Manosque,04 92 87 47 45,ce.0040404T@ac-aix-marseille.fr,,Manosque,43.83465895407159,5.7783498994390605,Giono
0040419J,Collège André Honnorat,Collège,Public,1 rue André Honnorat,4400,Barcelonnette,04 92 80 70 10,ce.0040003G@ac-aix-marseille.fr,,,44.38855909210432,6.652749646236224,Porte des Alpes
0040420K,Collège Paul Arène,Collège,Public,13 avenue du Stade,4203,Sisteron,04 92 61 02 99,ce.0040420K@ac-aix-marseille.fr,,,44.18160066306098,5.945989683114227,Bléone Durance
0040433Z,École primaire le Moulin,École,Public,quartier Tivoli,4000,Digne-les-Bains,04 92 31 55 61,ce.0040433Z@ac-aix-marseille.fr,,Digne les Bains,44.08295042649533,6.215313454643479,Bléone Durance
0040434A,École élémentaire Groupe Pasteur,École,Public,7 boulevard des Tilleuls,4190,Les Mées,04 92 34 15 34,ce.0040434A@ac-aix-marseille.fr,,Sisteron Sud,44.03053603948272,5.975659423017898,Bléone Durance
0040435B,École élémentaire publique J Ferry,École,Public,2 rue Jules Ferry,4310,Peyruis,04 92 68 01 54,ce.0040435B@ac-aix-marseille.fr,,Sisteron Sud,44.03003589430095,5.940900036479071,Bléone Durance
0040436C,École maternelle les Plantiers,École,Public,rue Paul Arène,4100,Manosque,04 92 87 47 33,ce.0040436C@ac-aix-marseille.fr,REP,Manosque,43.82248199789307,5.784036014967043,Giono
0040441H,École primaire la Cine (Clumanc),École,Public,la Cine,4330,Clumanc,04 92 34 27 19,ce.0040441H@ac-aix-marseille.fr,,Digne les Bains,44.02349474340562,6.383360283055147,Bléone Durance
0040461E,Collège le Sacré-Coeur,Collège,Privé,2 avenue des Thermes,4000,Digne-les-Bains,04 92 30 58 60,sacrecoeur.secretariat@wanadoo.fr,,,44.091021688738685,6.240939940620932,Bléone Durance
0040462F,Collège Saint-Charles,Collège,Privé,11 boulevard Casimir Pelloutier,4100,Manosque,04 92 70 76 50,schsecretariat@wanadoo.fr,,,43.83417993074087,5.781210059786995,Giono
0040473T,École élémentaire publique Leon Espariat,École,Public,avenue Marcel André,4300,Forcalquier,04 92 75 29 77,ce.0040473T@ac-aix-marseille.fr,,Sisteron Sud,43.96180273972149,5.778479606022385,Giono
0040488J,École primaire Saint Pierre,École,Public,le village,6260,Saint-Pierre,04 93 05 60 02,ce.0040488J@ac-aix-marseille.fr,,Digne les Bains,43.91380009894442,6.9232987313410135,Bléone Durance
0040489K,École élémentaire d'Entrevennes,École,Public,route des Aires,4700,Entrevennes,04 92 78 79 00,ce.0040489K@ac-aix-marseille.fr,,Sisteron Sud,43.93773208916285,6.025010163956646,Giono
0040490L,Lycée Pierre-Gilles de Gennes,Lycée,Public,2 route de Champtercier,4990,Digne-les-Bains,04 92 36 71 90,ce.0040490L@ac-aix-marseille.fr,,,44.073765764120616,6.181939481637232,Bléone Durance
0040492N,École primaire Limans,École,Public,place de Mai,4300,Limans,04 92 73 18 87,ce.0040492N@ac-aix-marseille.fr,,Sisteron Sud,43.985061415246186,5.73135990348872,Giono
0040496T,Institut Avenir Provence,Lycée,Privé Hors Contrat,456 boulevard St Joseph,4100,Manosque,04 92 87 46 10,iap.manosque@iap.asso.fr,,,43.823176667672776,5.796719601266608,Giono
0040497U,École primaire Curbans,École,Public,complexe communal,5110,Curbans,04 92 54 24 09,ce.0040497U@ac-aix-marseille.fr,,Sisteron,44.42751213853119,6.035760048244838,Porte des Alpes
0040524Y,Collège Pierre Girardot,Collège,Public,26 chemin Alexandre Dumas,4220,Sainte-Tulle,04 92 79 42 10,ce.0040524y@ac-aix-marseille.fr,,Digne les Bains,43.78432525295496,5.760770214707838,Giono
0040533H,Lycée polyvalent les Iscles,Lycée,Public,116 boulevard Régis Ryckebush,4100,Manosque,04 92 73 41 10,ce.0040533h@ac-aix-marseille.fr,,,43.82993816386269,5.797810545041844,Giono
0040535K,Collège André Ailhaud,Collège,Public,rue Pierre Mendès France,4130,Volx,04 92 77 18 13,ce.0040535K@ac-aix-marseille.fr,,Digne les Bains,43.86965407358692,5.83826989658575,Giono
0040544V,École Internationale Provence Alpes Cote d'Azur,École,Public,159 avenue du Docteur Bernard Foussier,4100,Manosque,04 92 74 23 11,ce.0040544V@ac-aix-marseille.fr,,Manosque,43.8283070175745,5.8034000295051325,Giono
0040550B,École privée Vicenta esthétique et coiffure,Lycée,Privé Hors Contrat,rue des Entrepreneurs,4100,Manosque,04 92 74 19 76,vicenta.formation@orange.fr,,,43.8209223322228,5.794210256711617,Giono
0040581K,École élémentaire privé Hors Contrat Communauté de la Réconciliation,École,Privé Hors Contrat,lieu-dit,4200,Valernes,04 92 62 11 33,moulin@gdv-cor.org,,Privé Hors Contrat,44.26226619871097,5.960521626379292,Bléone Durance
0040587S,École Internationale Provence-Alpes-Côte d'Azur,Lycée,Public,159 avenue du Docteur Bernard Foussier,4102,Manosque,04 92 74 23 11,ce.0040587S@ac-aix-marseille.fr,,,43.82838173622962,5.804171136978848,Giono
0040587S,Collège International PACA,Collège,Public,159 avenue du Docteur Bernard Foussier,4100,Manosque,04 92 74 23 11,ce.0040587S@ac-aix-marseille.fr,,,43.82838173622962,5.804171136978848,Giono
0050003B,Lycée polyvalent d'altitude - Suzanne Joulié Roos,Lycée,Public,2 rue Marius Chancel,5105,Briançon,04 92 21 30 84,ce.0050003B@ac-aix-marseille.fr,,,44.89972590324557,6.639239590096141,Écrins
0050004C,Lycée Honoré Romane,Lycée,Public,route de Caleyère,5202,Embrun,04 92 43 11 00,ce.0050004C@ac-aix-marseille.fr,,,44.56908507085061,6.496330032867039,Écrins
0050005D,Lycée professionnel Alpes et Durance,Lycée,Public,quartier de la Robeyère,5200,Embrun,04 92 43 13 04,ce.0050005D@ac-aix-marseille.fr,,,44.556359738923646,6.486350055952641,Écrins
0050006E,Lycée Dominique Villars,Lycée,Public,place de Verdun,5010,Gap,04 92 52 26 91,ce.0050006E@ac-aix-marseille.fr,,,44.56149108856591,6.075719422362607,Porte des Alpes
0050007F,Lycée Aristide Briand,Lycée,Public,20 avenue Commandant Dumont,5007,Gap,04 92 52 28 05,ce.0050007f@ac-aix-marseille.fr,,,44.56598844041185,6.0848594244141525,Porte des Alpes
0050008G,Lycée professionnel Paul Héraud,Lycée,Public,25 chemin de Bonne,5000,Gap,04 92 53 74 84,ce.0050008G@ac-aix-marseille.fr,,,44.56873032424877,6.080200003613495,Porte des Alpes
0050009H,Lycée professionnel Sévigné,Lycée,Public,6 rue Jean Macé,5003,Gap,04 92 56 56 10,ce.0050009H@ac-aix-marseille.fr,,,44.56157076354455,6.074088095997575,Porte des Alpes
0050010J,Collège Centre,Collège,Public,place de Verdun,5010,Gap,04 92 52 55 40,ce.0050010J@ac-aix-marseille.fr,,,44.56098044735989,6.074839737462087,Porte des Alpes
0050012L,Agricampus Hautes-Alpes,Lycée,Public,127 route de Valserres,5000,Gap,04 92 51 04 36,legta.gap@educagri.fr,,,44.54066308546264,6.091216108562817,Porte des Alpes
0050013M,Collège des Hautes Vallées,Collège,Public,310 chemin du Queyron,5600,Guillestre,04 92 45 06 07,ce.0050013M@ac-aix-marseille.fr,,,44.662056226008666,6.654170315748365,Écrins
0050019U,Collège Vivian Maïer,Collège,Public,quartier de l'Enclos,5500,Saint-Bonnet,04 92 50 01 23,ce.0050019U@ac-aix-marseille.fr,,,44.67987112257961,6.078969435323396,Porte des Alpes
0050022X,Collège François Mitterrand,Collège,Public,boulevard Stendhal,5400,Veynes,04 92 57 23 38,ce.0050022X@ac-aix-marseille.fr,,,44.534916677889306,5.819979923564859,Porte des Alpes
0050023Y,Collège les Écrins,Collège,Public,route de Caleyère,5202,Embrun,04 92 43 11 00,ce.0050023Y@ac-aix-marseille.fr,,,44.56817446479054,6.494978984097453,Écrins
0050025A,Collège Achille Mauzan,Collège,Public,35 avenue Commandant Dumont,5007,Gap,04 92 53 58 57,ce.0050025A@ac-aix-marseille.fr,,,44.56589179766684,6.082739444206575,Porte des Alpes
0050027C,Lycée professionnel Pierre Mendès-France,Lycée,Public,4 place des Aires,5400,Veynes,04 92 57 23 45,ce.0050027C@ac-aix-marseille.fr,,,44.534378887598834,5.821319496478766,Porte des Alpes
0050035L,Lycée Saint-Joseph,Lycée,Privé,2 rue des Pins,5010,Gap,04 92 53 84 44,ce.0050035l@ac-aix-marseille.fr,,,44.56478394961064,6.0776594534504085,Porte des Alpes
0050039R,Lycée professionnel Pierre et Louis Poutrain,Lycée,Privé,rue de l'Église,5260,Saint-Jean-Saint-Nicolas,04 92 55 92 28,direction@lyceepoutrain.fr,,,44.670742968021415,6.215729985563872,Porte des Alpes
0050043V,Collège climatique Vauban,Collège,Public,10 chemin de la Tour,5105,Briançon,04 92 20 20 12,ce.0050043V@ac-aix-marseille.fr,,,44.9008748862092,6.638860152899207,Écrins
0050052E,École primaire St Michel de Chaillol,École,Public,1 lieu-dit Chaillol,5260,Saint-Michel-de-Chaillol,04 92 50 16 32,ce.0050052E@ac-aix-marseille.fr,,Gap St.Bonnet,44.67089996232114,6.171414305945013,Porte des Alpes
0050053F,École maternelle les Marrons,École,Public,le bourg,5260,Saint-Michel-de-Chaillol,04 92 50 08 97,ce.0050053F@ac-aix-marseille.fr,,Gap St.Bonnet,44.67882140589808,6.171986745891297,Porte des Alpes
0050057K,École élémentaire publique St Veran,École,Public,route,5350,Saint-Véran,04 92 45 85 60,ce.0050057K@ac-aix-marseille.fr,,Briançon,44.70083390239714,6.868560481560471,Écrins
0050063S,École primaire Savournon,École,Public,le bourg,5700,Savournon,04 92 67 13 70,ce.0050063S@ac-aix-marseille.fr,,Veynes,44.42079600468059,5.793818012690197,Porte des Alpes
0050065U,École primaire Sigoyer,École,Public,4 place de l'Eglise,5130,Sigoyer,04 92 57 91 12,ce.0050065u@ac-aix-marseille.fr,,Veynes,44.47720122915692,5.97668973264142,Porte des Alpes
0050066V,École élémentaire Theus,École,Public,1 lieu-dit les Graves,5190,Théus,04 92 54 62 53,ce.0050066V@ac-aix-marseille.fr,,Veynes,44.47558628529075,6.189359606940698,Porte des Alpes
0050067W,École élémentaire Trescléoux,École,Public,1 rue Trescleoux,5700,Trescléoux,04 92 66 28 75,ce.0050067W@ac-aix-marseille.fr,,Veynes,44.35473961713436,5.708500475737514,Porte des Alpes
0050069Y,École primaire Upaix-Rourebeau,École,Public,le bourg,5300,Upaix,04 92 65 72 00,ce.0050069Y@ac-aix-marseille.fr,REP,Veynes,44.31291186509114,5.891166263305643,Porte des Alpes
0050070Z,École élémentaire Val des Prés,École,Public,le bourg,5100,Val-des-Prés,04 92 20 38 92,ce.0050070Z@ac-aix-marseille.fr,,Briançon,44.94963502737533,6.678359563597977,Écrins
0050072B,École élémentaire Vallouise,École,Public,Vallouise,5290,Vallouise-Pelvoux,04 92 23 35 36,ce.0050072B@ac-aix-marseille.fr,,Briançon,44.84574029027705,6.490008860089107,Écrins
0050075E,École élémentaire Valserres,École,Public,1 rue,5130,Valserres,04 92 54 30 12,ce.0050075E@ac-aix-marseille.fr,,Gap Embrun,44.486987881537765,6.125749997248389,Porte des Alpes
0050076F,École primaire de Vars,École,Public,5 rue Sagne Fourne,5560,Vars,04 92 46 57 57,ce.0050076F@ac-aix-marseille.fr,,Briançon,44.60221935031249,6.694392371793732,Écrins
0050078H,École élémentaire Ventavon,École,Public,le bourg,5300,Ventavon,04 92 66 40 53,ce.0050078H@ac-aix-marseille.fr,,Veynes,44.37075577074332,5.90573012060006,Porte des Alpes
0050082M,École primaire les Vigneaux,École,Public,le bourg,5120,Les Vigneaux,04 92 23 17 40,ce.0050082M@ac-aix-marseille.fr,,Briançon,44.823652681571446,6.541759552690865,Écrins
0050089V,École primaire Baratier - St Sauveur,École,Public,le bourg,5200,Baratier,04 92 43 50 27,ce.0050089V@ac-aix-marseille.fr,,Gap Embrun,44.53833985905244,6.4929991950495,Écrins
0050090W,École primaire la Bâtie Neuve,École,Public,le bourg,5230,La Bâtie-Neuve,04 92 50 29 76,ce.0050090W@ac-aix-marseille.fr,,Gap Embrun,44.5661429643745,6.194828085061157,Porte des Alpes
0050091X,École primaire Forville,École,Public,2 rue de Forville,5100,Briançon,04 92 21 04 30,ce.0050091X@ac-aix-marseille.fr,,Briançon,44.91206997276442,6.622569877314816,Écrins
0050092Y,École primaire Aubessagne,École,Public,92 avenue Principale,5800,Aubessagne,04 92 55 26 93,ce.0050092Y@ac-aix-marseille.fr,,Gap St.Bonnet,44.75540983193877,6.007387711701449,Porte des Alpes
0050093Z,École primaire Crots,École,Public,le bourg,5200,Crots,04 92 43 30 72,ce.0050093Z@ac-aix-marseille.fr,,Gap Embrun,44.53385473405107,6.468646921970471,Écrins
0050095B,École primaire le Claps,École,Public,le bourg,5190,Espinasses,04 92 54 51 28,ce.0050095B@ac-aix-marseille.fr,,Veynes,44.46748957448789,6.229607099887172,Porte des Alpes
0050096C,École primaire les Eyssagnières,École,Public,19 route des Eyssagnières,5000,Gap,04 92 52 04 30,ce.0050096C@ac-aix-marseille.fr,,Gap St.Bonnet,44.55320930593198,6.055399839569534,Porte des Alpes
0050097D,École primaire Monetier les Bains,École,Public,le bourg,5220,le Monêtier-les-Bains,04 92 24 51 31,ce.0050097D@ac-aix-marseille.fr,,Briançon,44.97625000077064,6.507829415873443,Écrins
0050099F,École primaire Remollon,École,Public,le bourg,5190,Remollon,04 92 54 60 01,ce.0050099F@ac-aix-marseille.fr,,Veynes,44.46773140350738,6.165000730716055,Porte des Alpes
0050101H,École primaire à Roche de Rame,École,Public,132 chemin des Gourgs,5310,La Roche-de-Rame,04 92 20 90 55,ce.0050101H@ac-aix-marseille.fr,,Briançon,44.75005493572485,6.58025001103237,Écrins
0050103K,École primaire Saint-Chaffrey,École,Public,route du Pont Lévis,5330,Saint-Chaffrey,04 92 24 04 99,ce.0050103K@ac-aix-marseille.fr,,Briançon,44.92429478857361,6.608739793498916,Écrins
0050104L,École primaire Saint-Firmin,École,Public,110 rue Pierre Mondon,5800,Saint-Firmin,04 92 55 21 85,ce.0050104L@ac-aix-marseille.fr,,Gap St.Bonnet,44.7814389394983,6.026043031012244,Porte des Alpes
0050105M,École primaire Pont du Fossé,École,Public,le bourg,5260,Saint-Jean-Saint-Nicolas,04 92 55 90 30,ce.0050105M@ac-aix-marseille.fr,,Gap St.Bonnet,44.66847938153804,6.231378579806075,Porte des Alpes
0050106N,École élémentaire St Julien en Champsaur,École,Public,1 place de l'École,5500,Saint-Julien-en-Champsaur,06 40 86 63 73,ce.0050106N@ac-aix-marseille.fr,,Gap St.Bonnet,44.65967110517154,6.1291195253189,Porte des Alpes
0050107P,École primaire la Salle les Alpes,École,Public,le bourg,5240,La Salle-les-Alpes,04 92 24 74 69,ce.0050107P@ac-aix-marseille.fr,,Briançon,44.94481809568818,6.572627806584507,Écrins
0050125J,École maternelle l'Église,École,Public,le bourg,5120,L'Argentière-la-Bessée,04 92 23 03 20,ce.0050125J@ac-aix-marseille.fr,,Briançon,44.78641314979423,6.550459064802583,Écrins
0050126K,École primaire de l'Izoard,École,Public,3824 route de l'Izoard,5350,Arvieux,04 92 46 79 80,ce.0050126K@ac-aix-marseille.fr,,Briançon,44.76872194190842,6.738138681108008,Écrins
0050127L,École élémentaire Briancon Saint-Blaise,École,Public,le bourg,5100,Briançon,04 92 21 06 85,ce.0050127L@ac-aix-marseille.fr,,Briançon,44.87667031415047,6.613071642176555,Écrins
0050128M,École primaire Châteauroux,École,Public,centre,5380,Châteauroux-les-Alpes,04 92 43 33 67,ce.0050128M@ac-aix-marseille.fr,,Gap Embrun,44.61241466297607,6.522442608327211,Écrins
0050129N,École primaire Eyglier la Gare,École,Public,le bourg,5600,Eygliers,07 64 78 44 87,ce.0050129N@ac-aix-marseille.fr,,Briançon,44.67920725266935,6.622049795596792,Écrins
0050130P,École primaire Henri Audibert Garde-Colombe,École,Public,1 quartier,5300,Garde-Colombe,04 92 66 28 19,ce.0050130P@ac-aix-marseille.fr,,Veynes,44.34639421313297,5.7708295048313945,Porte des Alpes
0050131R,École primaire les Barraques (la Fare en Champsaur),École,Public,le bourg,5500,La Fare-en-Champsaur,04 92 23 48 53,ce.0050131R@ac-aix-marseille.fr,,Gap St.Bonnet,44.67710806102711,6.06923676520919,Porte des Alpes
0050132S,École élémentaire la Freissinouse,École,Public,le bourg,5000,La Freissinouse,04 92 57 85 02,ce.0050132S@ac-aix-marseille.fr,,Gap St.Bonnet,44.53552456864315,6.010065326207649,Porte des Alpes
0050133T,École primaire Raymond Chappa,École,Public,les Fauvins,5000,Gap,04 92 51 18 61,ce.0050133T@ac-aix-marseille.fr,,Gap Embrun,44.56281191561366,6.115938453031851,Porte des Alpes
0050134U,École élémentaire de Fontreyne,École,Public,rue des Boutons d'Or,5000,Gap,04 92 51 01 97,ce.0050134U@ac-aix-marseille.fr,,Gap St.Bonnet,44.54734997853542,6.060270566141424,Porte des Alpes
0050135V,École primaire Beauregard,École,Public,48 route de Sainte Marguerite,5000,Gap,04 92 51 13 99,ce.0050135V@ac-aix-marseille.fr,,Gap St.Bonnet,44.547842768367445,6.075309483250793,Porte des Alpes
0050137X,École élémentaire le Simoust,École,Public,le bourg,5600,Guillestre,04 92 45 03 72,ce.0050137X@ac-aix-marseille.fr,,Briançon,44.66158947761562,6.650566373056763,Écrins
0050139Z,École primaire Monêtier Allemont,École,Public,le bourg,5110,Monêtier-Allemont,04 92 66 42 01,ce.0050139Z@ac-aix-marseille.fr,,Veynes,44.38632712966732,5.9437104977934085,Porte des Alpes
0050140A,École primaire Montgenèvre Marius Faure,École,Public,rue des Ecoles,5100,Montgenèvre,04 92 21 92 03,ce.0050140A@ac-aix-marseille.fr,,Briançon,44.93205133940406,6.723899904050918,Écrins
0050141B,École primaire le Brezounet,École,Public,le bourg,5600,Risoul,04 92 45 14 82,ce.0050141B@ac-aix-marseille.fr,,Briançon,44.648322960360886,6.636770032751238,Écrins
0050142C,École primaire la Roche des Arnauds,École,Public,le bourg,5400,La Roche-des-Arnauds,04 92 21 33 18,ce.0050142C@ac-aix-marseille.fr,,Gap St.Bonnet,44.5631366595352,5.955387193441246,Porte des Alpes
0050144E,École primaire Romette,École,Public,rue du Mesnil,5000,Gap,04 92 51 51 53,ce.0050144E@ac-aix-marseille.fr,,Gap Embrun,44.582089373569104,6.106090164194612,Porte des Alpes
0050145F,École primaire St Bonnet en Champsaur,École,Public,5 rue de l'Enclos,5500,Saint-Bonnet-en-Champsaur,04 92 50 01 13,ce.0050145F@ac-aix-marseille.fr,,Gap St.Bonnet,44.68075739969384,6.077489892737797,Porte des Alpes
0050147H,École primaire Frédéric Chopin,École,Public,le bourg,5600,Saint-Crépin,04 92 45 22 82,ce.0050147H@ac-aix-marseille.fr,,Briançon,44.70676069927256,6.6071505395287415,Écrins
0050148J,École primaire Serres,École,Public,rue des Lilas,5700,Serres,09 66 88 04 84,ce.0050148J@ac-aix-marseille.fr,,Veynes,44.42811924670285,5.712769853475155,Porte des Alpes
0050150L,École maternelle Plan d'Ergue,École,Public,le bourg,5120,L'Argentière-la-Bessée,04 92 23 13 95,ce.0050150L@ac-aix-marseille.fr,,Briançon,44.79820933168609,6.556951123420961,Écrins
0050151M,École maternelle Sainte-Catherine,École,Public,le bourg,5100,Briançon,04 92 21 17 98,ce.0050151M@ac-aix-marseille.fr,,Briançon,44.89562005281128,6.635290814243679,Écrins
0050152N,École maternelle les Artaillauds,École,Public,chemin Vieux,5100,Briançon,04 92 21 08 67,ce.0050152N@ac-aix-marseille.fr,,Briançon,44.89833065842438,6.641109526013611,Écrins
0050158V,École maternelle Fontreyne,École,Public,rue des Boutons d'Or,5000,Gap,04 92 51 01 97,ce.0050158V@ac-aix-marseille.fr,,Gap St.Bonnet,44.5469426518528,6.060859487982519,Porte des Alpes
0050159W,École maternelle Guillestre des Cascatelles,École,Public,le bourg,5600,Guillestre,04 92 45 16 12,ce.0050159W@ac-aix-marseille.fr,,Briançon,44.66108947688884,6.649359591621295,Écrins
0050164B,École élémentaire Paul Cézanne,École,Public,1 place du Foyer,5200,Embrun,04 92 43 15 03,ce.0050164B@ac-aix-marseille.fr,,Gap Embrun,44.56628124583273,6.49591675371933,Écrins
0050166D,École primaire la Pépinière,École,Public,boulevard Pierre Et Marie Curie,5000,Gap,04 92 51 23 07,ce.0050166D@ac-aix-marseille.fr,,Gap Embrun,44.56168811230727,6.084737728118758,Porte des Alpes
0050169G,École primaire Pasteur,École,Public,2 bis bd Bellevue,5000,Gap,04 92 51 25 62,ce.0050169G@ac-aix-marseille.fr,,Gap St.Bonnet,44.55960918286558,6.07820383479624,Porte des Alpes
0050171J,École primaire Émilie Carles,École,Public,16 rue des Ecoles,5400,Veynes,04 92 58 98 80,ce.0050171J@ac-aix-marseille.fr,,Veynes,44.53497672611423,5.822916069385439,Porte des Alpes
0050174M,École primaire Pasteur,École,Public,1 boulevard Pasteur,5200,Embrun,04 92 43 19 45,ce.0050174M@ac-aix-marseille.fr,,Gap Embrun,44.5660108824582,6.496970184844004,Écrins
0050176P,École primaire Porte-Colombe,École,Public,2 avenue Jean Jaurès,5000,Gap,04 92 51 39 62,ce.0050176P@ac-aix-marseille.fr,,Gap St.Bonnet,44.55612302042247,6.075830042630033,Porte des Alpes
0050177R,École primaire la Gare,École,Public,7 rue de Bonne,5000,Gap,04 92 51 22 35,ce.0050177R@ac-aix-marseille.fr,,Gap Embrun,44.56351963185201,6.082869436773261,Porte des Alpes
0050205W,École primaire Molines en Queyras,École,Public,265 rue du Serre,5350,Molines-en-Queyras,04 92 45 85 42,ce.0050205W@ac-aix-marseille.fr,,Briançon,44.7306503235053,6.8431556910783,Écrins
0050211C,École primaire la Plaine,École,Public,village,5230,Montgardin,04 92 50 90 07,ce.0050211C@ac-aix-marseille.fr,,Gap Embrun,44.55005707844518,6.239639556584412,Porte des Alpes
0050215G,École primaire Montmaur,École,Public,le bourg,5400,Montmaur,04 92 57 24 79,ce.0050215G@ac-aix-marseille.fr,,Veynes,44.570711952365215,5.873689870409835,Porte des Alpes
0050220M,École primaire Neffes,École,Public,centre,5000,Neffes,04 92 57 17 17,ce.0050220M@ac-aix-marseille.fr,,Veynes,44.50425146643352,6.022057021974739,Porte des Alpes
0050222P,École primaire Névache,École,Public,le bourg,5100,Névache,04 92 20 10 61,ce.0050222P@ac-aix-marseille.fr,,Briançon,45.01894432858592,6.604750328191968,Écrins
0050225T,École primaire Orcières,École,Public,centre,5170,Orcières,04 92 46 15 28,ce.0050225T@ac-aix-marseille.fr,,Gap St.Bonnet,44.68328888116623,6.324541205341413,Porte des Alpes
0050229X,École élémentaire Orpierre,École,Public,120 route des Princes d'Orange,5700,Orpierre,04 88 03 87 41,ce.0050229X@ac-aix-marseille.fr,,Veynes,44.31344070702451,5.693401811739175,Porte des Alpes
0050231Z,École primaire le Mélezet,École,Public,centre,5200,Les Orres,04 92 44 02 16,ce.0050231Z@ac-aix-marseille.fr,,Gap Embrun,44.51409645309242,6.5510405954959054,Écrins
0050233B,École primaire Pelleautier,École,Public,centre,5000,Pelleautier,04 92 57 86 15,ce.0050233B@ac-aix-marseille.fr,,Gap St.Bonnet,44.51637868301271,6.018387302476672,Porte des Alpes
0050234C,École maternelle Pelvoux,École,Public,quartier Saint Antoine,5340,Vallouise-Pelvoux,04 92 23 42 31,ce.0050234C@ac-aix-marseille.fr,,Briançon,44.86883770438887,6.487510347795894,Écrins
0050238G,École primaire Poligny,École,Public,le bourg,5500,Poligny,04 92 50 56 21,ce.0050238G@ac-aix-marseille.fr,,Gap St.Bonnet,44.69171925194296,6.047453840591134,Porte des Alpes
0050244N,École primaire le Pinet,École,Public,le bourg,5100,Puy-Saint-Pierre,04 92 21 19 34,ce.0050244N@ac-aix-marseille.fr,,Briançon,44.89332049875382,6.61794808921461,Écrins
0050245P,École primaire Puy St Vincent,École,Public,village,5290,Puy-Saint-Vincent,04 92 23 33 13,ce.0050245P@ac-aix-marseille.fr,,Briançon,44.83204597340684,6.484433717771887,Écrins
0050247S,École primaire Rambaud,École,Public,1 village,5000,Rambaud,04 92 51 41 23,ce.0050247S@ac-aix-marseille.fr,,Gap Embrun,44.54464945537705,6.131900198172967,Porte des Alpes
0050252X,École primaire St Laurent du Cros,École,Public,19 chemin Mille Club,5500,Saint-Laurent-du-Cros,04 92 50 47 05,ce.0050252X@ac-aix-marseille.fr,,Gap St.Bonnet,44.643605868433504,6.1139918589374265,Porte des Alpes
0050256B,École primaire les Prés Verts,École,Public,les Meyriés,5120,Saint-Martin-de-Queyrières,04 92 21 34 76,ce.0050256B@ac-aix-marseille.fr,,Briançon,44.84112748410445,6.58540947714454,Écrins
0050262H,École primaire Ribeyret,École,Public,1,5150,Ribeyret,04 92 66 02 73,ce.0050262H@ac-aix-marseille.fr,,Veynes,44.41368246411672,5.554092925224124,Porte des Alpes
0050265L,École élémentaire Rochebrune,École,Public,le bourg,5190,Rochebrune,04 92 54 42 62,ce.0050265L@ac-aix-marseille.fr,,Veynes,44.45567193427043,6.177854903695718,Porte des Alpes
0050274W,École primaire St André Embrun,École,Public,19 traverse Louise Michel,5200,Saint-André-d'Embrun,04 92 21 46 35,ce.0050274W@ac-aix-marseille.fr,,Gap Embrun,44.58648755914915,6.534038425744332,Écrins
0050287K,École élémentaire St Étienne en Dévoluy,École,Public,23 impasse de l'Eglise,5250,Dévoluy,04 92 58 82 10,ce.0050287K@ac-aix-marseille.fr,,Veynes,44.69278639254899,5.941783160095232,Porte des Alpes
0050303C,École primaire Abries,École,Public,chemin de Malrif,5460,Abriès-Ristolas,04 92 46 76 74,ce.0050303C@ac-aix-marseille.fr,,Briançon,44.79416105045246,6.924909564840541,Écrins
0050304D,École primaire Agnières en Dévoluy,École,Public,le bourg,5250,Dévoluy,04 92 58 86 23,ce.0050304D@ac-aix-marseille.fr,,Veynes,44.69384609322112,5.881379677701482,Porte des Alpes
0050307G,École primaire Félix Tonda,École,Public,50 impasse du Château,5470,Aiguilles,04 92 46 76 22,ce.0050307G@ac-aix-marseille.fr,,Briançon,44.781945904935,6.869560559133045,Écrins
0050319V,École primaire Barret sur Méouge,École,Public,le bourg,5300,Barret-sur-Méouge,04 92 65 20 28,ce.0050319V@ac-aix-marseille.fr,REP,Veynes,44.262126049120845,5.732599376370367,Porte des Alpes
0050322Y,École élémentaire la Bâtie Vieille,École,Public,le bourg,5000,La Bâtie-Vieille,04 92 48 54 51,ce.0050322Y@ac-aix-marseille.fr,,Gap Embrun,44.55374139822711,6.162436040243276,Porte des Alpes
0050335M,École primaire Ceillac,École,Public,le bourg,5600,Ceillac,04 92 45 17 11,ce.0050335M@ac-aix-marseille.fr,,Briançon,44.66636747944664,6.777434285290649,Écrins
0050339S,École primaire Jean-Yves Dusserre,École,Public,1 route des Ecrins,5260,Chabottes,04 92 50 42 97,ce.0050339S@ac-aix-marseille.fr,,Gap St.Bonnet,44.6437677083847,6.170519369422548,Porte des Alpes
0050342V,École primaire publique Champcella,École,Public,1,5310,Champcella,04 92 20 93 47,ce.0050342V@ac-aix-marseille.fr,,Briançon,44.72378593355516,6.571940330215118,Écrins
0050345Y,École primaire Val Buëch-Méouge Châteauneuf de Chabre,École,Public,le bourg,5300,Val Buëch-Méouge,04 92 65 09 40,ce.0050345Y@ac-aix-marseille.fr,REP,Veynes,44.23084865397652,5.854893056601735,Porte des Alpes
0050364U,École élémentaire l'Epine,École,Public,le bourg,5700,L'Epine,04 92 66 01 84,ce.0050364U@ac-aix-marseille.fr,,Veynes,44.41692190708025,5.615236749566125,Porte des Alpes
0050370A,École primaire la Faurie,École,Public,le bourg,5140,La Faurie,04 92 57 28 03,ce.0050370A@ac-aix-marseille.fr,,Veynes,44.56671561790545,5.738770176316661,Porte des Alpes
0050375F,École élémentaire Freissinières,École,Public,le bourg,5310,Freissinières,04 92 20 95 65,ce.0050375F@ac-aix-marseille.fr,,Briançon,44.7543832351915,6.537521481812084,Écrins
0050379K,École primaire Charance,École,Public,8 chemin du Clos de Charance,5000,Gap,04 92 51 03 17,ce.0050379K@ac-aix-marseille.fr,,Gap St.Bonnet,44.56981311889504,6.057060298893344,Porte des Alpes
0050381M,École primaire Lareton,École,Public,les Emeyeres,5000,Gap,04 92 52 35 17,ce.0050381M@ac-aix-marseille.fr,,Gap Embrun,44.54597840309285,6.085618896108727,Porte des Alpes
0050386T,École primaire la Tourronde,École,Public,la Basse Tourronde,5000,Gap,04 92 52 09 41,ce.0050386T@ac-aix-marseille.fr,,Gap St.Bonnet,44.51310816091607,6.056348876995432,Porte des Alpes
0050397E,École primaire Jarjayes,École,Public,village,5130,Jarjayes,04 92 54 35 01,ce.0050397E@ac-aix-marseille.fr,,Veynes,44.50400495040618,6.110629601810974,Porte des Alpes
0050399G,École primaire Lardier et Valenca,École,Public,village,5110,Lardier-et-Valença,04 92 54 29 17,ce.0050399G@ac-aix-marseille.fr,,Veynes,44.43251413412687,5.982455420492143,Porte des Alpes
0050409T,Collège les Giraudes,Collège,Public,rue des Écoles,5120,L'Argentière-la-Bessée,04 92 23 10 34,ce.0050409T@ac-aix-marseille.fr,,,44.793827501956464,6.5611896701809975,Écrins
0050410U,École primaire Ancelle,École,Public,le bourg,5260,Ancelle,04 92 50 87 99,ce.0050410U@ac-aix-marseille.fr,,Gap St.Bonnet,44.62338189953801,6.205125059545777,Porte des Alpes
0050411V,École élémentaire Joseph Chabas,École,Public,rue Joseph Chabas,5100,Briançon,04 92 21 34 25,ce.0050411V@ac-aix-marseille.fr,,Briançon,44.89591566646448,6.634079980661087,Écrins
0050412W,École primaire Oronce Fine,École,Public,rue Pasteur,5100,Briançon,04 92 21 21 87,ce.0050412W@ac-aix-marseille.fr,,Briançon,44.890032582136136,6.634446887813448,Écrins
0050414Y,École primaire le Poet,École,Public,le bourg,5300,le Poët,04 92 65 71 27,ce.0050414Y@ac-aix-marseille.fr,REP,Veynes,44.29071350461899,5.897821657731305,Porte des Alpes
0050415Z,École primaire Val Buëch-Méouge Ribiers,École,Public,quartier des Aires,5300,Val Buëch-Méouge,04 92 62 23 09,ce.0050415Z@ac-aix-marseille.fr,,Veynes,44.2309846452751,5.85478966215646,Porte des Alpes
0050416A,École primaire Rosans,École,Public,le bourg,5150,Rosans,04 92 66 63 27,ce.0050416A@ac-aix-marseille.fr,,Veynes,44.39276993550858,5.471604990576291,Porte des Alpes
0050419D,École maternelle le Rochasson,École,Public,quartier du Rochasson,5000,Gap,04 92 51 09 25,ce.0050419D@ac-aix-marseille.fr,,Gap Embrun,44.567823420612825,6.082189638841484,Porte des Alpes
0050450M,École élémentaire l'Argentière la Bessée,École,Public,rue des Ecoles,5120,L'Argentière-la-Bessée,04 92 23 16 53,ce.0050450M@ac-aix-marseille.fr,,Briançon,44.79336274128316,6.561629776871644,Écrins
0050452P,Collège les Hauts de Plaine,Collège,Public,avenue du Collège,5300,Laragne-Montéglin,04 92 65 00 74,ce.0050452P@ac-aix-marseille.fr,REP,,44.31978588176735,5.821639755386144,Porte des Alpes
0050453R,École primaire privée Sainte Agnes,École,Privé,2 avenue de Provence,5130,Tallard,04 92 54 00 74,ce.0050453R@ac-aix-marseille.fr,,Gap St.Bonnet,44.46122274732548,6.05423012489553,Porte des Alpes
0050454S,École primaire privée Carlhian Rippert,École,Privé,29 chemin Vieux,5100,Briançon,04 92 21 02 56,ce.0050454S@ac-aix-marseille.fr,,Gap St.Bonnet,44.89763624806032,6.640049980322665,Écrins
0050457V,École primaire privée Sainte Jeanne d'Arc,École,Privé,5 rue David Martin,5000,Gap,04 92 51 22 64,Direction@ecole-stjeannedarc.fr,,Gap St.Bonnet,44.55911959959723,6.076860329895937,Porte des Alpes
0050458W,École primaire privée Saint Coeur,École,Privé,1 place Ladoucette,5000,Gap,04 92 51 20 24,ecolesaintcoeur.gap@free.fr,,Gap St.Bonnet,44.56102582374877,6.082419408784127,Porte des Alpes
0050459X,École primaire la Saulce,École,Public,le bourg,5110,La Saulce,04 92 54 23 46,ce.0050459X@ac-aix-marseille.fr,,Veynes,44.424587225424965,6.003985440125512,Porte des Alpes
0050460Y,École primaire Tallard,École,Public,1 rue de Ségrier,5130,Tallard,04 92 54 10 71,ce.0050460Y@ac-aix-marseille.fr,,Veynes,44.46433792586191,6.051727802829723,Porte des Alpes
0050461Z,École primaire Villar St Pancrace,École,Public,le bourg,5100,Villar-Saint-Pancrace,04 92 21 19 28,ce.0050461Z@ac-aix-marseille.fr,,Briançon,44.874760976549744,6.628222631546044,Écrins
0050467F,École primaire Puymaure,École,Public,16 rue Jean Macé,5000,Gap,04 92 51 46 33,ce.0050467F@ac-aix-marseille.fr,,Gap St.Bonnet,44.5608401866522,6.072629388690247,Porte des Alpes
0050468G,École primaire Laragne,École,Public,3 rue des Ecoles,5300,Laragne-Montéglin,04 92 65 12 55,ce.0050468G@ac-aix-marseille.fr,REP,Veynes,44.31595323023381,5.8220297697927865,Porte des Alpes
0050480V,Collège Fontreyne,Collège,Public,6 chemin de Graffinel,5000,Gap,04 92 51 29 64,ce.0050480V@ac-aix-marseille.fr,,,44.53904841153986,6.061104063275448,Porte des Alpes
0050481W,École primaire Chorges,École,Public,le bourg,5230,Chorges,04 92 50 61 07,ce.0050481W@ac-aix-marseille.fr,,Gap Embrun,44.54406162266089,6.277453175071844,Porte des Alpes
0050483Y,École primaire Pont de Cervières,École,Public,2 rue Alfred Mondet,5100,Briançon,04 92 20 38 05,ce.0050483Y@ac-aix-marseille.fr,,Briançon,44.887349061170205,6.627211154909208,Écrins
0050493J,École élémentaire Mi-Chaussée,École,Public,avenue de la République,5100,Briançon,04 92 21 16 75,ce.0050493J@ac-aix-marseille.fr,,Briançon,44.89750498104528,6.63839042753122,Écrins
0050519M,Collège les Garcins,Collège,Public,allée Albert Bourges,5100,Briançon,04 92 21 29 26,ce.0050519M@ac-aix-marseille.fr,,,44.88830358095816,6.636850303011386,Écrins
0050520N,Collège Alexandre Corréard,Collège,Public,chemin du Château,5700,Serres,04 92 67 01 10,ce.0050520N@ac-aix-marseille.fr,,,44.42730423609833,5.710239501924068,Porte des Alpes
0050521P,École primaire Bellevue,École,Public,route de Molines,5000,Gap,04 92 51 24 77,ce.0050521P@ac-aix-marseille.fr,,Gap Embrun,44.56140168414019,6.094649541890122,Porte des Alpes
0050533C,École maternelle la Soldanelle,École,Public,1 rue Alexandre Didier,5200,Embrun,04 92 43 11 29,ce.0050533C@ac-aix-marseille.fr,,Gap Embrun,44.565704386685255,6.497229759906675,Écrins
0050536F,École primaire le Stade,École,Public,rue du Stade,5000,Gap,04 92 51 18 20,ce.0050536F@ac-aix-marseille.fr,,Gap St.Bonnet,44.54777849243243,6.070369939883916,Porte des Alpes
0050540K,École primaire Anselme Gras,École,Public,rue des Sagnières,5000,Gap,04 92 51 37 76,ce.0050540K@ac-aix-marseille.fr,,Gap St.Bonnet,44.55015979096396,6.066539668005628,Porte des Alpes
0050562J,Collège Saint-Joseph,Collège,Privé,2 rue des Pins,5000,Gap,04 92 53 84 44,,,,44.565045429791496,6.077619527015007,Porte des Alpes
0050569S,École primaire Aspres sur Buëch,École,Public,le bourg,5140,Aspres-sur-Buëch,04 92 58 64 83,ce.0050569S@ac-aix-marseille.fr,,Veynes,44.521695377097714,5.753155970190315,Porte des Alpes
0050574X,École primaire St Étienne le Laus,École,Public,299 rue du Puy Maurel,5130,Saint-Etienne-le-Laus,04 92 54 32 92,ce.0050574X@ac-aix-marseille.fr,,Gap Embrun,44.50165705342863,6.162767696290483,Porte des Alpes
0050579C,École primaire Savines le Lac,École,Public,avenue de la Combe d'Or,5160,Savines-le-Lac,06 20 65 13 78,ce.0050579C@ac-aix-marseille.fr,,Gap Embrun,44.52635693394924,6.40337738799447,Écrins
0050591R,École primaire Puy St Eusèbe,École,Public,le bourg,5200,Puy-Saint-Eusèbe,04 92 43 32 45,ce.0050591R@ac-aix-marseille.fr,,Gap Embrun,44.5688364866846,6.402312495268135,Écrins
0050592S,École élémentaire privée Eourres,École,Privé,le bourg,5300,Eourres,04 92 65 24 81,ce.0050592S@ac-aix-marseille.fr,,Gap St.Bonnet,44.21336114617578,5.698620014448358,Porte des Alpes
0050593T,École primaire les Rousses,École,Public,34 montée du Praux,5160,Réallon,04 92 23 39 76,ce.0050593T@ac-aix-marseille.fr,,Gap Embrun,44.57799815074942,6.377117490749315,Écrins
0050595V,École maternelle les Alberts,École,Public,le bourg,5100,Montgenèvre,04 92 20 21 11,ce.0050595V@ac-aix-marseille.fr,,Briançon,44.93178220804469,6.722866892711454,Écrins
0050602C,École élémentaire Paul-Émile Victor,École,Public,20 avenue de Bure,5000,Gap,04 92 51 02 09,ce.0050602C@ac-aix-marseille.fr,,Gap Embrun,44.569526833617,6.085520486683493,Porte des Alpes
0050603D,École maternelle Paul-Émile Victor,École,Public,quartier Forest d'Entrais,5000,Gap,04 92 51 50 99,ce.0050603D@ac-aix-marseille.fr,,Gap Embrun,44.56961473615492,6.088949619671172,Porte des Alpes
0050634M,École primaire privée la Calandreta,École,Privé,87 hameau de Saint-Jean,5000,Gap,04 92 24 97 62,ce.0050634M@ac-aix-marseille.fr,,Gap St.Bonnet,44.52797505242241,6.035520093811034,Porte des Alpes
0050638S,Collège Marie Marvingt,Collège,Public,15 avenue de Provence,5130,Tallard,04 92 54 56 50,ce.0050638s@ac-aix-marseille.fr,,,44.455154610092045,6.047359397952519,Porte des Alpes
0050639T,Collège Simone Veil,Collège,Public,500 avenue François Mitterrand,5230,La Bâtie-Neuve,04 92 40 24 90,ce.0050639t@ac-aix-marseille.fr,,,44.56437478411504,6.201219695930808,Porte des Alpes
0050650E,École primaire publique Reotier - St Clement sur Durance,École,Public,1160 route de Réotier,5600,Saint-Clément-sur-Durance,04 92 45 17 38,ce.0050650E@ac-aix-marseille.fr,,Briançon,44.64861318474756,6.578088523152855,Écrins
0050653H,École primaire privée Sainte Famille,École,Privé Hors Contrat,6 rue Gallois de Fougières,5000,Gap,,ecole.sainte.famille.gap@gmail.com,,Privé Hors Contrat,44.56164447808332,6.083010192873126,Porte des Alpes
0050662T,Groupe Scolaire la Meije,École,Public,lieu-dit Arsine,5480,Villar-d'Arêne,,ce.0050662T@ac-aix-marseille.fr,,Briançon,45.03297717804013,6.362283842473332,Écrins
0130001F,Lycée polyvalent Émile Zola,Lycée,Public,avenue Arc de Meyran,13181,Aix-en-Provence,04 42 93 87 00,ce.0130001F@ac-aix-marseille.fr,,,43.51129104740204,5.460386927113972,Sainte Victoire
0130002G,Lycée Paul Cézanne,Lycée,Public,avenue Jean Et Marcel Fontenaille,13100,Aix-en-Provence,04 42 17 14 00,ce.0130002g@ac-aix-marseille.fr,,,43.53414586153277,5.459793503829646,Sainte Victoire
0130003H,Lycée polyvalent Vauvenargues,Lycée,Public,60 boulevard Carnot,13100,Aix-en-Provence,04 42 17 40 40,ce.0130003H@ac-aix-marseille.fr,,,43.52866808228108,5.454919557343631,Sainte Victoire
0130006L,Lycée professionnel Gambetta,Lycée,Public,100 bis cours Gambetta,13100,Aix-en-Provence,04 42 93 28 28,ce.0130006L@ac-aix-marseille.fr,,,43.520020956239904,5.45838956959889,Sainte Victoire
0130007M,Collège Muriel Hurtis (Anciennement Jas de Bouffan),Collège,Public,2 avenue Saint-John Perse,13090,Aix-en-Provence,04 42 52 28 00,ce.0130007M@ac-aix-marseille.fr,REP,Aix - ASH Est,43.52563799847461,5.420919924379433,Sainte Victoire
0130010R,Lycée polyvalent Montmajour,Lycée,Public,chemin des Moines,13637,Arles,04 90 96 80 50,ce.0130010r@ac-aix-marseille.fr,,,43.6967512399414,4.639038274587247,Camargue
0130011S,Lycée Louis Pasquet,Lycée,Public,54 boulevard Marcellin Berthelot,13200,Arles,04 90 18 35 15,ce.0130011S@ac-aix-marseille.fr,,,43.67237813477012,4.629030578519468,Camargue
0130013U,Lycée professionnel Gustave Eiffel,Lycée,Public,5 avenue Manouchian,13682,Aubagne,04 42 03 14 44,ce.0130013U@ac-aix-marseille.fr,,,43.28725007804286,5.549138786733128,Le Garlaban
0130022D,Collège Alice Guy (Anciennement Virebelle),Collège,Public,chemin du Puits Brunet,13600,La Ciotat,04 42 08 52 96,ce.0130022D@ac-aix-marseille.fr,,Marseille - ASH,43.18540816196633,5.600375883420007,Le Garlaban
0130025G,Lycée polyvalent Marie-Madeleine Fourcade - Site Jules Ferry,Lycée,Public,14 rue Jules Ferry,13541,Gardanne,04 42 12 64 30,ce.0130025G@ac-aix-marseille.fr,,,43.4552108287321,5.4794830047665455,Sainte Victoire
0130028K,Collège Denis Moustier,Collège,Public,avenue de l'Ancienne Gare,13850,Gréasque,04 42 58 80 14,ce.0130028K@ac-aix-marseille.fr,,Marseille - ASH,43.431952034364826,5.542384898121028,Sainte Victoire
0130032P,Collège Collines Durance,Collège,Public,place Raoul Coustet,13370,Mallemort,04 90 59 70 80,ce.0130032P@ac-aix-marseille.fr,,Arles - ASH Ouest,43.72981023034274,5.177872479344052,Salon
0130033R,Lycée professionnel Louis Blériot,Lycée,Public,8 boulevard de la Libération,13700,Marignane,04 42 09 30 50,ce.0130033R@ac-aix-marseille.fr,,,43.41927194953661,5.217360107443776,La Nerthe
0130036U,Lycée Périer,Lycée,Public,270 rue Paradis,13295,Marseille,04 91 13 39 00,ce.0130036U@ac-aix-marseille.fr,,,43.28114529853373,5.381830598806038,Marseille Calanques
0130037V,Lycée Marcel Pagnol,Lycée,Public,128 boulevard de Saint-Loup,13395,Marseille,04 91 87 64 00,ce.0130037V@ac-aix-marseille.fr,,,43.28325946239639,5.433640545674273,Marseille Huveaune
0130038W,Lycée Marseilleveyre,Lycée,Public,83 traverse Parangon,13285,Marseille,04 91 17 67 00,ce.0130038W@ac-aix-marseille.fr,,,43.239019445532605,5.377757025133949,Marseille Calanques
0130039X,Lycée Saint-Charles,Lycée,Public,5 rue Guy Fabre,13232,Marseille,04 91 08 20 50,ce.0130039X@ac-aix-marseille.fr,,,43.305892052603895,5.392089487859632,Marseille Vieux Port
0130040Y,Lycée Thiers,Lycée,Public,5 place du Lycée,13232,Marseille,04 91 18 92 18,ce.0130040Y@ac-aix-marseille.fr,,,43.29703398643188,5.382617576191552,Marseille Vieux Port
0130042A,Lycée Montgrand,Lycée,Public,13 rue Montgrand,13291,Marseille,04 96 11 25 30,ce.0130042A@ac-aix-marseille.fr,,,43.291572692885865,5.378339745555982,Marseille Vieux Port
0130043B,Lycée Victor Hugo,Lycée,Public,3 boulevard Gustave Desplaces,13003,Marseille,04 91 11 05 00,ce.0130043B@ac-aix-marseille.fr,,,43.30495718760559,5.380052774087543,Marseille Vieux Port
0130048G,Lycée Saint-Exupéry,Lycée,Public,529 chemin de la Madrague Ville,13326,Marseille,04 91 09 69 00,ce.0130048G@ac-aix-marseille.fr,,,43.34660530479218,5.35472053976269,Marseille Madrague
0130049H,Lycée régional César Baldaccini (Anciennement Lycée du Rempart),Lycée,Public,1 rue du Rempart,13007,Marseille,04 91 14 32 80,ce.0130049H@ac-aix-marseille.fr,,,43.28895261589586,5.365189974271439,Marseille Vieux Port
0130050J,Lycée polyvalent Denis Diderot,Lycée,Public,23 boulevard Laveran,13388,Marseille,04 91 10 07 00,ce.0130050J@ac-aix-marseille.fr,,,43.32545465620047,5.414180374228703,Marseille Étoile
0130051K,Lycée technologique régional Marie Curie,Lycée,Public,16 boulevard Jeanne d'Arc,13392,Marseille,04 91 36 52 10,ce.0130051K@ac-aix-marseille.fr,,,43.29373990341497,5.400600554641929,Marseille Collines
0130053M,Lycée polyvalent Jean Perrin,Lycée,Public,74 rue Verdillon,13395,Marseille,04 91 74 29 30,ce.0130053M@ac-aix-marseille.fr,,,43.27459669959619,5.426499462063741,Marseille Huveaune
0130054N,Lycée professionnel Germaine Poinso-Chapuis,Lycée,Public,49 traverse Parangon,13272,Marseille,04 91 16 77 00,ce.0130054N@ac-aix-marseille.fr,,,43.24201991878422,5.381019647319131,Marseille Calanques
0130055P,Lycée professionnel le Chatelier,Lycée,Public,108 avenue Roger Salengro,13003,Marseille,04 95 04 55 00,ce.0130055P@ac-aix-marseille.fr,,,43.313959071324106,5.371030255772379,Marseille Madrague
0130056R,Lycée professionnel la Floride,Lycée,Public,54 boulevard Gay Lussac,13014,Marseille,04 95 05 35 35,ce.0130056R@ac-aix-marseille.fr,,,43.3373460810989,5.375055448427796,Marseille Madrague
0130057S,Lycée professionnel René Caillié,Lycée,Public,173 boulevard de Saint-Loup,13011,Marseille,04 91 18 10 06,ce.0130057S@ac-aix-marseille.fr,,,43.28583110779726,5.438931849150504,Marseille Huveaune
0130058T,Lycée professionnel et technologique régional l'Estaque,Lycée,Public,310 rue Rabelais,13016,Marseille,04 95 06 90 70,ce.0130058T@ac-aix-marseille.fr,,,43.36280361296551,5.325675413884278,Marseille Madrague
0130059U,Lycée professionnel Blaise Pascal,Lycée,Public,49 traverse Capron,13012,Marseille,04 91 18 03 40,ce.0130059U@ac-aix-marseille.fr,,,43.31305264909755,5.420539604366283,Marseille Collines
0130062X,Lycée professionnel Frédéric Mistral,Lycée,Public,46 boulevard Sainte-Anne,13417,Marseille,04 91 29 12 00,ce.0130062X@ac-aix-marseille.fr,,,43.2586229529331,5.392339912750116,Marseille Calanques
0130063Y,Lycée professionnel Leau,Lycée,Public,63 boulevard Leau,13008,Marseille,04 91 16 37 10,ce.0130063Y@ac-aix-marseille.fr,,,43.254172921932245,5.38520996117575,Marseille Calanques
0130064Z,Lycée professionnel Jean-Baptiste Brochier,Lycée,Public,9 boulevard Mireille Lauze,13010,Marseille,04 91 17 88 30,ce.0130064Z@ac-aix-marseille.fr,,,43.28224043877359,5.403780471427762,Marseille Huveaune
0130065A,Lycée professionnel la Viste,Lycée,Public,30 traverse Bonnet,13015,Marseille,04 91 65 90 40,ce.0130065A@ac-aix-marseille.fr,,,43.35904471588193,5.355484414834365,Marseille Madrague
0130068D,Lycée professionnel Camille Jullian,Lycée,Public,50 boulevard de la Barasse,13011,Marseille,04 91 88 83 00,ce.0130068D@ac-aix-marseille.fr,,,43.286101465311226,5.477369266624509,Marseille Huveaune
0130071G,Lycée professionnel Colbert,Lycée,Public,13 rue Capitaine Dessemond,13284,Marseille,04 91 31 04 52,ce.0130071G@ac-aix-marseille.fr,,,43.28821901581595,5.357329570155207,Marseille Vieux Port
0130072H,Lycée professionnel Ampère,Lycée,Public,56 boulevard Romain Rolland,13010,Marseille,04 91 29 84 00,ce.0130072H@ac-aix-marseille.fr,,,43.2794385834048,5.423170376037871,Marseille Huveaune
0130079R,Collège Chape,Collège,Public,9 rue Chape,13004,Marseille,04 91 42 21 26,ce.0130079R@ac-aix-marseille.fr,,Marseille - ASH,43.29948966367911,5.389929945404755,Marseille Vieux Port
0130084W,Collège Grande Bastide,Collège,Public,18 chemin Joseph Aiguier,13009,Marseille,04 91 74 06 26,ce.0130084W@ac-aix-marseille.fr,,Marseille - ASH,43.256046271765534,5.405230541237647,Marseille Calanques
0130093F,Collège Ariane Ascaride (Anciennement Fraissinet),Collège,Public,6 allée Fraissinet,13005,Marseille,04 91 48 15 13,ce.0130093F@ac-aix-marseille.fr,,Marseille - ASH,43.29168204451866,5.39920521376462,Marseille Collines
0130108X,SEGPA du Collège Muriel Hurtis ex Jas de Bouffan,Collège,Public,2 avenue St John Perse,13090,Aix-en-Provence,04 42 52 28 00,ce.0130108X@ac-aix-marseille.fr,,Aix - ASH Est,43.52608177013096,5.421000483102824,Sainte Victoire
0130110Z,Collège Jean Malrieu,Collège,Public,51 rue François Arago,13005,Marseille,04 96 12 11 20,ce.0130110Z@ac-aix-marseille.fr,,Marseille - ASH,43.290267620524666,5.391557143737321,Marseille Vieux Port
0130136C,Collège Vieux Port,Collège,Public,2 rue des Martegales,13002,Marseille,04 96 11 68 70,ce.0130136C@ac-aix-marseille.fr,REP+,Marseille - ASH,43.29650515548216,5.365599591293657,Marseille Vieux Port
0130139F,Collège Coin Joli Sévigné,Collège,Public,2 rue Aviateur Lebrix,13009,Marseille,04 91 17 41 21,ce.0130139F@ac-aix-marseille.fr,,Marseille - ASH,43.26400504217281,5.404199144946175,Marseille Calanques
0130143K,Lycée polyvalent Paul Langevin,Lycée,Public,131 avenue Dr Fleming,13691,Martigues,04 42 80 08 75,ce.0130143K@ac-aix-marseille.fr,,,43.42184514877187,5.058986962453127,Cote Bleue
0130146N,Lycée professionnel les Alpilles,Lycée,Public,rue des Lauriers,13140,Miramas,04 90 58 02 95,ce.0130146N@ac-aix-marseille.fr,,,43.597969954273616,5.00200023888562,La Crau
0130150T,Lycée professionnel Jean Moulin,Lycée,Public,1 boulevard Marcel Cachin,13110,Port-de-Bouc,04 42 06 24 03,ce.0130150T@ac-aix-marseille.fr,,,43.40738385557458,4.992751025465276,Cote Bleue
0130151U,Lycée professionnel Charles Mongrand,Lycée,Public,10 boulevard Cristofol,13110,Port-de-Bouc,04 42 35 04 70,ce.0130151U@ac-aix-marseille.fr,,,43.408591813717,4.980129434356958,Cote Bleue
0130156Z,Collège Louis Aragon,Collège,Public,334 avenue Elsa Triolet,13360,Roquevaire,04 42 32 99 90,ce.0130156Z@ac-aix-marseille.fr,,Aix - ASH Est,43.34529888597566,5.599720345975191,Le Garlaban
0130157A,Lycée professionnel les Ferrages,Lycée,Public,boulevard Joliot-Curie,13250,Saint-Chamas,04 90 50 70 36,ce.0130157A@ac-aix-marseille.fr,,,43.54751272510955,5.037420365119602,La Crau
0130158B,Collège René Seyssaud,Collège,Public,boulevard Joliot-Curie,13250,Saint-Chamas,04 90 50 92 09,ce.0130158B@ac-aix-marseille.fr,,Arles - ASH Ouest,43.54718948814524,5.038289904104065,La Crau
0130160D,Lycée de l'Empéri,Lycée,Public,21 montée du Puech,13657,Salon-de-Provence,04 90 44 79 00,ce.0130160D@ac-aix-marseille.fr,,,43.63845394285048,5.097699508167004,Salon
0130161E,Lycée polyvalent Adam de Craponne,Lycée,Public,218 rue Château Redon,13651,Salon-de-Provence,04 90 56 24 68,ce.0130161E@ac-aix-marseille.fr,,,43.63515769102387,5.097609896283148,Salon
0130163G,Collège Joseph d'Arbaud,Collège,Public,95 impasse de Lurian,13300,Salon-de-Provence,04 90 53 16 43,ce.0130163G@ac-aix-marseille.fr,,Marseille - ASH,43.625400426206376,5.105299609237648,Salon
0130164H,Lycée Alphonse Daudet,Lycée,Public,1 boulevard Jules Ferry,13150,Tarascon,04 90 91 18 23,ce.0130164H@ac-aix-marseille.fr,,,43.80099082193401,4.663829736461084,Camargue
0130166K,Collège les Hauts de l'Arc,Collège,Public,rue Marius Jatteaux,13530,Trets,04 42 29 40 80,ce.0130166K@ac-aix-marseille.fr,,Aix - ASH Est,43.44654479123081,5.6903997049390265,Sainte Victoire
0130171R,Lycée professionnel Charles Privat,Lycée,Public,10 rue Lucien Guintoli,13632,Arles,04 90 49 60 44,ce.0130171R@ac-aix-marseille.fr,,,43.67008560492237,4.626520380489881,Camargue
0130172S,SEP Leonard de Vinci,Lycée,Public,8 rue du Rempart,13007,Marseille  7e  Arrondissement,04 91 14 01 40,ce.0130172S@ac-aix-marseille.fr,,,43.28869075639178,5.365229744613455,Marseille Vieux Port
0130175V,Lycée Honoré Daumier,Lycée,Public,46 avenue Clot Bey,13008,Marseille,04 91 76 01 20,ce.0130175V@ac-aix-marseille.fr,,,43.26115753776659,5.387322425357512,Marseille Calanques
0130248Z,École élémentaire d'application Alphonse Daudet,École,Public,chemin du Four,13100,Aix-en-Provence,04 42 23 06 60,ce.0130248Z@ac-aix-marseille.fr,,Aix - Touloubre,43.53560531940024,5.463430605992638,Sainte Victoire
0130249A,École primaire des Platanes,École,Public,rue de l'Ecole,13100,Aix-en-Provence,04 42 23 06 12,ce.0130249A@ac-aix-marseille.fr,,Aix - Touloubre,43.55536865094045,5.460090164500057,Sainte Victoire
0130250B,École primaire du Pont de l'Arc,École,Public,route des Milles,13090,Aix-en-Provence,04 13 91 29 46,ce.0130250B@ac-aix-marseille.fr,,Aix - Ste Victoire,43.50884346594827,5.438550324367799,Sainte Victoire
0130252D,École élémentaire Jules Isaac,École,Public,37 avenue Jules Isaac,13100,Aix-en-Provence,04 88 71 74 61,ce.0130252D@ac-aix-marseille.fr,,Aix - Touloubre,43.54168121596095,5.452909455482859,Sainte Victoire
0130253E,École élémentaire Sallier,École,Public,3 rue Sallier,13100,Aix-en-Provence,04 42 38 30 74,ce.0130253E@ac-aix-marseille.fr,,Aix - Ste Victoire,43.5246061267732,5.453030133733947,Sainte Victoire
0130254F,École élémentaire la Torse,École,Public,avenue des Ecoles Militaires,13100,Aix-en-Provence,04 65 48 87 17,ce.0130254F@ac-aix-marseille.fr,,Aix - Ste Victoire,43.5239848362335,5.46617951625741,Sainte Victoire
0130255G,École élémentaire Val Saint André,École,Public,75 avenue Edmond Michelet,13100,Aix-en-Provence,04 42 26 46 80,ce.0130255G@ac-aix-marseille.fr,,Aix - Ste Victoire,43.5198140255129,5.466870043657412,Sainte Victoire
0130262P,École élémentaire Jean Jaurès 2,École,Public,rue des Nations,13100,Aix-en-Provence,04 42 23 32 43,ce.0130262P@ac-aix-marseille.fr,,Aix - Touloubre,43.53341943430368,5.444259541003738,Sainte Victoire
0130263R,École élémentaire Jules Ferry,École,Public,15 rue Jules Ferry,13100,Aix-en-Provence,04 42 26 28 29,ce.0130263R@ac-aix-marseille.fr,,Aix - Ste Victoire,43.521780853017546,5.450029726373397,Sainte Victoire
0130265T,École élémentaire Marie Mauron,École,Public,"4 rue Frédéric Mistral, les Milles",13290,Aix-en-Provence,04 65 48 87 02,ce.0130265T@ac-aix-marseille.fr,,Aix - Vallée de l'Arc,43.5025568780313,5.390933790111734,Sainte Victoire
0130271Z,École élémentaire d'application Sextius,École,Public,34 cours Sextius,13100,Aix-en-Provence,04 42 26 20 21,ce.0130271Z@ac-aix-marseille.fr,,Aix - Touloubre,43.52876972253755,5.4434393734029,Sainte Victoire
0130275D,École élémentaire Coutheron Fontrousse,École,Public,Coutheron Fontrousse,13100,Aix-en-Provence,04 42 92 13 51,ce.0130275D@ac-aix-marseille.fr,,Aix - Touloubre,43.59946480101227,5.446316811513252,Sainte Victoire
0130278G,École maternelle d'application Annexe Grassi-Aix-en-Provence,École,Public,rue des Nations,13100,Aix-en-Provence,04 42 23 19 22,ce.0130278G@ac-aix-marseille.fr,,Aix - Touloubre,43.533293397483945,5.444140349626045,Sainte Victoire
0130280J,École maternelle la Beauvalle,École,Public,avenue Pierre Brossolette,13090,Aix-en-Provence,04 42 26 38 98,ce.0130280J@ac-aix-marseille.fr,,Aix - Ste Victoire,43.52267145464862,5.442749477671132,Sainte Victoire
0130281K,École maternelle Lauves,École,Public,46 avenue Paul Cézanne,13100,Aix-en-Provence,04 42 23 28 44,ce.0130281K@ac-aix-marseille.fr,,Aix - Touloubre,43.54145018890251,5.445916767985574,Sainte Victoire
0130282L,École maternelle Mistral Corsy,École,Public,impasse du chemin de Fer,13090,Aix-en-Provence,04 42 64 46 81,ce.0130282L@ac-aix-marseille.fr,,Aix - Touloubre,43.530419102260126,5.430079885501741,Sainte Victoire
0130284N,École maternelle Campra,École,Public,13 rue des Menudières,13100,Aix-en-Provence,04 42 23 50 76,ce.0130284N@ac-aix-marseille.fr,,Aix - Touloubre,43.532396500654,5.4476295323160935,Sainte Victoire
0130286R,École maternelle Alphonse Daudet,École,Public,avenue de Beauregard Pinette,13100,Aix-en-Provence,04 42 23 50 11,ce.0130286R@ac-aix-marseille.fr,,Aix - Touloubre,43.53798695860697,5.469260530974078,Sainte Victoire
0130287S,École maternelle Roi René,École,Public,boulevard du Roi René,13100,Aix-en-Provence,04 42 21 43 63,ce.0130287S@ac-aix-marseille.fr,,Aix - Ste Victoire,43.52406880471396,5.45235030892672,Sainte Victoire
0130288T,École maternelle d'application Jules Isaac,École,Public,35 avenue Jules Isaac,13100,Aix-en-Provence,04 42 23 28 33,ce.0130288T@ac-aix-marseille.fr,,Aix - Touloubre,43.54146868020999,5.453630461744568,Sainte Victoire
0130289U,École maternelle Sextius,École,Public,34 cours Sextius,13100,Aix-en-Provence,04 42 27 57 45,ce.0130289U@ac-aix-marseille.fr,,Aix - Touloubre,43.52879242508281,5.44355044600843,Sainte Victoire
0130290V,École maternelle Val Saint André,École,Public,180 rue Edmond Michelet,13100,Aix-en-Provence,04 42 27 90 77,ce.0130290V@ac-aix-marseille.fr,,Aix - Ste Victoire,43.5191344272653,5.466790143478028,Sainte Victoire
0130291W,École primaire Val Fleuri,École,Public,rue des Oliviers Enco de Botte,13190,Allauch,04 91 68 70 09,ce.0130291W@ac-aix-marseille.fr,,Allauch Plan-de-Cuques Château Gombert,43.32101186745745,5.4713195643323145,Marseille Étoile
0130292X,École élémentaire Centre,École,Public,4 rue Léon Jouve,13190,Allauch,04 86 67 46 91,ce.0130292X@ac-aix-marseille.fr,,Allauch Plan-de-Cuques Château Gombert,43.33439202372225,5.485049544266128,Marseille Étoile
0130293Y,École élémentaire Logis Neuf,École,Public,avenue Lei Rima,13190,Allauch,04 86 67 46 95,ce.0130293Y@ac-aix-marseille.fr,,Allauch Plan-de-Cuques Château Gombert,43.356925104370646,5.487299620081885,Marseille Étoile
0130294Z,École élémentaire Pie d'Autry,École,Public,Pie d'Autry,13190,Allauch,04 86 67 46 85,ce.0130294Z@ac-aix-marseille.fr,,Allauch Plan-de-Cuques Château Gombert,43.34083805892155,5.478540383559033,Marseille Étoile
0130295A,École élémentaire la Pounche,École,Public,chemin de Milon,13190,Allauch,04 86 67 46 75,ce.0130295A@ac-aix-marseille.fr,,Allauch Plan-de-Cuques Château Gombert,43.33534495189235,5.46744984343142,Marseille Étoile
0130301G,École élémentaire Victor Hugo,École,Public,cours Victor Hugo,13980,Alleins,04 90 57 38 13,ce.0130301G@ac-aix-marseille.fr,,Peyrolles,43.70296808243664,5.160340552200369,Salon
0130303J,École élémentaire Alyscamps,École,Public,1 rue Felix Gras,13200,Arles,04 90 96 89 27,ce.0130303J@ac-aix-marseille.fr,REP+,Arles-Camargue,43.67062728171789,4.638700291113539,Camargue
0130304K,École élémentaire Émile Loubet,École,Public,1 rue de la Paix,13200,Arles,04 90 96 89 30,ce.0130304K@ac-aix-marseille.fr,,Arles-Camargue,43.67429869207299,4.627169428251621,Camargue
0130306M,École primaire Marinette Carletti,École,Public,Mas Thibert,13104,Arles,04 90 98 71 61,ce.0130306M@ac-aix-marseille.fr,REP,Arles-Camargue,43.55749132426776,4.728039764698948,Camargue
0130307N,École élémentaire Montplaisir,École,Public,1 rue Irene Joliot Curie,13200,Arles,04 90 96 89 37,ce.0130307N@ac-aix-marseille.fr,,Arles-Camargue,43.68501069523983,4.638970294879089,Camargue
0130308P,École primaire Moules,École,Public,Raphele les Arles,13280,Arles,04 90 98 44 41,ce.0130308P@ac-aix-marseille.fr,,Arles-Camargue,43.65610729964635,4.740099117813481,Camargue
0130309R,École élémentaire Mouleyres,École,Public,9 rue de la Révolution,13200,Arles,04 90 96 89 49,ce.0130309R@ac-aix-marseille.fr,REP,Arles-Camargue,43.67536463268042,4.64038947428549,Camargue
0130310S,École élémentaire Cyprien Pilliol,École,Public,route de la Coste-Basse,13200,Arles,04 90 93 97 31,ce.0130310S@ac-aix-marseille.fr,,Arles-Camargue,43.66283447338517,4.651829307683896,Camargue
0130311T,École élémentaire Alphonse Daudet,École,Public,rue Fernand Léger,13280,Arles,04 90 98 40 95,ce.0130311T@ac-aix-marseille.fr,,Arles-Camargue,43.64738165134093,4.717630117462833,Camargue
0130313V,École élémentaire Salin de Giraud,École,Public,hameau de Salin de Giraud,13129,Arles,04 42 86 80 79,ce.0130313V@ac-aix-marseille.fr,REP,Arles-Camargue,43.4135226186084,4.730680536889192,Camargue
0130314W,École primaire Sambuc,École,Public,hameau du Sambuc,13200,Arles,04 90 98 90 34,ce.0130314W@ac-aix-marseille.fr,,Arles-Camargue,43.52363199841579,4.709400166735016,Camargue
0130315X,École élémentaire André Benoit,École,Public,3 bis rue André Benoit,13200,Arles,04 90 96 88 94,ce.0130315X@ac-aix-marseille.fr,,Arles-Camargue,43.67935968052075,4.6206998339567855,Camargue
0130317Z,École élémentaire Amédée Pichot,École,Public,1 rue du Petit Puits,13200,Arles,04 90 93 97 29,ce.0130317Z@ac-aix-marseille.fr,,Arles-Camargue,43.680533687730936,4.631690562669576,Camargue
0130319B,École élémentaire Marie Curie,École,Public,16 rue Laurent Bonnemant,13200,Arles,04 90 93 97 02,ce.0130319B@ac-aix-marseille.fr,REP+,Arles-Camargue,43.67699885634706,4.6227001786518285,Camargue
0130321D,École élémentaire Marie Mauron,École,Public,4 rue Pierre Puget,13200,Arles,04 90 96 89 38,ce.0130321D@ac-aix-marseille.fr,REP,Arles-Camargue,43.68668915122775,4.639870353280576,Camargue
0130323F,École élémentaire Jules Vallès,École,Public,rue du Docteur Schweitzer,13200,Arles,04 90 93 97 33,ce.0130323F@ac-aix-marseille.fr,REP,Arles-Camargue,43.67604134624647,4.64284050117741,Camargue
0130329M,École primaire Albaron,École,Public,hameau Albaron,13200,Arles,04 90 97 10 35,ce.0130329m@ac-aix-marseille.fr,,Arles-Camargue,43.61210400470975,4.474950444424912,Camargue
0130332R,École primaire Gageron,École,Public,hameau Gageron,13200,Arles,04 90 97 00 26,ce.0130332R@ac-aix-marseille.fr,,Arles-Camargue,43.60973561181812,4.606990066579246,Camargue
0130333S,École primaire Gimeaux,École,Public,hameau de Gimeaux,13200,Arles,04 90 49 37 73,ce.0130333S@ac-aix-marseille.fr,,Arles-Camargue,43.66480124420335,4.575690617906016,Camargue
0130337W,École maternelle Alyscamps,École,Public,1 rue Jean Blanc,13200,Arles,04 90 93 96 94,ce.0130337W@ac-aix-marseille.fr,REP+,Arles-Camargue,43.6703604181,4.639089423162091,Camargue
0130338X,École maternelle du Cloître,École,Public,30 rue du Cloître,13200,Arles,04 90 49 37 36,ce.0130338X@ac-aix-marseille.fr,,Arles-Camargue,43.676087486896094,4.628399466391524,Camargue
0130339Y,École maternelle Jeanne Geraud,École,Public,rue Honoré de BalZAC,13200,Arles,04 90 96 88 95,ce.0130339Y@ac-aix-marseille.fr,,Arles-Camargue,43.68018660217648,4.632149434430992,Camargue
0130340Z,École maternelle Pauline Kergomard,École,Public,rue Valentin Jaume,13200,Arles,04 90 93 97 17,ce.0130340Z@ac-aix-marseille.fr,REP,Arles-Camargue,43.68680861965821,4.638870418707119,Camargue
0130341A,École maternelle la Roquette,École,Public,place Saint Césaire,13200,Arles,04 90 93 97 32,ce.0130341A@ac-aix-marseille.fr,REP+,Arles-Camargue,43.67566145366756,4.62263998683581,Camargue
0130342B,École maternelle Salin de Giraud,École,Public,Salin de Giraud,13129,Arles,04 42 86 82 08,ce.0130342B@ac-aix-marseille.fr,REP,Arles-Camargue,43.41334870982383,4.731989921331047,Camargue
0130343C,École maternelle Anaïs Gibert,École,Public,6 rue Georges Guynemer,13200,Arles,04 90 93 97 14,ce.0130343C@ac-aix-marseille.fr,,Arles-Camargue,43.68139108963432,4.623469429078551,Camargue
0130344D,École élémentaire Antide Boyer,École,Public,avenue Antide Boyer,13400,Aubagne,04 42 18 16 63,ce.0130344D@ac-aix-marseille.fr,,Aubagne,43.29467885618389,5.566139993201704,Le Garlaban
0130345E,École élémentaire Beaudinard,École,Public,hameau de Beaudinard,13400,Aubagne,04 42 82 13 56,ce.0130345E@ac-aix-marseille.fr,,Aubagne,43.31562844669556,5.588069655672037,Le Garlaban
0130346F,École élémentaire Camp Major,École,Public,boulevard Maggy Barbaroux,13400,Aubagne,04 42 03 04 04,ce.0130346F@ac-aix-marseille.fr,,Aubagne,43.28495334859471,5.5458501351363,Le Garlaban
0130349J,École primaire Jean Mermoz 1,École,Public,rue Jean Mermoz,13400,Aubagne,04 42 70 05 74,ce.0130349J@ac-aix-marseille.fr,,Aubagne,43.28657212683785,5.575450617479842,Le Garlaban
0130350K,École élémentaire la Pérussonne,École,Public,avenue des Aubépines,13400,Aubagne,04 42 03 17 64,ce.0130350K@ac-aix-marseille.fr,,Aubagne,43.28108982402963,5.540600487178732,Le Garlaban
0130351L,École élémentaire Pin Vert,École,Public,route de Roquevaire,13400,Aubagne,04 42 03 44 14,ce.0130351L@ac-aix-marseille.fr,,Aubagne,43.301021182088135,5.572019551942261,Le Garlaban
0130355R,École élémentaire Chaulan,École,Public,rue Chaulan,13400,Aubagne,04 42 18 17 43,ce.0130355R@ac-aix-marseille.fr,,Aubagne,43.29098187556583,5.572030082433191,Le Garlaban
0130356S,École élémentaire Jean Mermoz 2,École,Public,rue Jean Mermoz,13400,Aubagne,04 42 82 10 06,ce.0130356S@ac-aix-marseille.fr,,Aubagne,43.28642621532611,5.575870380547695,Le Garlaban
0130359V,École maternelle Antide Boyer,École,Public,allée Antide Boyer,13400,Aubagne,04 42 18 16 66,ce.0130359V@ac-aix-marseille.fr,,Aubagne,43.29479801248835,5.56639050370389,Le Garlaban
0130360W,École maternelle Gaimard,École,Public,rue Lieutenant Flandi,13400,Aubagne,04 42 18 17 90,ce.0130360W@ac-aix-marseille.fr,,Aubagne,43.29193846462108,5.573170589298346,Le Garlaban
0130361X,École maternelle Pin Vert,École,Public,route de Roquevaire,13400,Aubagne,04 42 03 19 27,ce.0130361X@ac-aix-marseille.fr,,Aubagne,43.3005826607124,5.571990129304937,Le Garlaban
0130362Y,École élémentaire publique Aureille,École,Public,le bourg,13930,Aureille,04 90 59 97 13,ce.0130362Y@ac-aix-marseille.fr,,Saint Martin de Crau,43.70718670021871,4.947109782386702,Salon
0130363Z,École élémentaire Jean Rostand,École,Public,rue de la République,13390,Auriol,04 42 04 70 97,ce.0130363Z@ac-aix-marseille.fr,,Trets,43.36831325871354,5.632780032425408,Le Garlaban
0130365B,École primaire Jules Ferry,École,Public,hameau de Moulin de Redon,13390,Auriol,04 42 04 75 12,ce.0130365B@ac-aix-marseille.fr,,Trets,43.38081662424595,5.68197966932837,Le Garlaban
0130366C,École maternelle Jean Rostand,École,Public,rue des Ecoles,13390,Auriol,04 42 04 77 60,ce.0130366C@ac-aix-marseille.fr,,Trets,43.368110143476855,5.633100170501944,Le Garlaban
0130367D,École primaire Aurons,École,Public,avenue Gaston Cabrier,13121,Aurons,04 90 55 62 20,ce.0130367D@ac-aix-marseille.fr,,Salon de Provence,43.664907892020906,5.155440118108873,Salon
0130368E,École primaire Palamede de Forbin,École,Public,la Barben,13330,La Barben,04 90 55 20 71,ce.0130368E@ac-aix-marseille.fr,,Salon de Provence,43.63059733433043,5.17690997779556,Salon
0130372J,École primaire Beaurecueil,École,Public,avenue Louis Sylvestre,13100,Beaurecueil,04 42 66 86 50,ce.0130372J@ac-aix-marseille.fr,,Aix - Ste Victoire,43.51067980250198,5.544999505115961,Sainte Victoire
0130373K,École primaire Eliane d'Amore,École,Public,avenue Roux,13720,Belcodène,04 42 70 66 03,ce.0130373K@ac-aix-marseille.fr,,Aix - Ste Victoire,43.42600793113207,5.587260435410685,Sainte Victoire
0130374L,École primaire Émile Zola,École,Public,avenue de Sylvanes,13130,Berre-l'Etang,04 42 85 38 44,ce.0130374L@ac-aix-marseille.fr,REP,Miramas,43.487682154024576,5.160509410989014,La Nerthe
0130376N,École élémentaire Frédéric Mistral,École,Public,1 boulevard Frederic Mistral,13130,Berre-l'Etang,04 42 78 34 85,ce.0130376N@ac-aix-marseille.fr,REP,Miramas,43.474272918350536,5.169779866464738,La Nerthe
0130379S,École maternelle Irène Joliot-Curie,École,Public,quartier Cabrianne,13130,Berre-l'Etang,04 42 85 09 76,ce.0130379S@ac-aix-marseille.fr,REP,Miramas,43.48187966402465,5.176080238060797,La Nerthe
0130380T,École maternelle Paul Langevin,École,Public,avenue Fernand Léger,13130,Berre-l'Etang,04 42 85 39 45,ce.0130380T@ac-aix-marseille.fr,REP,Miramas,43.48847007270047,5.172920411764878,La Nerthe
0130382V,École élémentaire Centre,École,Public,route de Gardanne,13320,Bouc-Bel-Air,04 42 22 11 04,ce.0130382V@ac-aix-marseille.fr,,Gardanne,43.452886473122106,5.4180402122760025,Sainte Victoire
0130383W,École élémentaire Virginie Dedieu,École,Public,chemin de la Tranhumance,13320,Bouc-Bel-Air,04 42 22 08 93,ce.0130383W@ac-aix-marseille.fr,,Gardanne,43.43915943667877,5.409629440620441,Sainte Victoire
0130387A,École élémentaire Paul Éluard,École,Public,22 avenue de la Gare,13720,La Bouilladisse,04 42 62 98 40,ce.0130387A@ac-aix-marseille.fr,,Aubagne,43.3941292263063,5.600590232318846,Le Garlaban
0130388B,École élémentaire des Saules,École,Public,2 chemin des Saules,13150,Boulbon,04 90 43 99 36,ce.0130388B@ac-aix-marseille.fr,,Saint Rémy de Provence,43.86080343145093,4.694300277886046,Camargue
0130390D,École élémentaire Cabannes,École,Public,place des Ecoles,13440,Cabannes,04 90 90 40 44,ce.0130390D@ac-aix-marseille.fr,,Saint Rémy de Provence,43.861277203953215,4.9518599273128086,Luberon
0130392F,École élémentaire Auguste Benoit,École,Public,rue Saint Pierre,13480,Cabriès,04 42 22 23 91,ce.0130392F@ac-aix-marseille.fr,,Gardanne,43.44073148259904,5.380579499535997,Sainte Victoire
0130394H,École élémentaire la Trébillane-René Cassin,École,Public,hameau de Calas,13480,Cabriès,04 42 69 02 10,ce.0130394H@ac-aix-marseille.fr,,Gardanne,43.46081860578083,5.356690574041734,Sainte Victoire
0130396K,École élémentaire Jean Moulin,École,Public,place des Ecoles Et de la Laïcité,13950,Cadolive,04 42 04 66 66,ce.0130396K@ac-aix-marseille.fr,,Trets,43.39633404169733,5.5456281591865,Sainte Victoire
0130399N,École élémentaire Simone Thoulouze,École,Public,chemin des Diligences Jas Neuf,13620,Carry-le-Rouet,04 42 44 70 98,ce.0130399N@ac-aix-marseille.fr,,Châteauneuf,43.33651147644944,5.155650503908076,Cote Bleue
0130401R,École élémentaire Leriche Mistral,École,Public,1 allée Albert Coulin,13260,Cassis,04 42 18 35 62,ce.0130401R@ac-aix-marseille.fr,,La Ciotat,43.21662347133865,5.540049877305236,Le Garlaban
0130402S,École maternelle Cap Canaille,École,Public,allée Albert Coulin,13260,Cassis,04 42 01 73 80,ce.0130402S@ac-aix-marseille.fr,,La Ciotat,43.21629344711578,5.540229777485892,Le Garlaban
0130403T,École élémentaire Albert Blanc,École,Public,place Albert Blanc,13600,Ceyreste,04 42 83 00 38,ce.0130403T@ac-aix-marseille.fr,,La Ciotat,43.21454023478303,5.632539419827615,Le Garlaban
0130405V,École primaire Chante Pie,École,Public,route Nationale,13350,Charleval,04 42 28 41 32,ce.0130405V@ac-aix-marseille.fr,,Peyrolles,43.72010028578393,5.247250032865644,Salon
0130408Y,École élémentaire Sainte-Victoire,École,Public,allée Arsène Sari,13790,Châteauneuf-le-Rouge,04 42 58 53 81,ce.0130408Y@ac-aix-marseille.fr,,Trets,43.48828431897682,5.565669665593009,Sainte Victoire
0130409Z,École élémentaire Jean Jaurès,École,Public,place Jean Jaurès,13220,Châteauneuf-les-Martigues,04 42 79 87 84,ce.0130409Z@ac-aix-marseille.fr,,Châteauneuf,43.3821713268424,5.166269778999916,Cote Bleue
0130410A,École élémentaire René Perrin,École,Public,avenue Emile Cotte,13220,Châteauneuf-les-Martigues,04 42 81 29 57,ce.0130410A@ac-aix-marseille.fr,,Châteauneuf,43.39593094792811,5.117459295668622,Cote Bleue
0130411B,École élémentaire publique Roger Salengro,École,Public,5 rue de Patafloux,13220,Châteauneuf-les-Martigues,04 42 79 87 01,ce.0130411B@ac-aix-marseille.fr,,Châteauneuf,43.38500835653305,5.161029865084251,Cote Bleue
0130413D,École maternelle Pierre Brossolette,École,Public,11 rue Brossolette,13220,Châteauneuf-les-Martigues,04 42 79 88 40,ce.0130413D@ac-aix-marseille.fr,,Châteauneuf,43.38453102329918,5.164380572396087,Cote Bleue
0130414E,École primaire la Crau,École,Public,3180 route de la Crau,13160,Châteaurenard,04 90 90 01 91,ce.0130414E@ac-aix-marseille.fr,,Saint Rémy de Provence,43.86861897865668,4.83584058949574,Avignon
0130415F,École élémentaire Pic Chabaud,École,Public,avenue du Docteur Perrier,13160,Châteaurenard,04 90 24 35 26,ce.0130415F@ac-aix-marseille.fr,,Saint Rémy de Provence,43.88047270822483,4.854299532836501,Avignon
0130417H,École élémentaire Gabriel Péri,École,Public,rue Gabriel Péri,13160,Châteaurenard,04 90 26 80 62,ce.0130417H@ac-aix-marseille.fr,,Saint Rémy de Provence,43.88357105517859,4.849740414353069,Avignon
0130418J,École maternelle la Pavillone,École,Public,58 avenue de Lattre de Tassigny,13160,Châteaurenard,04 90 26 81 79,ce.0130418J@ac-aix-marseille.fr,,Saint Rémy de Provence,43.88166841284606,4.850039699845002,Avignon
0130419K,École élémentaire Rosy Sanna,École,Public,hameau de l'Abeille,13600,La Ciotat,04 42 83 16 70,ce.0130419K@ac-aix-marseille.fr,,La Ciotat,43.19500685260222,5.617699689869888,Le Garlaban
0130420L,École élémentaire la Garde,École,Public,281 avenue du Mugel,13600,La Ciotat,04 42 08 48 25,ce.0130420L@ac-aix-marseille.fr,,La Ciotat,43.16780244880802,5.602712604493025,Le Garlaban
0130421M,École élémentaire Maltemps,École,Public,avenue Legrand,13600,La Ciotat,04 42 08 47 26,ce.0130421M@ac-aix-marseille.fr,,La Ciotat,43.17769593979275,5.603711729654494,Le Garlaban
0130423P,École primaire Saint Jean,École,Public,hameau de Saint Jean,13600,La Ciotat,04 42 83 10 68,ce.0130423P@ac-aix-marseille.fr,,La Ciotat,43.18893233958138,5.630669909888976,Le Garlaban
0130427U,École élémentaire Louis Marin,École,Public,place Louis Marin,13600,La Ciotat,04 42 08 53 81,ce.0130427U@ac-aix-marseille.fr,,La Ciotat,43.17667472726116,5.609510460981225,Le Garlaban
0130429W,École maternelle Rosy Sanna,École,Public,avenue Albert Ritt,13600,La Ciotat,04 42 83 18 60,ce.0130429W@ac-aix-marseille.fr,,La Ciotat,43.19460489074342,5.617760195619387,Le Garlaban
0130430X,École maternelle Louis Pourcelly,École,Public,avenue du Mugel,13600,La Ciotat,04 42 08 41 00,ce.0130430X@ac-aix-marseille.fr,,La Ciotat,43.16797087347349,5.6005808421992365,Le Garlaban
0130431Y,École maternelle l'Afferage,École,Public,2 boulevard Jean Jaurès,13600,La Ciotat,04 42 08 47 24,ce.0130431Y@ac-aix-marseille.fr,,La Ciotat,43.17832700189667,5.607280576001966,Le Garlaban
0130432Z,École maternelle Centre Ville,École,Public,78 rue Georges Romand,13600,La Ciotat,04 42 08 53 82,ce.0130432Z@ac-aix-marseille.fr,,La Ciotat,43.17480850376641,5.604769442587965,Le Garlaban
0130433A,École primaire Igor Mitoraj,École,Public,le bourg,13250,Cornillon-Confoux,04 90 50 42 93,ce.0130433A@ac-aix-marseille.fr,,Miramas,43.56324736064822,5.071509969126456,La Crau
0130434B,École élémentaire Danielle Germond,École,Public,rue Jean Giono,13111,Coudoux,04 42 52 87 70,ce.0130434B@ac-aix-marseille.fr,,Aix - Vallée de l'Arc,43.55710543727921,5.25097947661561,Salon
0130438F,École élémentaire la Destrousse,École,Public,place de la Mairie,13112,La Destrousse,04 42 04 80 84,ce.0130438F@ac-aix-marseille.fr,,Trets,43.377202594928825,5.605230537433294,Le Garlaban
0130440H,École primaire Léonce Artaud,École,Public,quartier Surville,13510,Eguilles,04 42 66 55 02,ce.0130440H@ac-aix-marseille.fr,,Aix - Touloubre,43.573366225290826,5.3572996263324,Sainte Victoire
0130442K,École élémentaire Frédéric Mistral,École,Public,avenue de la Côte Bleue,13820,Ensuès-la-Redonne,04 42 44 88 98,ce.0130442K@ac-aix-marseille.fr,,Châteauneuf,43.357320459063175,5.192339461661645,La Nerthe
0130444M,École primaire Eygalières,École,Public,impasse des Écoles,13810,Eygalières,04 90 95 90 08,ce.0130444M@ac-aix-marseille.fr,,Saint Martin de Crau,43.76211460877383,4.94776561187614,Luberon
0130446P,École élémentaire Gabriel Péri,École,Public,avenue Gabriel Péri,13430,Eyguières,04 90 57 90 82,ce.0130446P@ac-aix-marseille.fr,,Saint Martin de Crau,43.6916140561321,5.030139765853632,Salon
0130447R,École élémentaire Andrieux et André Gilous,École,Public,la Guillaumette,13430,Eyguières,04 90 57 82 75,ce.0130447R@ac-aix-marseille.fr,,Saint Martin de Crau,43.69108930526261,5.031730065594301,Salon
0130449T,École élémentaire Gabriel Péri,École,Public,rue Gabriel Péri,13630,Eyragues,04 90 94 13 84,ce.0130449T@ac-aix-marseille.fr,,Saint Rémy de Provence,43.83939187150353,4.841710447841371,Camargue
0130451V,École élémentaire Paul Doumer,École,Public,avenue Foch,13580,La Fare-les-Oliviers,04 90 42 60 35,ce.0130451V@ac-aix-marseille.fr,,Aix - Vallée de l'Arc,43.55069691477467,5.191329576777689,Salon
0130452W,École élémentaire Olivier Guirou,École,Public,55 chemin de la Pomme de Pin,13580,La Fare-les-Oliviers,04 90 58 58 08,ce.0130452W@ac-aix-marseille.fr,,Aix - Vallée de l'Arc,43.550085089744165,5.22147038538916,Salon
0130453X,École élémentaire Yvan Audouard,École,Public,17 chemin du Stade,13990,Fontvieille,04 90 47 34 49,ce.0130453X@ac-aix-marseille.fr,,Arles-Camargue,43.72320842394399,4.706625606677044,Camargue
0130455Z,École maternelle Raymonde Avon,École,Public,chemin du Stade,13990,Fontvieille,04 90 54 61 30,ce.0130455Z@ac-aix-marseille.fr,,Arles-Camargue,43.72325663521648,4.703950096198786,Camargue
0130456A,École élémentaire Jean Giono,École,Public,3 chemin de la Croix,13270,Fos-sur-Mer,04 90 58 89 02,ce.0130456A@ac-aix-marseille.fr,,Istres,43.43405759519042,4.947190421381847,La Crau
0130458C,École maternelle Marie Mauron,École,Public,chemin de la Croix,13270,Fos-sur-Mer,04 42 47 70 05,ce.0130458C@ac-aix-marseille.fr,,Istres,43.43431189308987,4.946460553541199,La Crau
0130461F,École primaire la Barque,École,Public,109 chemin de l'Adous,13710,Fuveau,04 42 58 67 66,ce.0130461F@ac-aix-marseille.fr,,Aix - Ste Victoire,43.47882692526893,5.534765741738923,Sainte Victoire
0130462G,École maternelle du 14 Juillet,École,Public,rue du 14 Juillet,13710,Fuveau,04 42 65 65 48,ce.0130462G@ac-aix-marseille.fr,,Aix - Ste Victoire,43.45408017784191,5.561750225489233,Sainte Victoire
0130463H,École élémentaire Paul Cézanne,École,Public,hameau de Biver,13120,Gardanne,04 42 58 22 23,ce.0130463H@ac-aix-marseille.fr,,Gardanne,43.434236913617575,5.464279808881537,Sainte Victoire
0130464J,École élémentaire Jacques Prévert,École,Public,avenue de Toulon,13120,Gardanne,04 42 58 33 94,ce.0130464J@ac-aix-marseille.fr,REP,Gardanne,43.45360041124414,5.471529503313991,Sainte Victoire
0130465K,École élémentaire Frédéric Mistral,École,Public,hameau de Biver,13120,Gardanne,04 42 51 11 92,ce.0130465K@ac-aix-marseille.fr,,Gardanne,43.43458390008186,5.464299613930941,Sainte Victoire
0130466L,École élémentaire Albert Bayet,École,Public,avenue Maurel Agricol,13120,Gardanne,04 42 65 93 23,ce.0130466L@ac-aix-marseille.fr,REP,Gardanne,43.45367447586042,5.4742002466314,Sainte Victoire
0130467M,École maternelle les Terrils Bleus,École,Public,place de l'Eglise,13120,Gardanne,04 42 58 40 34,ce.0130467M@ac-aix-marseille.fr,,Gardanne,43.4343874741618,5.465969748583056,Sainte Victoire
0130468N,École maternelle Beau Soleil,École,Public,avenue de Toulon,13120,Gardanne,04 42 51 12 00,ce.0130468N@ac-aix-marseille.fr,REP,Gardanne,43.45305937239894,5.471769420438368,Sainte Victoire
0130469P,École élémentaire Vessiot,École,Public,boulevard Vessiot,13420,Gémenos,04 42 32 21 91,ce.0130469P@ac-aix-marseille.fr,,La Ciotat,43.29368900464949,5.6287404306365,Le Garlaban
0130477Y,École élémentaire publique Graveson,École,Public,3 rue Jeanne d'Arc,13690,Graveson,04 90 95 72 46,ce.0130477Y@ac-aix-marseille.fr,REP,Saint Rémy de Provence,43.85172809568569,4.774660095535942,Camargue
0130478Z,École maternelle Graveson - Jeanne d'Arc,École,Public,3 rue Jeanne d'Arc,13690,Graveson,04 90 95 88 56,ce.0130478Z@ac-aix-marseille.fr,REP,Saint Rémy de Provence,43.85166340050071,4.77421029487051,Camargue
0130482D,École élémentaire Reine Marie Casimir Gouin,École,Public,avenue Guynemer,13800,Istres,04 13 29 51 80,ce.0130482D@ac-aix-marseille.fr,,Istres,43.51770717906415,4.981619764324588,La Crau
0130486H,École élémentaire Jules Ferry,École,Public,chemin Barigoule ZAC Prepaou,13800,Istres,04 42 55 51 86,ce.0130486H@ac-aix-marseille.fr,REP,Istres,43.49498593718888,4.98403942306174,La Crau
0130488K,École maternelle Reine Marie Casimir Gouin,École,Public,avenue Guynemer,13800,Istres,04 42 55 51 82,ce.0130488K@ac-aix-marseille.fr,,Istres,43.5180925968894,4.981459917261727,La Crau
0130489L,École maternelle Jules Ferry,École,Public,chemin des Barigoules quartier Prepao,13800,Istres,04 13 29 51 85,ce.0130489L@ac-aix-marseille.fr,REP,Istres,43.49533748166406,4.983960077610184,La Crau
0130490M,École élémentaire République,École,Public,impasse des Ecoles,13490,Jouques,04 42 67 62 43,ce.0130490M@ac-aix-marseille.fr,,Peyrolles,43.636420984331046,5.640989739087916,Sainte Victoire
0130494S,École élémentaire publique Lamanon,École,Public,avenue de la Gare,13113,Lamanon,04 90 59 51 30,ce.0130494S@ac-aix-marseille.fr,,Saint Martin de Crau,43.70085518839695,5.088050624945644,Salon
0130496U,École élémentaire Jacques Prévert,École,Public,2 impasse Jacques Prévert,13410,Lambesc,04 42 57 91 78,ce.0130496U@ac-aix-marseille.fr,,Peyrolles,43.65229745999166,5.266129666611553,Salon
0130498W,École maternelle la Ventarelle,École,Public,5 avenue de Verdun,13410,Lambesc,04 42 29 55 83,ce.0130498W@ac-aix-marseille.fr,,Peyrolles,43.65380341324664,5.2653102108097976,Salon
0130499X,École élémentaire Marie Mauron,École,Public,quartier Sainte Anne,13680,Lançon-Provence,04 90 42 85 22,ce.0130499X@ac-aix-marseille.fr,,Salon de Provence,43.58923889023347,5.122758006653718,Salon
0130501Z,École primaire Baisses,École,Public,hameau les Baisses,13680,Lançon-Provence,04 90 42 41 18,ce.0130501Z@ac-aix-marseille.fr,,Salon de Provence,43.54187737426774,5.1510501304306695,Salon
0130502A,École maternelle Lei Cigaloun,École,Public,avenue Charles de Gaulle,13680,Lançon-Provence,04 90 42 83 68,ce.0130502A@ac-aix-marseille.fr,,Salon de Provence,43.590243317958034,5.128510081609556,Salon
0130503B,École primaire Frédéric Mistral,École,Public,rue Notre Dame,13910,Maillane,04 90 95 72 11,ce.0130503B@ac-aix-marseille.fr,,Saint Rémy de Provence,43.83228999534096,4.777130299108546,Camargue
0130505D,École élémentaire Frédéric Mistral,École,Public,avenue du Stade,13370,Mallemort,04 90 57 43 83,ce.0130505D@ac-aix-marseille.fr,,Peyrolles,43.7261781302603,5.179259860563782,Salon
0130507F,École maternelle Joliot-Curie,École,Public,rue Paul Langevin,13370,Mallemort,04 90 59 41 36,ce.0130507F@ac-aix-marseille.fr,,Peyrolles,43.731109635884415,5.177940536950854,Salon
0130509H,École élémentaire Guynemer,École,Public,rue Chevillard,13700,Marignane,04 42 09 73 22,ce.0130509H@ac-aix-marseille.fr,,Marignane,43.420731212791885,5.215539554880348,La Nerthe
0130514N,École élémentaire Abbé de l'Épée,École,Public,18 Square Sidi Brahim,13005,Marseille  5e  Arrondissement,04 91 34 72 70,ce.0130514N@ac-aix-marseille.fr,,Marseille Longchamp,43.29738580793738,5.399299627383921,Marseille Collines
0130515P,École primaire Accates la Valentine,École,Public,chemin les Accates la Valentine,13011,Marseille 11e  Arrondissement,04 91 43 02 90,ce.0130515P@ac-aix-marseille.fr,,Allauch Plan-de-Cuques Château Gombert,43.29889098684072,5.487966536906708,Marseille Huveaune
0130518T,École élémentaire publique Parc Bellevue,École,Public,40 rue Loubon,13003,Marseille  3e  Arrondissement,04 91 58 26 86,ce.0130518T@ac-aix-marseille.fr,REP+,Marseille Madrague,43.31758447577874,5.374380427902731,Marseille Madrague
0130521W,École élémentaire la Barasse,École,Public,25 boulevard Lucien Margaillan,13011,Marseille 11e  Arrondissement,04 91 36 03 71,ce.0130521W@ac-aix-marseille.fr,,Marseille Huveaune,43.28425110482738,5.481289847503875,Marseille Huveaune
0130522X,École élémentaire les Bastides,École,Public,292 route Nationale Saint-Antoine,13015,Marseille 15e  Arrondissement,04 91 51 15 96,ce.0130522X@ac-aix-marseille.fr,,Marseille Estaque,43.37591661064683,5.35617582267961,Marseille Madrague
0130523Y,École élémentaire la Baume,École,Public,1 traverse Colgate,13009,Marseille  9e  Arrondissement,04 91 40 09 82,ce.0130523Y@ac-aix-marseille.fr,,Marseille Corniche,43.2351594252715,5.4108799100257965,Marseille Calanques
0130524Z,École élémentaire Beaumont Bombardi Re,École,Public,213 rue Charles Kaddouz,13012,Marseille 12e  Arrondissement,04 91 93 16 32,ce.0130524Z@ac-aix-marseille.fr,,Marseille Saint Barnabé,43.31733671874749,5.437999491116428,Marseille Collines
0130527C,École élémentaire Bernard Cadenat,École,Public,3 place Bernard Cadenat,13003,Marseille  3e  Arrondissement,04 91 50 37 38,ce.0130527C@ac-aix-marseille.fr,REP+,Marseille Belle de Mai,43.31242572149961,5.386480433145315,Marseille Vieux Port
0130528D,École élémentaire Olympe de Gouges,École,Public,74 rue Beau,13012,Marseille 12e  Arrondissement,04 91 49 08 48,ce.0130528D@ac-aix-marseille.fr,,Marseille Saint Barnabé,43.30081582359547,5.409930016788037,Marseille Collines
0130531G,École élémentaire Boisson,École,Public,127 boulevard Boisson,13004,Marseille  4e  Arrondissement,04 91 34 73 91,ce.0130531G@ac-aix-marseille.fr,,Marseille Saint Barnabé,43.29826121438545,5.404050415700988,Marseille Collines
0130532H,École élémentaire Bonneveine 1,École,Public,52 boulevard du Sablier,13008,Marseille  8e  Arrondissement,04 91 73 47 41,ce.0130532H@ac-aix-marseille.fr,,Marseille Corniche,43.251723995116784,5.3821194035254765,Marseille Calanques
0130533J,École primaire les Borels,École,Public,3 boulevard Bellevue,13015,Marseille 15e  Arrondissement,04 91 60 96 08,ce.0130533J@ac-aix-marseille.fr,,Marseille Aygalades,43.36289979808539,5.366892086366162,Marseille Madrague
0130534K,École élémentaire la Busserine,École,Public,boulevard Charles Mattei,13014,Marseille 14e  Arrondissement,04 91 98 32 96,ce.0130534K@ac-aix-marseille.fr,REP+,Marseille le Merlan,43.33121727368335,5.395204651859188,Marseille Vieux Port
0130536M,École élémentaire la Cabucelle,École,Public,52 boulevard Viala,13015,Marseille 15e  Arrondissement,04 91 58 64 15,ce.0130536M@ac-aix-marseille.fr,REP+,Marseille Madrague,43.334974625202655,5.360419882993112,Marseille Madrague
0130537N,École élémentaire Caillols,École,Public,32 chemin des Campanules,13012,Marseille 12e  Arrondissement,04 91 93 23 45,ce.0130537N@ac-aix-marseille.fr,,Marseille Saint Barnabé,43.301548732937,5.448397724480861,Marseille Collines
0130538P,École élémentaire Calade,École,Public,6 traverse Maritime,13015,Marseille 15e  Arrondissement,04 91 60 51 17,ce.0130538P@ac-aix-marseille.fr,REP+,Marseille Madrague,43.33856993448072,5.354647389615093,Marseille Madrague
0130539R,École élémentaire les Camoins,École,Public,montée d'Eoures,13011,Marseille 11e  Arrondissement,04 91 43 10 29,ce.0130539R@ac-aix-marseille.fr,,Allauch Plan-de-Cuques Château Gombert,43.30137460059669,5.511953308304583,Marseille Huveaune
0130540S,École élémentaire Candolle,École,Public,9 rue Candolle,13007,Marseille  7e  Arrondissement,04 91 52 44 79,ce.0130540S@ac-aix-marseille.fr,,Marseille St Charles,43.2879953251788,5.365629940701346,Marseille Vieux Port
0130541T,École élémentaire Canet Ambrosini,École,Public,boulevard de la Maison Blanche,13014,Marseille 14e  Arrondissement,04 91 67 36 53,ce.0130541T@ac-aix-marseille.fr,REP+,Marseille  le Canet,43.330721854217984,5.374779961753047,Marseille Vieux Port
0130542U,École élémentaire Canet Larousse,École,Public,boulevard Larousse,13014,Marseille 14e  Arrondissement,04 91 67 21 55,ce.0130542U@ac-aix-marseille.fr,REP+,Marseille  le Canet,43.33042960886848,5.378290215621033,Marseille Vieux Port
0130543V,École élémentaire Capelette,École,Public,2 rue Laugier,13010,Marseille 10e  Arrondissement,04 91 79 82 24,ce.0130543V@ac-aix-marseille.fr,REP,Marseille Capelette,43.28181471923248,5.4064099520561255,Marseille Huveaune
0130545X,École élémentaire Calanques de Sormiou,École,Public,139 chemin de Sormiou,13009,Marseille  9e  Arrondissement,04 91 72 61 03,ce.0130545X@ac-aix-marseille.fr,,Marseille Corniche,43.22941225837725,5.401520208978345,Marseille Calanques
0130548A,École élémentaire Châteaubriand,École,Public,46 rue Châteaubriand,13007,Marseille  7e  Arrondissement,04 91 52 08 07,ce.0130548A@ac-aix-marseille.fr,,Marseille St Charles,43.28621430528151,5.359249479701509,Marseille Vieux Port
0130549B,École élémentaire Château Gombert,École,Public,38 boulevard Durbec,13013,Marseille 13e  Arrondissement,04 91 68 00 74,ce.0130549B@ac-aix-marseille.fr,,Allauch Plan-de-Cuques Château Gombert,43.3504374904516,5.438084458800703,Marseille Étoile
0130550C,École élémentaire Chave,École,Public,191 boulevard Chave,13005,Marseille  5e  Arrondissement,04 91 42 20 60,ce.0130550C@ac-aix-marseille.fr,,Marseille Capelette,43.295825246857575,5.402499853086729,Marseille Collines
0130551D,École élémentaire Cité Michelis 1,École,Public,33 avenue du Pontet,13011,Marseille 11e  Arrondissement,04 91 44 73 29,ce.0130551D@ac-aix-marseille.fr,,Marseille Huveaune,43.28389729976937,5.448867902981375,Marseille Huveaune
0130553F,École élémentaire Clair Soleil,École,Public,boulevard Charles Moretti,13014,Marseille 14e  Arrondissement,04 91 67 27 09,ce.0130553F@ac-aix-marseille.fr,REP+,Marseille  le Canet,43.32370843545745,5.384747226636487,Marseille Vieux Port
0130554G,École élémentaire Coin Joli,École,Public,12 avenue Alfred Nicolas,13009,Marseille  9e  Arrondissement,04 91 75 52 00,ce.0130554G@ac-aix-marseille.fr,,Marseille Mazargues,43.26505541778256,5.402332892613042,Marseille Calanques
0130555H,École élémentaire Convalescents,École,Public,13 rue Convalescents,13001,Marseille  1er Arrondissement,04 91 91 06 93,ce.0130555H@ac-aix-marseille.fr,REP+,Marseille St Charles,43.30013713128665,5.379470575153454,Marseille Vieux Port
0130556J,École primaire Croix Rouge Village,École,Public,36 avenue Marcel Delprat,13013,Marseille 13e  Arrondissement,04 91 68 12 32,ce.0130556J@ac-aix-marseille.fr,,Marseille la Rose,43.33426703456298,5.454899949605934,Marseille Étoile
0130557K,École élémentaire Dahdah,École,Public,15 boulevard Dahdah,13004,Marseille  4e  Arrondissement,04 91 05 90 00,ce.0130557K@ac-aix-marseille.fr,REP+,Marseille Longchamp,43.31044167344849,5.393910044661447,Marseille Vieux Port
0130558L,École élémentaire Jean Fiolle,École,Public,63 rue Docteur Jean-Fiolle,13006,Marseille  6e  Arrondissement,04 91 37 78 02,ce.0130558L@ac-aix-marseille.fr,,Marseille Mazargues,43.28381369551212,5.378970764920686,Marseille Calanques
0130559M,École élémentaire d'application Édouard Vaillant,École,Public,16 rue Edouard Vaillant,13003,Marseille  3e  Arrondissement,04 91 02 66 90,ce.0130559M@ac-aix-marseille.fr,REP+,Marseille  le Canet,43.31611392737819,5.377859761007414,Marseille Vieux Port
0130560N,École primaire Eoures,École,Public,22 boulevard Notre Dame,13011,Marseille 11e  Arrondissement,04 91 43 01 25,ce.0130560N@ac-aix-marseille.fr,,Allauch Plan-de-Cuques Château Gombert,43.30091664270423,5.519679606170799,Marseille Huveaune
0130561P,École élémentaire Estaque Gare,École,Public,33 boulevard Fenouil,13016,Marseille 16e  Arrondissement,04 91 03 66 55,ce.0130561P@ac-aix-marseille.fr,REP,Marseille Estaque,43.36133699515556,5.320460154237266,Marseille Madrague
0130562R,École élémentaire Estaque Plage,École,Public,2 rue de la Convention,13016,Marseille 16e  Arrondissement,04 91 46 12 66,ce.0130562R@ac-aix-marseille.fr,REP,Marseille Estaque,43.36221277006496,5.314279738653665,Marseille Madrague
0130563S,École élémentaire Étienne Milan,École,Public,4 rue Etienne Milan,13008,Marseille  8e  Arrondissement,04 91 76 36 37,ce.0130563S@ac-aix-marseille.fr,,Marseille Corniche,43.26563378471722,5.387490429834887,Marseille Calanques
0130565U,École élémentaire Eydoux,École,Public,20 rue Eydoux,13006,Marseille  6e  Arrondissement,04 91 48 58 42,ce.0130565U@ac-aix-marseille.fr,,Marseille Mazargues,43.29081047812704,5.386990365616641,Marseille Vieux Port
0130566V,École primaire Félix Pyat,École,Public,54 rue Félix Pyat,13003,Marseille  3e  Arrondissement,04 91 50 11 24,ce.0130566V@ac-aix-marseille.fr,REP+,Marseille  la Joliette,43.314945334536944,5.37534032039265,Marseille Vieux Port
0130567W,École élémentaire la Feuilleraie,École,Public,87 boulevard de Roux,13004,Marseille  4e  Arrondissement,04 91 49 66 04,ce.0130567W@ac-aix-marseille.fr,,Marseille Saint Barnabé,43.30718679670305,5.40863985374276,Marseille Collines
0130568X,École élémentaire Fraissinet,École,Public,208 rue Saint Pierre,13005,Marseille  5e  Arrondissement,04 91 48 07 31,ce.0130568X@ac-aix-marseille.fr,,Marseille Capelette,43.292597716300605,5.399430587983242,Marseille Collines
0130569Y,École élémentaire François Moisson,École,Public,17 rue François Moisson,13002,Marseille  2e  Arrondissement,04 91 91 02 54,ce.0130569Y@ac-aix-marseille.fr,REP+,Marseille  la Joliette,43.30125500843387,5.369100578810396,Marseille Vieux Port
0130570Z,École élémentaire Olivier Gillibert,École,Public,46 rue Gillibert,13005,Marseille  5e  Arrondissement,04 91 42 21 18,ce.0130570Z@ac-aix-marseille.fr,,Marseille Mazargues,43.29424936403065,5.394999682036018,Marseille Vieux Port
0130571A,École élémentaire Grand Saint Giniez,École,Public,257 avenue de Mazargues,13008,Marseille  8e  Arrondissement,04 91 76 23 31,ce.0130571A@ac-aix-marseille.fr,,Marseille Corniche,43.262625093270415,5.393149912823228,Marseille Calanques
0130572B,École élémentaire Grotte Rolland,École,Public,24 boulevard des Salyens,13008,Marseille  8e  Arrondissement,04 91 73 34 84,ce.0130572B@ac-aix-marseille.fr,,Marseille Corniche,43.235298119215926,5.365759419146036,Marseille Calanques
0130574D,École élémentaire Hozier,École,Public,2 rue d'Hozier,13002,Marseille  2e  Arrondissement,04 91 90 53 50,ce.0130574D@ac-aix-marseille.fr,REP+,Marseille  la Joliette,43.30401542540932,5.370199853884225,Marseille Vieux Port
0130576F,École élémentaire Jean Mermoz,École,Public,138 rue Jean Mermoz,13008,Marseille  8e  Arrondissement,04 91 76 15 17,ce.0130576F@ac-aix-marseille.fr,,Marseille Corniche,43.272670775234,5.386950349027485,Marseille Calanques
0130577G,École élémentaire Lapin Blanc des Neiges,École,Public,131 chemin du Sablier,13008,Marseille  8e  Arrondissement,04 91 73 27 50,ce.0130577G@ac-aix-marseille.fr,,Marseille Corniche,43.247967898984605,5.381659031271421,Marseille Calanques
0130578H,École élémentaire Leverrier,École,Public,6 place Leverrier,13004,Marseille  4e  Arrondissement,04 91 50 79 26,ce.0130578H@ac-aix-marseille.fr,,Marseille Longchamp,43.30634254803065,5.393530322690156,Marseille Vieux Port
0130579J,École élémentaire Lodi,École,Public,127 rue de Lodi,13006,Marseille  6e  Arrondissement,04 91 78 21 61,ce.0130579J@ac-aix-marseille.fr,,Marseille Mazargues,43.28686191001729,5.389940036600574,Marseille Vieux Port
0130580K,École primaire Loubière,École,Public,97 rue de la Loubière,13005,Marseille  5e  Arrondissement,04 91 42 21 37,ce.0130580K@ac-aix-marseille.fr,,Marseille Mazargues,43.28971461596981,5.391210191778991,Marseille Vieux Port
0130583N,École élémentaire Malpassé,École,Public,16 rue du Docteur Grenier,13013,Marseille 13e  Arrondissement,04 91 66 10 18,ce.0130583N@ac-aix-marseille.fr,,Marseille Longchamp,43.32069428664941,5.415360336125633,Marseille Collines
0130584P,École élémentaire les Martégaux,École,Public,5 chemin des Martégaux,13013,Marseille 13e  Arrondissement,04 91 66 40 88,ce.0130584P@ac-aix-marseille.fr,,Marseille la Rose,43.32603297373044,5.441374194079919,Marseille Étoile
0130585R,École élémentaire Maurelle Bombardière,École,Public,213 traverse Charles Kaddouz,13012,Marseille 12e  Arrondissement,04 91 93 06 46,ce.0130585R@ac-aix-marseille.fr,REP+,Marseille la Rose,43.32029719242773,5.439619962495862,Marseille Étoile
0130587T,École primaire Mazargues Beauchêne,École,Public,5 avenue Marie Balajat,13009,Marseille  9e  Arrondissement,04 91 40 12 89,ce.0130587T@ac-aix-marseille.fr,,Marseille Mazargues,43.24993017885079,5.4061205788282685,Marseille Calanques
0130589V,École élémentaire Menpenti,École,Public,161 avenue de Toulon,13010,Marseille 10e  Arrondissement,04 91 79 79 51,ce.0130589V@ac-aix-marseille.fr,,Marseille Capelette,43.28487607073021,5.394759467054595,Marseille Vieux Port
0130590W,École élémentaire Merlan Cerisaie,École,Public,23 avenue Notre Dame Santa Cruz,13014,Marseille 14e  Arrondissement,04 91 98 23 58,ce.0130590W@ac-aix-marseille.fr,REP+,Marseille le Merlan,43.339910188791606,5.405393680161,Marseille Étoile
0130591X,École élémentaire la Millière,École,Public,82 boulevard Albert Sauze,13011,Marseille 11e  Arrondissement,04 91 36 13 72,ce.0130591X@ac-aix-marseille.fr,,Marseille Huveaune,43.281726434555694,5.501281810773537,Marseille Huveaune
0130595B,École primaire National,École,Public,3 rue Masséna,13003,Marseille  3e  Arrondissement,04 91 50 54 84,ce.0130595B@ac-aix-marseille.fr,REP+,Marseille Belle de Mai,43.308923844676016,5.380359506901447,Marseille Vieux Port
0130597D,École élémentaire publique Oddo,École,Public,1 place Edgar Tarquin,13015,Marseille 15e  Arrondissement,04 91 58 00 42,ce.0130597D@ac-aix-marseille.fr,REP+,Marseille Madrague,43.328678612843134,5.36180658155731,Marseille Madrague
0130598E,École élémentaire les Olives,École,Public,147 avenue des Poilus,13013,Marseille 13e  Arrondissement,04 91 66 27 60,ce.0130598E@ac-aix-marseille.fr,,Marseille la Rose,43.322601610199904,5.457129859884891,Marseille Étoile
0130599F,École primaire Paix,École,Public,56 rue de la Paix,13006,Marseille  6e  Arrondissement,04 91 54 69 18,ce.0130599F@ac-aix-marseille.fr,REP,Marseille St Charles,43.29105832178482,5.3732450556302895,Marseille Vieux Port
0130600G,École élémentaire Parc Dromel,École,Public,11 boulevard Dromel,13009,Marseille  9e  Arrondissement,04 13 94 80 07,ce.0130600g@ac-aix-marseille.fr,,Marseille Capelette,43.271150048445634,5.40625077006064,Marseille Huveaune
0130601H,École primaire Parette Mazenode,École,Public,427 boulevard Mireille Lauze,13011,Marseille 11e  Arrondissement,04 91 44 98 91,ce.0130601H@ac-aix-marseille.fr,REP,Marseille Huveaune,43.28636712370048,5.429840541543859,Marseille Huveaune
0130603K,École élémentaire la Pauline,École,Public,343 boulevard Romain Rolland,13009,Marseille  9e  Arrondissement,04 91 75 52 55,ce.0130603K@ac-aix-marseille.fr,,Marseille Capelette,43.27117923931036,5.4090194255475215,Marseille Huveaune
0130604L,École élémentaire Petit Bosquet,École,Public,181 avenue de Montolivet,13012,Marseille 12e  Arrondissement,04 91 66 39 64,ce.0130604L@ac-aix-marseille.fr,,Marseille Longchamp,43.31239472402793,5.41148022476748,Marseille Vieux Port
0130605M,École primaire Pharo Catalans,École,Public,rue des Catalans,13007,Marseille  7e  Arrondissement,04 91 52 37 32,ce.0130605M@ac-aix-marseille.fr,,Marseille St Charles,43.29213901504375,5.355730476298412,Marseille Vieux Port
0130606N,École élémentaire Pointe Rouge,École,Public,10 boulevard Piot,13008,Marseille  8e  Arrondissement,04 91 73 35 66,ce.0130606N@ac-aix-marseille.fr,,Marseille Corniche,43.24254836659454,5.372630101998091,Marseille Calanques
0130608R,École élémentaire Grande Bastide Cazaulx,École,Public,avenue Bouyala d'Arnaud,13012,Marseille 12e  Arrondissement,04 91 93 25 42,ce.0130608R@ac-aix-marseille.fr,,Marseille Saint Barnabé,43.298156135474514,5.442453647539437,Marseille Collines
0130609S,École élémentaire Pont de Vivaux Saccoman,École,Public,200 boulevard Romain Rolland,13010,Marseille 10e  Arrondissement,04 91 79 66 59,ce.0130609S@ac-aix-marseille.fr,REP,Marseille Huveaune,43.27521427832064,5.41609042077842,Marseille Huveaune
0130611U,École élémentaire Valmante,École,Public,83 chemin Jean Roubin,13009,Marseille  9e  Arrondissement,04 91 41 14 68,ce.0130611U@ac-aix-marseille.fr,,Marseille Mazargues,43.2478559925644,5.421050056359073,Marseille Calanques
0130613W,École élémentaire Rose Castors,École,Public,Parc des Vieux Cyprès,13013,Marseille 13e  Arrondissement,04 91 66 39 08,ce.0130613W@ac-aix-marseille.fr,,Marseille la Rose,43.33554177100835,5.437139756880961,Marseille Étoile
0130616Z,École primaire Rose Place,École,Public,place de la Rose,13013,Marseille 13e  Arrondissement,04 91 66 21 71,ce.0130616Z@ac-aix-marseille.fr,REP+,Marseille la Rose,43.3290624773713,5.427620492151282,Marseille Étoile
0130617A,École élémentaire Rose Sauvagine,École,Public,avenue Merleau Ponty,13013,Marseille 13e  Arrondissement,04 91 66 38 32,ce.0130617A@ac-aix-marseille.fr,,Marseille la Rose,43.335846633436304,5.425100002486864,Marseille Étoile
0130618B,École élémentaire la Rose Saint Théodore,École,Public,5 allée des Chardonnerets,13013,Marseille 13e  Arrondissement,04 91 66 00 87,ce.0130618B@ac-aix-marseille.fr,REP,Marseille la Rose,43.33041646808024,5.433449929789991,Marseille Étoile
0130619C,École élémentaire la Roseraie,École,Public,6 rue Pierre Mouren,13007,Marseille  7e  Arrondissement,04 91 52 12 16,ce.0130619C@ac-aix-marseille.fr,,Marseille St Charles,43.28276332612182,5.351719745309129,Marseille Calanques
0130620D,École élémentaire Rosière Figone,École,Public,avenue de la Figone,13012,Marseille 12e  Arrondissement,04 91 93 00 88,ce.0130620D@ac-aix-marseille.fr,,Marseille Saint Barnabé,43.305329317188125,5.438059807980219,Marseille Collines
0130621E,École élémentaire le Rouet,École,Public,10 rue Sainte Famille,13008,Marseille  8e  Arrondissement,04 91 79 16 41,ce.0130621E@ac-aix-marseille.fr,,Marseille Mazargues,43.27838004255264,5.393909581495543,Marseille Calanques
0130622F,École élémentaire la Rouguière,École,Public,allée de la Rouguière,13011,Marseille 11e  Arrondissement,04 91 89 46 83,ce.0130622F@ac-aix-marseille.fr,,Marseille Saint Barnabé,43.29495787993816,5.457960218059498,Marseille Collines
0130623G,École primaire la Rouvière,École,Public,83 boulevard du Redon,13009,Marseille  9e  Arrondissement,04 91 41 34 89,ce.0130623G@ac-aix-marseille.fr,,Marseille Mazargues,43.25115742691101,5.423920601654916,Marseille Calanques
0130626K,École élémentaire Saint Antoine Palanque,École,Public,chemin de la Martine,13015,Marseille 15e  Arrondissement,04 91 65 62 70,ce.0130626K@ac-aix-marseille.fr,REP+,Marseille Aygalades,43.37359027738862,5.362852863433342,Marseille Madrague
0130627L,École élémentaire Saint Barnabé,École,Public,27 rue Docteur Cauvin,13012,Marseille 12e  Arrondissement,04 91 49 06 54,ce.0130627L@ac-aix-marseille.fr,,Marseille Saint Barnabé,43.30242447011393,5.417409453125098,Marseille Collines
0130629N,École élémentaire Saint Barthélémy SNCF,École,Public,chemin de Sainte Marthe,13014,Marseille 14e  Arrondissement,04 91 98 19 10,ce.0130629N@ac-aix-marseille.fr,REP+,Marseille le Merlan,43.323407564904045,5.389406787864839,Marseille Vieux Port
0130630P,École élémentaire d'application Saint Charles 1,École,Public,49 rue Lucien Rolmer,13003,Marseille  3e  Arrondissement,04 91 50 24 86,ce.0130630P@ac-aix-marseille.fr,REP+,Marseille St Charles,43.30612716744355,5.37633009560219,Marseille Vieux Port
0130631R,École élémentaire Saint Gabriel,École,Public,22 boulevard Kraemer,13014,Marseille 14e  Arrondissement,04 91 67 26 08,ce.0130631R@ac-aix-marseille.fr,,Marseille  le Canet,43.32104075092458,5.383119430392617,Marseille Vieux Port
0130632S,École élémentaire Saint Henri Rabelais 2,École,Public,95 rue Rabelais,13016,Marseille 16e  Arrondissement,04 91 46 01 03,ce.0130632S@ac-aix-marseille.fr,REP,Marseille Estaque,43.35851677896833,5.334040231789413,Marseille Madrague
0130633T,École élémentaire la Fourragère,École,Public,traverse de la Fourragère,13012,Marseille 12e  Arrondissement,04 91 93 00 57,ce.0130633T@ac-aix-marseille.fr,,Marseille Saint Barnabé,43.300633354795934,5.427574353814264,Marseille Collines
0130634U,École élémentaire Saint Jérôme Village 1,École,Public,15 avenue Saint Jérôme,13013,Marseille 13e  Arrondissement,04 91 66 42 12,ce.0130634U@ac-aix-marseille.fr,,Marseille le Merlan,43.32870937037727,5.418838812398401,Marseille Étoile
0130636W,École élémentaire Saint Joseph Servières,École,Public,place des Compagnons Bâtisseurs,13015,Marseille 15e  Arrondissement,04 91 60 53 35,ce.0130636W@ac-aix-marseille.fr,REP+,Marseille Aygalades,43.34386152521862,5.374384383657664,Marseille Vieux Port
0130637X,École élémentaire Saint Julien 1,École,Public,11 boulevard Bonniot,13012,Marseille 12e  Arrondissement,04 91 93 33 90,ce.0130637X@ac-aix-marseille.fr,,Marseille Saint Barnabé,43.31470547550777,5.450759840036096,Marseille Collines
0130638Y,École élémentaire Saint-Just Centre 1,École,Public,14 rue Saint Georges,13013,Marseille 13e  Arrondissement,04 91 66 43 11,ce.0130638Y@ac-aix-marseille.fr,REP+,Marseille Longchamp,43.319260593445954,5.405469926098197,Marseille Vieux Port
0130640A,École élémentaire Saint-Just Corot,École,Public,traverse Signoret,13013,Marseille 13e  Arrondissement,04 91 66 39 73,ce.0130640A@ac-aix-marseille.fr,REP+,Marseille Belle de Mai,43.32442142824379,5.405782723947529,Marseille Étoile
0130641B,École élémentaire Saint Louis Consolat,École,Public,47 rue des Musardises,13015,Marseille 15e  Arrondissement,04 91 60 00 14,ce.0130641B@ac-aix-marseille.fr,REP+,Marseille Madrague,43.34786979179198,5.354679732474054,Marseille Madrague
0130642C,École élémentaire Saint Louis Gare,École,Public,16 rue le Châtelier,13015,Marseille 15e  Arrondissement,04 13 94 80 32,ce.0130642C@ac-aix-marseille.fr,REP+,Marseille Madrague,43.34805129914368,5.359690380498218,Marseille Madrague
0130643D,École élémentaire Saint Louis Campagne Lévêque,École,Public,Saint Louis Campagne L,13015,Marseille 15e  Arrondissement,04 91 60 67 10,ce.0130643D@ac-aix-marseille.fr,REP+,Marseille Madrague,43.343415656202815,5.357780293146497,Marseille Madrague
0130644E,École élémentaire Saint-Loup-Gabriel Fauré,École,Public,17 rue Gabriel Fauré,13010,Marseille 10e  Arrondissement,04 91 35 12 27,ce.0130644E@ac-aix-marseille.fr,,Marseille Huveaune,43.281471445453406,5.433230031885896,Marseille Huveaune
0130645F,École élémentaire Saint Marcel,École,Public,8 rue du Queylar,13011,Marseille 11e  Arrondissement,04 91 44 70 53,ce.0130645F@ac-aix-marseille.fr,REP,Marseille Huveaune,43.28677263102004,5.4652199967972095,Marseille Huveaune
0130647H,École élémentaire Saint Mitre,École,Public,117 chemin de Château Gombert,13013,Marseille 13e  Arrondissement,04 91 66 15 20,ce.0130647H@ac-aix-marseille.fr,,Marseille la Rose,43.34130607115662,5.419879409895284,Marseille Étoile
0130648J,École élémentaire Saint Pierre,École,Public,22 boulevard Louis Frangin,13005,Marseille  5e  Arrondissement,04 91 47 65 03,ce.0130648J@ac-aix-marseille.fr,,Marseille Capelette,43.29447584114891,5.406519448642874,Marseille Collines
0130651M,École élémentaire Sainte-Anne,École,Public,484 avenue de Mazargues,13008,Marseille  8e  Arrondissement,04 91 76 17 37,ce.0130651M@ac-aix-marseille.fr,,Marseille Corniche,43.25566536606341,5.393939834830826,Marseille Calanques
0130652N,École élémentaire Sainte-Cécile,École,Public,146 rue Sainte Cécile,13005,Marseille  5e  Arrondissement,04 91 78 20 67,ce.0130652N@ac-aix-marseille.fr,,Marseille Capelette,43.28889640182398,5.398850308309711,Marseille Collines
0130653P,École élémentaire Sainte-Marguerite,École,Public,135 boulevard de Sainte-Marguerite,13009,Marseille  9e  Arrondissement,04 91 75 51 84,ce.0130653P@ac-aix-marseille.fr,,Marseille Capelette,43.26705781766499,5.408072679389329,Marseille Huveaune
0130654R,École élémentaire Sainte-Marthe,École,Public,boulevard Ricoux,13014,Marseille 14e  Arrondissement,04 91 98 20 63,ce.0130654R@ac-aix-marseille.fr,REP+,Marseille Aygalades,43.33827575670696,5.389764437223454,Marseille Vieux Port
0130655S,École primaire la Sauvagère,École,Public,253 boulevard Romain Rolland,13010,Marseille 10e  Arrondissement,04 91 75 23 36,ce.0130655S@ac-aix-marseille.fr,REP,Marseille Huveaune,43.27372992887246,5.413970118838137,Marseille Huveaune
0130656T,École élémentaire Square Michelet,École,Public,boulevard Gaston Ramon,13009,Marseille  9e  Arrondissement,04 91 71 58 60,ce.0130656T@ac-aix-marseille.fr,,Marseille Mazargues,43.26739648609567,5.397297370541079,Marseille Calanques
0130658V,École élémentaire la Timone,École,Public,23 rue Mathurin,13010,Marseille 10e  Arrondissement,04 91 78 34 19,ce.0130658V@ac-aix-marseille.fr,,Marseille Capelette,43.285704050154834,5.40537481999056,Marseille Huveaune
0130659W,École élémentaire Franklin Roosevelt,École,Public,5 rue Tivoli,13005,Marseille  5e  Arrondissement,04 91 47 22 52,ce.0130659W@ac-aix-marseille.fr,,Marseille Longchamp,43.29815969278911,5.389269814695804,Marseille Vieux Port
0130660X,École élémentaire les Trois Lucs,École,Public,375 avenue des Poilus,13012,Marseille 12e  Arrondissement,04 91 93 29 83,ce.0130660X@ac-aix-marseille.fr,,Allauch Plan-de-Cuques Château Gombert,43.3147113818585,5.46329037888579,Marseille Huveaune
0130661Y,École élémentaire les Trois Ponts,École,Public,chemin Chante Perdrix,13010,Marseille 10e  Arrondissement,04 91 44 89 54,ce.0130661Y@ac-aix-marseille.fr,REP,Marseille Huveaune,43.27289824880951,5.435866239817466,Marseille Huveaune
0130663A,École élémentaire Valentine,École,Public,avenue de la Tiranne,13011,Marseille 11e  Arrondissement,04 91 43 10 11,ce.0130663A@ac-aix-marseille.fr,,Allauch Plan-de-Cuques Château Gombert,43.293557321251065,5.485863552674201,Marseille Huveaune
0130665C,École élémentaire Amédée Autran,École,Public,12 boulevard Amédée Autran,13007,Marseille  7e  Arrondissement,04 91 52 05 93,ce.0130665C@ac-aix-marseille.fr,,Marseille Corniche,43.281963831218384,5.366820076527109,Marseille Calanques
0130666D,École élémentaire Vallon des Tuves,École,Public,traverse Courtes,13015,Marseille 15e  Arrondissement,04 91 65 51 20,ce.0130666D@ac-aix-marseille.fr,REP+,Marseille Aygalades,43.37161696939591,5.3687197668782805,Marseille Madrague
0130669G,École élémentaire Verduron Haut,École,Public,avenue Marius Brémond,13015,Marseille 15e  Arrondissement,04 91 51 34 00,ce.0130669G@ac-aix-marseille.fr,,Marseille Estaque,43.37504077727496,5.343331823568952,Marseille Madrague
0130670H,École élémentaire Viste Bousquet,École,Public,38 route Nationale de la Viste,13015,Marseille 15e  Arrondissement,04 91 60 09 21,ce.0130670H@ac-aix-marseille.fr,REP+,Marseille Estaque,43.35704623556425,5.35753034942699,Marseille Madrague
0130672K,École élémentaire Baya,École,Public,14 rue Flegier,13001,Marseille  1er Arrondissement,04 91 05 90 25,ce.0130672K@ac-aix-marseille.fr,,Marseille Longchamp,43.30177986930909,5.384970159492662,Marseille Vieux Port
0130683X,École élémentaire Albert Chabanon,École,Public,23 rue Albert Chabanon,13006,Marseille  6e  Arrondissement,04 91 47 67 94,ce.0130683X@ac-aix-marseille.fr,REP,Marseille St Charles,43.2904987654463,5.383090450760246,Marseille Vieux Port
0130687B,École élémentaire Bois Luzy,École,Public,allée des Primevères,13012,Marseille 12e  Arrondissement,04 91 93 21 27,ce.0130687B@ac-aix-marseille.fr,,Marseille Saint Barnabé,43.31214843823556,5.427149724922645,Marseille Collines
0130688C,École primaire Bompard,École,Public,131 boulevard Bompard,13007,Marseille  7e  Arrondissement,04 91 52 63 89,ce.0130688C@ac-aix-marseille.fr,,Marseille Corniche,43.279743614335366,5.360609497320225,Marseille Calanques
0130691F,École élémentaire Breteuil,École,Public,113 rue Breteuil,13006,Marseille  6e  Arrondissement,04 91 37 10 26,ce.0130691F@ac-aix-marseille.fr,,Marseille Mazargues,43.287261697545375,5.377119723373462,Marseille Calanques
0130693H,École élémentaire Cabot,École,Public,place Nazury,13009,Marseille  9e  Arrondissement,04 91 82 04 54,ce.0130693H@ac-aix-marseille.fr,,Marseille Capelette,43.25772013647452,5.419254980252279,Marseille Calanques
0130698N,École élémentaire Canet Barbès,École,Public,21 boulevard Barbès,13014,Marseille 14e  Arrondissement,04 91 67 31 67,ce.0130698N@ac-aix-marseille.fr,REP+,Marseille Madrague,43.32417964759648,5.374500520009543,Marseille Madrague
0130700R,École élémentaire Capelette Mireille Lauze,École,Public,131 boulevard Mireille Lauze,13010,Marseille 10e  Arrondissement,04 91 79 53 37,ce.0130700R@ac-aix-marseille.fr,,Marseille Capelette,43.28325038130768,5.411890099238064,Marseille Huveaune
0130702T,École élémentaire Chartreux,École,Public,117 avenue des Chartreux,13004,Marseille  4e  Arrondissement,04 91 50 57 65,ce.0130702T@ac-aix-marseille.fr,,Marseille Longchamp,43.30718517929309,5.399729665193044,Marseille Vieux Port
0130705W,École élémentaire Botinelly,École,Public,23 bis boulevard Louis Botinelly,13004,Marseille  4e  Arrondissement,04 91 49 49 16,ce.0130705W@ac-aix-marseille.fr,,Marseille Saint Barnabé,43.301697278479736,5.4046200600387815,Marseille Collines
0130706X,École élémentaire Cité Michelis 2,École,Public,33 avenue du Pontet,13011,Marseille 11e  Arrondissement,04 91 44 70 50,ce.0130706X@ac-aix-marseille.fr,,Marseille Huveaune,43.28372584268619,5.448491051567517,Marseille Huveaune
0130710B,École élémentaire d'application Corderie,École,Public,33 boulevard de la Corderie,13007,Marseille  7e  Arrondissement,04 91 33 70 60,ce.0130710B@ac-aix-marseille.fr,,Marseille St Charles,43.29024839340624,5.369470124044235,Marseille Vieux Port
0130725T,École élémentaire Friedland,École,Public,13 rue Friedland,13006,Marseille  6e  Arrondissement,04 91 78 68 62,ce.0130725T@ac-aix-marseille.fr,,Marseille Mazargues,43.2862362125556,5.388769645042921,Marseille Calanques
0130729X,École élémentaire la Guadeloupe,École,Public,7 rue de la Guadeloupe,13006,Marseille  6e  Arrondissement,04 91 37 22 13,ce.0130729X@ac-aix-marseille.fr,,Marseille Mazargues,43.28193472178252,5.374299764866451,Marseille Calanques
0130735D,École élémentaire Kléber,École,Public,26 rue Kléber,13003,Marseille  3e  Arrondissement,04 91 50 83 34,ce.0130735D@ac-aix-marseille.fr,REP+,Marseille  la Joliette,43.30755391256077,5.374720271399626,Marseille Vieux Port
0130736E,École élémentaire Lapin Blanc,École,Public,70 avenue André Zenatti,13008,Marseille  8e  Arrondissement,04 91 73 32 86,ce.0130736E@ac-aix-marseille.fr,,Marseille Corniche,43.24599290057429,5.386533790027699,Marseille Calanques
0130739H,École élémentaire Madrague Montredon,École,Public,34 boulevard de la Verrerie,13008,Marseille  8e  Arrondissement,04 91 73 39 23,ce.0130739H@ac-aix-marseille.fr,,Marseille Corniche,43.2326527441311,5.361959906373723,Marseille Calanques
0130741K,École élémentaire Major,École,Public,41 A rue de l'Evêché,13002,Marseille  2e  Arrondissement,04 91 91 21 51,ce.0130741K@ac-aix-marseille.fr,REP+,Marseille St Charles,43.30030637537555,5.366556499428556,Marseille Vieux Port
0130743M,École primaire Marius Thomas,École,Public,21 boulevard Marius Thomas,13007,Marseille  7e  Arrondissement,04 91 52 03 08,ce.0130743M@ac-aix-marseille.fr,,Marseille St Charles,43.284665818027705,5.36187039825097,Marseille Vieux Port
0130745P,École maternelle Maurelle Séminaire,École,Public,22 rue Marius Briata,13013,Marseille 13e  Arrondissement,04 91 93 38 55,ce.0130745P@ac-aix-marseille.fr,REP+,Marseille la Rose,43.320651322570505,5.439880257381744,Marseille Étoile
0130747S,École élémentaire Mazargues,École,Public,3 rue François Blanc,13009,Marseille  9e  Arrondissement,04 91 40 01 86,ce.0130747S@ac-aix-marseille.fr,,Marseille Mazargues,43.24958596892749,5.401450009108349,Marseille Calanques
0130751W,École élémentaire Merlan,École,Public,70 avenue du Merlan,13014,Marseille 14e  Arrondissement,04 91 98 25 05,ce.0130751W@ac-aix-marseille.fr,,Marseille le Merlan,43.33846988736813,5.407671417261387,Marseille Étoile
0130753Y,École élémentaire d'application des Accoules,École,Public,27 montée des Accoules,13002,Marseille  2e  Arrondissement,04 91 90 66 51,ce.0130753Y@ac-aix-marseille.fr,,Marseille St Charles,43.29752028630902,5.367039739739691,Marseille Vieux Port
0130766M,École élémentaire Pomme Heckel,École,Public,28 avenue du Docteur Heckel,13011,Marseille 11e  Arrondissement,04 91 35 15 27,ce.0130766M@ac-aix-marseille.fr,REP,Marseille Huveaune,43.28840309319046,5.441569923410179,Marseille Huveaune
0130769R,École élémentaire Allée des Pins le Cabot,École,Public,51 allée des Pins,13009,Marseille  9e  Arrondissement,04 91 41 34 54,ce.0130769R@ac-aix-marseille.fr,,Marseille Mazargues,43.25363742311404,5.415860395135768,Marseille Calanques
0130773V,École élémentaire Rose Frais Vallon Nord,École,Public,39 avenue de Frais Vallon,13013,Marseille 13e  Arrondissement,04 91 66 27 16,ce.0130773V@ac-aix-marseille.fr,REP+,Marseille la Rose,43.32481662219527,5.426239688573378,Marseille Étoile
0130783F,École élémentaire Saint André Condorcet,École,Public,64 rue Condorcet,13016,Marseille 16e  Arrondissement,04 91 46 03 92,ce.0130783F@ac-aix-marseille.fr,REP+,Marseille Estaque,43.35738339250452,5.341550263550019,Marseille Madrague
0130788L,École élémentaire Saint Charles 2,École,Public,36 rue du 141ème Ria,13003,Marseille  3e  Arrondissement,04 91 50 39 53,ce.0130788L@ac-aix-marseille.fr,REP+,Marseille St Charles,43.30692906292604,5.380010948716276,Marseille Vieux Port
0130790N,École élémentaire Saint Henri Raphel 1,École,Public,place Raphel,13016,Marseille 16e  Arrondissement,04 91 46 09 22,ce.0130790N@ac-aix-marseille.fr,REP,Marseille Estaque,43.36161332788594,5.330382534437238,Marseille Madrague
0130792R,École élémentaire Saint Jérôme Village 2,École,Public,41 avenue de Saint Jérôme,13013,Marseille 13e  Arrondissement,04 13 94 80 33,ce.0130792R@ac-aix-marseille.fr,,Marseille le Merlan,43.32960306451032,5.418960160359749,Marseille Étoile
0130795U,École élémentaire Saint Julien 2,École,Public,128 rue du groupe Scolaire,13012,Marseille 12e  Arrondissement,04 91 93 23 81,ce.0130795U@ac-aix-marseille.fr,,Marseille Saint Barnabé,43.3120546791175,5.446560142061784,Marseille Huveaune
0130796V,École élémentaire Saint-Just Centre 2,École,Public,16 rue Saint Georges,13013,Marseille 13e  Arrondissement,04 91 66 36 20,ce.0130796V@ac-aix-marseille.fr,REP+,Marseille Longchamp,43.31925383854728,5.405449921929668,Marseille Vieux Port
0130801A,École élémentaire Saint Loup Castel Joli,École,Public,6 avenue Castel Joli,13010,Marseille 10e  Arrondissement,04 91 44 80 58,ce.0130801A@ac-aix-marseille.fr,,Marseille Huveaune,43.2805600083539,5.429820069489968,Marseille Huveaune
0130806F,École élémentaire Saint Savournin Barthélémy,École,Public,12 rue Barthélémy,13001,Marseille  1er Arrondissement,04 91 53 10 60,ce.0130806F@ac-aix-marseille.fr,,Marseille Longchamp,43.29791379055128,5.386509407600379,Marseille Vieux Port
0130813N,École élémentaire Sainte-Sophie,École,Public,4 rue Sainte Sophie,13004,Marseille  4e  Arrondissement,04 91 34 73 03,ce.0130813N@ac-aix-marseille.fr,,Marseille Longchamp,43.306710428122976,5.402869700082881,Marseille Vieux Port
0130821X,École élémentaire la Valbarelle,École,Public,rue Gimon,13011,Marseille 11e  Arrondissement,04 91 44 83 23,ce.0130821X@ac-aix-marseille.fr,REP,Marseille Huveaune,43.28732718133835,5.456400516828884,Marseille Huveaune
0130827D,École élémentaire Vincent Leblanc,École,Public,32 rue Vincent Leblanc,13002,Marseille  2e  Arrondissement,04 91 91 26 07,ce.0130827D@ac-aix-marseille.fr,REP+,Marseille  la Joliette,43.30541566922929,5.368070042252095,Marseille Vieux Port
0130831H,École primaire la Treille,École,Public,169 route de la Treille,13011,Marseille 11e  Arrondissement,04 91 43 10 51,ce.0130831H@ac-aix-marseille.fr,,Allauch Plan-de-Cuques Château Gombert,43.31236178078132,5.512200408610958,Marseille Huveaune
0130832J,École primaire Valmont Redon,École,Public,431 avenue de Lattre de Tassigny,13009,Marseille  9e  Arrondissement,04 91 41 14 81,ce.0130832J@ac-aix-marseille.fr,,Marseille Mazargues,43.24417723724129,5.426812125281747,Marseille Calanques
0130833K,École maternelle Abbé de l'Épée,École,Public,7 bis Square Sidi Brahim,13005,Marseille  5e  Arrondissement,04 91 34 12 16,ce.0130833K@ac-aix-marseille.fr,,Marseille Longchamp,43.29758939489773,5.398480078256209,Marseille Collines
0130834L,École maternelle d'application Consolat-Abeilles,École,Public,160 rue Consolat,13001,Marseille  1er Arrondissement,04 91 08 54 03,ce.0130834L@ac-aix-marseille.fr,,Marseille Longchamp,43.30287483098308,5.393249569194056,Marseille Vieux Port
0130835M,École maternelle Alexandre Copello,École,Public,10 rue des Clairistes,13005,Marseille  5e  Arrondissement,04 91 47 31 06,ce.0130835M@ac-aix-marseille.fr,,Marseille Mazargues,43.29393126600114,5.391360418259191,Marseille Vieux Port
0130836N,École maternelle publique Parc Bellevue,École,Public,40 rue Loubon,13003,Marseille  3e  Arrondissement,04 91 58 26 82,ce.0130836N@ac-aix-marseille.fr,REP+,Marseille Madrague,43.31759258895055,5.374010985073914,Marseille Madrague
0130838R,École maternelle Baille,École,Public,250 boulevard Baille,13005,Marseille  5e  Arrondissement,04 91 78 42 19,ce.0130838R@ac-aix-marseille.fr,,Marseille Capelette,43.289743104102925,5.398290472424421,Marseille Collines
0130839S,École maternelle la Barasse,École,Public,16 boulevard Margaillan,13011,Marseille 11e  Arrondissement,04 91 36 12 13,ce.0130839S@ac-aix-marseille.fr,,Marseille Huveaune,43.28354289207971,5.481834679362144,Marseille Huveaune
0130840T,École maternelle Chutes Lavie HLM Méditerranée,École,Public,1 bis avenue des Chutes Lavie,13004,Marseille  4e  Arrondissement,04 91 50 42 19,ce.0130840T@ac-aix-marseille.fr,REP+,Marseille Longchamp,43.31237042578375,5.39605949449193,Marseille Vieux Port
0130841U,École maternelle la Baume,École,Public,1 traverse Colgate,13009,Marseille  9e  Arrondissement,04 91 40 07 44,ce.0130841U@ac-aix-marseille.fr,,Marseille Corniche,43.235341991457965,5.410764450971585,Marseille Calanques
0130842V,École maternelle Beaumont Bombardière,École,Public,213 rue Charles Kaddouz,13012,Marseille 12e  Arrondissement,04 91 93 34 16,ce.0130842V@ac-aix-marseille.fr,,Marseille Saint Barnabé,43.31751654866947,5.438007097805716,Marseille Collines
0130844X,École maternelle Belle de Mai,École,Public,2 rue Docteur Léon Perrin,13003,Marseille  3e  Arrondissement,04 91 62 17 13,ce.0130844X@ac-aix-marseille.fr,REP+,Marseille Belle de Mai,43.313273865311785,5.386260419791565,Marseille Vieux Port
0130845Y,École maternelle Révolution,École,Public,45 rue Edouard Vaillant,13003,Marseille  3e  Arrondissement,04 91 02 57 68,ce.0130845Y@ac-aix-marseille.fr,REP+,Marseille Belle de Mai,43.31579507363501,5.379589438148489,Marseille Vieux Port
0130846Z,École maternelle des Bergers,École,Public,11 rue Perrin Solliers,13006,Marseille  6e  Arrondissement,04 91 47 63 62,ce.0130846Z@ac-aix-marseille.fr,REP,Marseille St Charles,43.29088489509005,5.3847203601385125,Marseille Vieux Port
0130847A,École maternelle Bernabo,École,Public,1 traverse Bernabo,13015,Marseille 15e  Arrondissement,04 91 60 03 06,ce.0130847A@ac-aix-marseille.fr,REP+,Marseille Madrague,43.33742562437091,5.356980327494389,Marseille Madrague
0130848B,École maternelle Olympe de Gouges,École,Public,74 rue Beau,13012,Marseille 12e  Arrondissement,04 91 49 37 82,ce.0130848B@ac-aix-marseille.fr,,Marseille Saint Barnabé,43.300995653184806,5.409937533772429,Marseille Collines
0130849C,École maternelle Bois Lemaitre,École,Public,avenue Jean Compadieu,13012,Marseille 12e  Arrondissement,04 91 93 06 29,ce.0130849C@ac-aix-marseille.fr,,Marseille Saint Barnabé,43.32114022812706,5.432962111328207,Marseille Collines
0130850D,École maternelle Bois Luzy,École,Public,allée des Primevères,13012,Marseille 12e  Arrondissement,04 91 93 35 90,ce.0130850D@ac-aix-marseille.fr,,Marseille Saint Barnabé,43.31232826819959,5.42715729708936,Marseille Collines
0130851E,École maternelle Bonneveine,École,Public,52 boulevard du Sablier,13008,Marseille  8e  Arrondissement,04 91 73 04 48,ce.0130851E@ac-aix-marseille.fr,,Marseille Corniche,43.25190381972384,5.382126827470589,Marseille Calanques
0130852F,École maternelle la Busserine,École,Public,boulevard Charles Mattei,13014,Marseille 14e  Arrondissement,04 91 98 32 93,ce.0130852F@ac-aix-marseille.fr,REP+,Marseille le Merlan,43.331094603156814,5.394119542604765,Marseille Vieux Port
0130853G,École maternelle la Cabucelle,École,Public,25 boulevard Arthur Michaud,13015,Marseille 15e  Arrondissement,04 91 58 00 87,ce.0130853G@ac-aix-marseille.fr,REP+,Marseille Madrague,43.333127051156055,5.358930046507425,Marseille Madrague
0130854H,École maternelle Canet Ambrosini,École,Public,boulevard de la Maison Blanche,13014,Marseille 14e  Arrondissement,04 91 67 35 52,ce.0130854H@ac-aix-marseille.fr,REP+,Marseille  le Canet,43.330729157431406,5.374447387481844,Marseille Vieux Port
0130855J,École maternelle Canet Larousse,École,Public,47 boulevard des Droits de l'Enfant,13014,Marseille 14e  Arrondissement,04 91 67 53 17,ce.0130855J@ac-aix-marseille.fr,REP+,Marseille  le Canet,43.32897462084431,5.3818337479137055,Marseille Vieux Port
0130856K,École maternelle Capelette,École,Public,13 boulevard de la Barnière,13010,Marseille 10e  Arrondissement,04 91 79 67 26,ce.0130856K@ac-aix-marseille.fr,REP,Marseille Capelette,43.28153466614011,5.406700066134907,Marseille Huveaune
0130857L,École maternelle Calanques de Sormiou,École,Public,141 chemin de Sormiou,13009,Marseille  9e  Arrondissement,04 91 25 21 85,ce.0130857L@ac-aix-marseille.fr,,Marseille Corniche,43.22911468201355,5.401830275452697,Marseille Calanques
0130858M,École maternelle Chartreux ALBE HBM,École,Public,19 rue Vincent Faita,13004,Marseille  4e  Arrondissement,04 91 06 33 54,ce.0130858M@ac-aix-marseille.fr,,Marseille Longchamp,43.31310109276215,5.407730897898546,Marseille Vieux Port
0130859N,École maternelle Château Gombert,École,Public,38 boulevard Fernand Durbec,13013,Marseille 13e  Arrondissement,04 91 68 01 20,ce.0130859N@ac-aix-marseille.fr,,Allauch Plan-de-Cuques Château Gombert,43.35015428083309,5.438829729120938,Marseille Étoile
0130860P,École maternelle Chave,École,Public,193 boulevard Chave,13005,Marseille  5e  Arrondissement,04 91 47 49 93,ce.0130860P@ac-aix-marseille.fr,,Marseille Capelette,43.29593659023734,5.39850003828911,Marseille Collines
0130861R,École maternelle Botinelly,École,Public,21 boulevard Louis Botinelly,13004,Marseille  4e  Arrondissement,04 91 49 60 79,ce.0130861R@ac-aix-marseille.fr,,Marseille Saint Barnabé,43.30207637333943,5.404570561314131,Marseille Collines
0130862S,École maternelle Chutes Lavie,École,Public,63 allée des Platanes,13004,Marseille  4e  Arrondissement,04 91 50 41 80,ce.0130862S@ac-aix-marseille.fr,REP+,Marseille Longchamp,43.31580439317143,5.394940101404065,Marseille Vieux Port
0130863T,École maternelle Cité Michelis,École,Public,33 avenue du Pontet,13011,Marseille 11e  Arrondissement,04 91 44 74 85,ce.0130863T@ac-aix-marseille.fr,,Marseille Huveaune,43.28371747529928,5.448860266869467,Marseille Huveaune
0130864U,École primaire Clair Soleil A,École,Public,boulevard Charles Moretti,13014,Marseille 14e  Arrondissement,04 91 67 37 74,ce.0130864U@ac-aix-marseille.fr,REP+,Marseille  le Canet,43.32367720881929,5.386570368480385,Marseille Vieux Port
0130867X,École maternelle des Dames,École,Public,6 place du Terras,13002,Marseille  2e  Arrondissement,04 91 91 55 39,ce.0130867X@ac-aix-marseille.fr,REP+,Marseille  la Joliette,43.301597237583024,5.372003027842809,Marseille Vieux Port
0130868Y,École maternelle d'application Édouard Vaillant,École,Public,19 impasse Léo Ferré,13003,Marseille  3e  Arrondissement,04 91 02 57 33,ce.0130868Y@ac-aix-marseille.fr,REP+,Marseille  le Canet,43.31629785299242,5.378540328905464,Marseille Vieux Port
0130869Z,École maternelle Estaque Plage,École,Public,23 boulevard Bandini,13016,Marseille 16e  Arrondissement,04 91 46 01 27,ce.0130869Z@ac-aix-marseille.fr,REP,Marseille Estaque,43.36176291837936,5.316459774196612,Marseille Madrague
0130870A,École maternelle Estaque Riaux,École,Public,boulevard de la Falaise,13016,Marseille 16e  Arrondissement,04 91 46 00 67,ce.0130870A@ac-aix-marseille.fr,REP,Marseille Estaque,43.36266638175255,5.308549737049374,Marseille Madrague
0130871B,École maternelle Étienne Milan,École,Public,rue Etienne Milan,13008,Marseille  8e  Arrondissement,04 91 76 21 29,ce.0130871B@ac-aix-marseille.fr,,Marseille Corniche,43.26425199451609,5.387669682924421,Marseille Calanques
0130872C,École maternelle de l'Evêché,École,Public,41 rue de l'Evêché,13002,Marseille  2e  Arrondissement,04 91 90 46 48,ce.0130872C@ac-aix-marseille.fr,REP+,Marseille St Charles,43.30027599254724,5.36654662677915,Marseille Vieux Port
0130873D,École maternelle Arenc Bachas Extérieur,École,Public,57 traverse du Bachas,13015,Marseille 15e  Arrondissement,04 91 50 42 15,ce.0130873D@ac-aix-marseille.fr,REP+,Marseille  la Joliette,43.31722126682903,5.369152880213213,Marseille Madrague
0130875F,École maternelle la Feuilleraie,École,Public,87 boulevard de Roux,13004,Marseille  4e  Arrondissement,04 91 49 48 21,ce.0130875F@ac-aix-marseille.fr,,Marseille Saint Barnabé,43.307195026845214,5.408270482383061,Marseille Collines
0130876G,École maternelle Fraissinet,École,Public,"2,4 allée Fraissinet",13005,Marseille  5e  Arrondissement,04 91 48 12 06,ce.0130876G@ac-aix-marseille.fr,,Marseille Capelette,43.29199321931176,5.398971750231627,Marseille Collines
0130877H,École maternelle Delphes,École,Public,6 avenue de Delphes,13006,Marseille  6e  Arrondissement,04 91 78 46 14,ce.0130877H@ac-aix-marseille.fr,,Marseille Mazargues,43.284969895630354,5.388080299051424,Marseille Calanques
0130879K,École maternelle Grand Saint Giniez,École,Public,243 avenue de Mazargues,13008,Marseille  8e  Arrondissement,04 91 76 20 50,ce.0130879K@ac-aix-marseille.fr,,Marseille Corniche,43.25166854222336,5.3945964462370775,Marseille Calanques
0130880L,École maternelle Hôtel des Postes,École,Public,2 place de l'Hôtel des Postes,13001,Marseille  1er Arrondissement,04 91 90 74 32,ce.0130880L@ac-aix-marseille.fr,REP+,Marseille  la Joliette,43.29892418336481,5.3744683345965045,Marseille Vieux Port
0130881M,École maternelle Kléber,École,Public,27 rue Kléber,13003,Marseille  3e  Arrondissement,04 91 62 62 37,ce.0130881M@ac-aix-marseille.fr,REP+,Marseille  la Joliette,43.30801322240493,5.374910493960702,Marseille Vieux Port
0130882N,École maternelle Fiolle-Breteuil,École,Public,80 rue Docteur Jean Fiolle,13006,Marseille  6e  Arrondissement,04 91 37 58 29,ce.0130882N@ac-aix-marseille.fr,,Marseille Mazargues,43.284163499991024,5.378615631558845,Marseille Calanques
0130883P,École maternelle Jean Mermoz,École,Public,128 rue Jean Mermoz,13008,Marseille  8e  Arrondissement,04 91 77 52 61,ce.0130883P@ac-aix-marseille.fr,,Marseille Corniche,43.27307737895581,5.387039842431324,Marseille Calanques
0130884R,École maternelle le Corbusier,École,Public,280 boulevard Michelet,13008,Marseille  8e  Arrondissement,04 91 76 43 61,ce.0130884R@ac-aix-marseille.fr,,Marseille Corniche,43.26124009351105,5.397409736328711,Marseille Calanques
0130885S,École maternelle Longchamp,École,Public,2 impasse de Montbard,13004,Marseille  4e  Arrondissement,04 91 64 12 27,ce.0130885S@ac-aix-marseille.fr,,Marseille Longchamp,43.30363928052131,5.395589404392351,Marseille Vieux Port
0130887U,École maternelle Madrague Montredon,École,Public,32 boulevard de la Verrerie,13008,Marseille  8e  Arrondissement,04 91 73 34 03,ce.0130887U@ac-aix-marseille.fr,,Marseille Corniche,43.23295518254748,5.361710127128029,Marseille Calanques
0130890X,École maternelle Parmentier,École,Public,7 rue Parmentier,13001,Marseille  1er Arrondissement,04 91 91 14 23,ce.0130890X@ac-aix-marseille.fr,REP+,Marseille St Charles,43.300093732501416,5.3795205372117385,Marseille Vieux Port
0130891Y,École maternelle Mazargues,École,Public,9 rue François Blanc,13009,Marseille  9e  Arrondissement,04 91 40 35 70,ce.0130891Y@ac-aix-marseille.fr,,Marseille Mazargues,43.24997196315339,5.40112996712086,Marseille Calanques
0130892Z,École maternelle Menpenti,École,Public,159 avenue de Toulon,13010,Marseille 10e  Arrondissement,04 91 80 44 66,ce.0130892Z@ac-aix-marseille.fr,,Marseille Capelette,43.28425274039701,5.39588047028372,Marseille Vieux Port
0130893A,École maternelle Merlan,École,Public,66 chemin du Merlan,13014,Marseille 14e  Arrondissement,04 91 98 20 44,ce.0130893A@ac-aix-marseille.fr,,Marseille le Merlan,43.33776922854968,5.407529932530273,Marseille Étoile
0130895C,École maternelle Montredon,École,Public,8 place Engalière,13008,Marseille  8e  Arrondissement,04 91 73 07 97,ce.0130895C@ac-aix-marseille.fr,,Marseille Corniche,43.23820591490857,5.365629973787215,Marseille Calanques
0130896D,École maternelle Moulins,École,Public,1 rue des Muettes,13002,Marseille  2e  Arrondissement,04 91 91 20 25,ce.0130896D@ac-aix-marseille.fr,REP+,Marseille St Charles,43.29820027280158,5.367920319546713,Marseille Vieux Port
0130898F,École maternelle Lapin Blanc des Neiges,École,Public,21 boulevard des Neiges,13008,Marseille  8e  Arrondissement,04 91 73 32 79,ce.0130898F@ac-aix-marseille.fr,,Marseille Corniche,43.248212972227584,5.38054391010568,Marseille Calanques
0130899G,École maternelle Neuve-Sainte-Catherine,École,Public,17 rue Neuve Sainte Catherine,13007,Marseille  7e  Arrondissement,04 91 54 08 30,ce.0130899G@ac-aix-marseille.fr,,Marseille St Charles,43.29219091593466,5.369780339464391,Marseille Vieux Port
0130900H,École maternelle Notre-Dame Limite Château Burzio,École,Public,chemin de Mimet,13015,Marseille 15e  Arrondissement,04 91 51 30 75,ce.0130900H@ac-aix-marseille.fr,,Marseille Estaque,43.38323786281509,5.358757077102268,Marseille Madrague
0130901J,École maternelle Oddo,École,Public,18 rue de la Butineuse,13015,Marseille 15e  Arrondissement,04 91 58 00 24,ce.0130901J@ac-aix-marseille.fr,REP+,Marseille Madrague,43.32935993931228,5.36027989975109,Marseille Madrague
0130902K,École maternelle les Olives,École,Public,rue Lafferage,13013,Marseille 13e  Arrondissement,04 91 66 36 25,ce.0130902K@ac-aix-marseille.fr,,Marseille la Rose,43.32564934184246,5.454859542260927,Marseille Étoile
0130904M,École maternelle Parc Dromel,École,Public,1 boulevard Dromel,13009,Marseille  9e  Arrondissement,04 91 75 28 28,ce.0130904M@ac-aix-marseille.fr,,Marseille Capelette,43.270279698735,5.406779764971647,Marseille Huveaune
0130905N,École maternelle Parc Sévigné,École,Public,2 rue Aviateur Lebrix,13009,Marseille  9e  Arrondissement,04 91 71 01 52,ce.0130905N@ac-aix-marseille.fr,,Marseille Mazargues,43.264688969188846,5.403796632361743,Marseille Calanques
0130907R,École maternelle Paul Codaccioni,École,Public,18 rue Paul Codaccioni,13007,Marseille  7e  Arrondissement,04 91 52 54 61,ce.0130907R@ac-aix-marseille.fr,,Marseille St Charles,43.28792901456045,5.360390196403659,Marseille Vieux Port
0130908S,École maternelle la Pauline,École,Public,343 boulevard Romain Rolland,13009,Marseille  9e  Arrondissement,04 91 75 53 31,ce.0130908S@ac-aix-marseille.fr,,Marseille Capelette,43.27135906480959,5.409026935832991,Marseille Huveaune
0130909T,École maternelle Petit Bosquet,École,Public,17 boulevard Tristan Corbière,13012,Marseille 12e  Arrondissement,04 91 66 12 32,ce.0130909T@ac-aix-marseille.fr,,Marseille Longchamp,43.3150292844245,5.415539550620445,Marseille Vieux Port
0130911V,École maternelle la Pointe Rouge,École,Public,6 boulevard de Nice,13008,Marseille  8e  Arrondissement,04 91 73 47 19,ce.0130911V@ac-aix-marseille.fr,,Marseille Corniche,43.24289366556168,5.37239686862989,Marseille Calanques
0130912W,École maternelle Pomme Heckel,École,Public,24 avenue du Docteur Heckel,13011,Marseille 11e  Arrondissement,04 91 44 72 98,ce.0130912W@ac-aix-marseille.fr,REP,Marseille Huveaune,43.28867623368826,5.44147060809233,Marseille Huveaune
0130913X,École maternelle Grande Bastide Cazaulx,École,Public,allée de la Grande Bastide Cazaulx,13012,Marseille 12e  Arrondissement,04 91 93 00 48,ce.0130913X@ac-aix-marseille.fr,,Marseille Saint Barnabé,43.29839779714055,5.436931257236875,Marseille Collines
0130914Y,École primaire Pommier,École,Public,6 rue Pommier,13003,Marseille  3e  Arrondissement,04 91 64 03 58,ce.0130914Y@ac-aix-marseille.fr,REP+,Marseille Belle de Mai,43.30917592724619,5.381050208293111,Marseille Vieux Port
0130915Z,École maternelle Pont de Vivaux Saccoman,École,Public,206 boulevard Romain Rolland,13010,Marseille 10e  Arrondissement,04 91 79 78 31,ce.0130915Z@ac-aix-marseille.fr,REP,Marseille Huveaune,43.27509209695007,5.4158796084237055,Marseille Huveaune
0130916A,École maternelle Rose Saint Théodore,École,Public,43 allée des Bergeronnettes,13013,Marseille 13e  Arrondissement,04 91 66 35 61,ce.0130916A@ac-aix-marseille.fr,REP,Marseille la Rose,43.33082505437021,5.435449690328715,Marseille Étoile
0130917B,École maternelle Figone Rosière,École,Public,avenue de la Figone,13012,Marseille 12e  Arrondissement,04 91 93 00 40,ce.0130917B@ac-aix-marseille.fr,,Marseille Saint Barnabé,43.30550914543881,5.438067413273735,Marseille Collines
0130918C,École primaire Roucas Blanc,École,Public,44 chemin du Roucas Blanc,13007,Marseille  7e  Arrondissement,04 91 52 69 26,ce.0130918C@ac-aix-marseille.fr,,Marseille St Charles,43.28667065597172,5.366489688950903,Marseille Vieux Port
0130919D,École maternelle le Rouet,École,Public,38 rue Roger Renzo,13008,Marseille  8e  Arrondissement,04 91 79 27 46,ce.0130919D@ac-aix-marseille.fr,,Marseille Mazargues,43.27789905487924,5.394090392791695,Marseille Calanques
0130920E,École maternelle la Rouguière,École,Public,allée de la Rouguière,13011,Marseille 11e  Arrondissement,04 91 89 46 31,ce.0130920E@ac-aix-marseille.fr,,Marseille Saint Barnabé,43.29513770533744,5.457967884031721,Marseille Collines
0130923H,École maternelle Peyssonnel,École,Public,16 rue Peyssonnel,13003,Marseille  3e  Arrondissement,04 91 50 77 12,ce.0130923H@ac-aix-marseille.fr,REP+,Marseille  la Joliette,43.3073218111925,5.373199824003491,Marseille Vieux Port
0130924J,École maternelle Saint-André Boisseau,École,Public,2 rue Boisseau,13016,Marseille 16e  Arrondissement,04 91 46 02 57,ce.0130924J@ac-aix-marseille.fr,REP+,Marseille Estaque,43.35590584975956,5.343990292136866,Marseille Madrague
0130925K,École maternelle Saint-Antoine Centre,École,Public,19 avenue de Roquefavour,13015,Marseille 15e  Arrondissement,04 91 51 28 02,ce.0130925K@ac-aix-marseille.fr,,Marseille Estaque,43.36951038647579,5.358650049707903,Marseille Madrague
0130926L,École maternelle Saint-Antoine Palanque,École,Public,chemin de la Martine,13015,Marseille 15e  Arrondissement,04 91 65 68 28,ce.0130926L@ac-aix-marseille.fr,REP+,Marseille Aygalades,43.3737528325241,5.364475794545174,Marseille Madrague
0130927M,École maternelle Saint-Barnabé,École,Public,4 rue Fontainieu,13012,Marseille 12e  Arrondissement,04 91 49 69 88,ce.0130927M@ac-aix-marseille.fr,,Marseille Saint Barnabé,43.304951238807575,5.414689653421176,Marseille Collines
0130928N,École maternelle Saint-Barthélémy SNCF,École,Public,Cité Sncf chemin de Sainte Marthe,13014,Marseille 14e  Arrondissement,04 91 98 22 03,ce.0130928N@ac-aix-marseille.fr,REP+,Marseille le Merlan,43.32374000878976,5.390653300065788,Marseille Vieux Port
0130929P,École maternelle Saint-Charles,École,Public,49 rue Lucien Rolmer,13003,Marseille  3e  Arrondissement,04 91 62 48 87,ce.0130929P@ac-aix-marseille.fr,REP+,Marseille St Charles,43.30613799351057,5.375837603375882,Marseille Vieux Port
0130930R,École maternelle Saint-Gabriel,École,Public,80 chemin de Gibbes,13014,Marseille 14e  Arrondissement,04 91 02 58 10,ce.0130930R@ac-aix-marseille.fr,,Marseille  le Canet,43.32213565734822,5.380971747235877,Marseille Vieux Port
0130931S,École maternelle Saint-Henri Raphel 1,École,Public,place Raphel,13016,Marseille 16e  Arrondissement,04 91 46 08 24,ce.0130931S@ac-aix-marseille.fr,REP,Marseille Estaque,43.36104099979328,5.331340010023636,Marseille Madrague
0130932T,École maternelle Simiane,École,Public,chemin de Saint-Joseph À Sainte-Marthe,13014,Marseille 14e  Arrondissement,04 91 98 56 27,ce.0130932T@ac-aix-marseille.fr,REP+,Marseille Aygalades,43.34091051581496,5.386606018936021,Marseille Vieux Port
0130933U,École maternelle Saint-Joseph Servières,École,Public,rue du Capricorne,13015,Marseille 15e  Arrondissement,04 91 60 61 67,ce.0130933U@ac-aix-marseille.fr,REP+,Marseille Aygalades,43.34437165038244,5.374146443380194,Marseille Vieux Port
0130934V,École maternelle Saint-Julien,École,Public,11 boulevard Bonniot,13012,Marseille 12e  Arrondissement,04 91 93 17 95,ce.0130934V@ac-aix-marseille.fr,,Marseille Saint Barnabé,43.31488530416518,5.450767486176654,Marseille Collines
0130935W,École maternelle Saint-Just Centre,École,Public,12 rue Saint Georges,13013,Marseille 13e  Arrondissement,04 91 66 38 67,ce.0130935W@ac-aix-marseille.fr,REP+,Marseille Longchamp,43.31901113365712,5.405760277757939,Marseille Vieux Port
0130937Y,École maternelle Saint-Louis Gare,École,Public,16 rue le Châtelier,13015,Marseille 15e  Arrondissement,04 13 94 80 31,ce.0130937Y@ac-aix-marseille.fr,REP+,Marseille Madrague,43.348059362319006,5.359320740281051,Marseille Madrague
0130938Z,École maternelle Saint-Louis Lévêque,École,Public,Campagne Lévêque,13015,Marseille 15e  Arrondissement,04 91 60 71 63,ce.0130938Z@ac-aix-marseille.fr,REP+,Marseille Madrague,43.342665960508405,5.358316847463493,Marseille Madrague
0130939A,École maternelle Saint-Loup Castel Joli,École,Public,23 rue Pierre Doize,13010,Marseille 10e  Arrondissement,04 91 44 73 01,ce.0130939A@ac-aix-marseille.fr,,Marseille Huveaune,43.28106288487753,5.429629380835396,Marseille Huveaune
0130941C,École maternelle Saint-Marcel,École,Public,14 rue Courencq,13011,Marseille 11e  Arrondissement,04 91 44 99 50,ce.0130941C@ac-aix-marseille.fr,REP,Marseille Huveaune,43.28617847445752,5.463569638816727,Marseille Huveaune
0130942D,École maternelle Saint-Pierre,École,Public,45 rue Pascal Ruinat,13005,Marseille  5e  Arrondissement,04 91 47 92 37,ce.0130942D@ac-aix-marseille.fr,,Marseille Capelette,43.29340602593689,5.408729521724013,Marseille Collines
0130944F,École maternelle Saint-Vincent-de-Paul,École,Public,39 rue Chape,13004,Marseille  4e  Arrondissement,04 91 42 86 11,ce.0130944F@ac-aix-marseille.fr,,Marseille Longchamp,43.30023873339017,5.391666398877507,Marseille Vieux Port
0130945G,École maternelle Sainte-Anne,École,Public,492 avenue de Mazargues,13008,Marseille  8e  Arrondissement,04 91 76 19 36,ce.0130945G@ac-aix-marseille.fr,,Marseille Corniche,43.25558362708555,5.39397338158344,Marseille Calanques
0130946H,École maternelle Sainte-Marguerite,École,Public,10 boulevard Pages,13009,Marseille  9e  Arrondissement,04 91 75 11 78,ce.0130946H@ac-aix-marseille.fr,,Marseille Capelette,43.26764064950445,5.405866693390709,Marseille Huveaune
0130947J,École maternelle Sainte-Sophie,École,Public,2 rue Sainte Sophie,13004,Marseille  4e  Arrondissement,04 91 49 18 15,ce.0130947J@ac-aix-marseille.fr,,Marseille Longchamp,43.3063766783226,5.4025797392876695,Marseille Vieux Port
0130949L,École maternelle Sinoncelli,École,Public,49 rue Boisselot,13014,Marseille 14e  Arrondissement,04 91 64 03 95,ce.0130949L@ac-aix-marseille.fr,REP+,Marseille  le Canet,43.31833738753329,5.390000261345137,Marseille Vieux Port
0130950M,École maternelle Square Michelet,École,Public,boulevard Gaston Ramon,13009,Marseille  9e  Arrondissement,04 91 76 01 31,ce.0130950M@ac-aix-marseille.fr,,Marseille Mazargues,43.267216660342,5.3972898973252015,Marseille Calanques
0130951N,École maternelle Strasbourg,École,Public,26 rue du Sud,13003,Marseille  3e  Arrondissement,04 91 50 72 05,ce.0130951N@ac-aix-marseille.fr,REP+,Marseille St Charles,43.30721960333501,5.378218753055259,Marseille Vieux Port
0130953R,École maternelle d'application la Valbarelle,École,Public,26 avenue Lanfranchi,13011,Marseille 11e  Arrondissement,04 91 44 95 41,ce.0130953R@ac-aix-marseille.fr,REP,Marseille Huveaune,43.288019650737056,5.454839506354806,Marseille Huveaune
0130954S,École maternelle Jouvène Valentine,École,Public,chemin des Accates,13011,Marseille 11e  Arrondissement,04 91 43 00 63,ce.0130954S@ac-aix-marseille.fr,,Allauch Plan-de-Cuques Château Gombert,43.29917880780143,5.488169956417953,Marseille Huveaune
0130955T,École maternelle Vauban,École,Public,122 boulevard Vauban,13006,Marseille  6e  Arrondissement,04 91 37 20 48,ce.0130955T@ac-aix-marseille.fr,,Marseille Mazargues,43.282136311473785,5.373439622296763,Marseille Calanques
0130956U,École maternelle Verduron Haut,École,Public,2 boulevard de la Pinède,13015,Marseille 15e  Arrondissement,04 91 51 11 25,ce.0130956U@ac-aix-marseille.fr,,Marseille Estaque,43.37518879198027,5.344310088113257,La Nerthe
0130957V,École maternelle Vincent Leblanc,École,Public,36 rue Vincent Leblanc,13002,Marseille  2e  Arrondissement,04 91 91 63 72,ce.0130957V@ac-aix-marseille.fr,REP+,Marseille  la Joliette,43.3055769163941,5.367939877156594,Marseille Vieux Port
0130958W,École maternelle la Viste Bousquet,École,Public,38 route Nationale de la Viste,13015,Marseille 15e  Arrondissement,04 91 60 91 10,ce.0130958W@ac-aix-marseille.fr,REP+,Marseille Estaque,43.35681472026554,5.357829229108214,Marseille Madrague
0130969H,École élémentaire Aupècle,École,Public,15 avenue Pasteur,13500,Martigues,04 42 07 05 44,ce.0130969H@ac-aix-marseille.fr,,Châteauneuf,43.40029338770079,5.056230214135899,Cote Bleue
0130970J,École élémentaire Henri Tranchier,École,Public,avenue Guy Môquet,13500,Martigues,04 42 80 56 16,ce.0130970J@ac-aix-marseille.fr,,Martigues,43.41166248192044,5.021619775734849,Cote Bleue
0130971K,École élémentaire Tourrel,École,Public,boulevard Jean Jacques Rousseau,13500,Martigues,04 42 07 04 76,ce.0130971K@ac-aix-marseille.fr,,Châteauneuf,43.400057230343286,5.047988333524724,Cote Bleue
0130972L,École élémentaire Jean Jaurès 1,École,Public,5 boulevard Joliot Curie,13500,Martigues,04 42 80 45 63,ce.0130972L@ac-aix-marseille.fr,,Martigues,43.40951964007692,5.053999656380444,Cote Bleue
0130974N,École primaire Alain Lopez,École,Public,avenue Raymond Simi,13117,Martigues,04 42 81 49 72,ce.0130974N@ac-aix-marseille.fr,,Martigues,43.38504293551469,5.027519615729983,Cote Bleue
0130975P,École primaire Saint Jean,École,Public,22 rue des Ecoles,13500,Martigues,04 42 06 22 03,ce.0130975P@ac-aix-marseille.fr,,Martigues,43.414420790190846,5.0059396700686,Cote Bleue
0130976R,École primaire Saint Pierre,École,Public,chemin des Ecoles,13500,Martigues,04 42 81 49 42,ce.0130976R@ac-aix-marseille.fr,,Châteauneuf,43.36992704836818,5.054240604814407,Cote Bleue
0130985A,École primaire Carro,École,Public,rue des Ecoliers Carro,13500,Martigues,04 42 80 73 09,ce.0130985A@ac-aix-marseille.fr,,Châteauneuf,43.33222162464263,5.040040105806406,Cote Bleue
0130986B,École élémentaire la Couronne,École,Public,chemin du Phare,13500,Martigues,04 42 80 76 12,ce.0130986B@ac-aix-marseille.fr,,Châteauneuf,43.33153401499538,5.053690606988772,Cote Bleue
0130987C,École primaire Saint Julien,École,Public,route de Sausset,13500,Martigues,04 42 81 49 43,ce.0130987C@ac-aix-marseille.fr,,Châteauneuf,43.36334873736721,5.09400018596023,Cote Bleue
0130988D,École maternelle Ferrières,École,Public,25 chemin Paradis,13500,Martigues,04 42 80 44 34,ce.0130988D@ac-aix-marseille.fr,,Martigues,43.40786017065282,5.051339591872255,Cote Bleue
0130990F,École maternelle Madeleine Chauve (Jonquières),École,Public,avenue Pasteur,13500,Martigues,04 42 07 04 33,ce.0130990F@ac-aix-marseille.fr,,Châteauneuf,43.40051760087512,5.056460384071031,Cote Bleue
0130992H,École primaire Marie Mauron,École,Public,Mas Mattias,13103,Mas-Blanc-des-Alpilles,04 90 49 01 57,ce.0130992H@ac-aix-marseille.fr,,Saint Rémy de Provence,43.789321282523744,4.755070174565576,Camargue
0130993J,École élémentaire Charles Piquet,École,Public,1 avenue des Ecoles,13520,Maussane-les-Alpilles,04 90 54 30 06,ce.0130993J@ac-aix-marseille.fr,,Saint Martin de Crau,43.72216836639024,4.80319008766947,Camargue
0130995L,École élémentaire Jules Ferry,École,Public,2 rue Jules Ferry,13650,Meyrargues,04 42 57 51 56,ce.0130995L@ac-aix-marseille.fr,,Peyrolles,43.63598315079984,5.527339922440499,Sainte Victoire
0130997N,École élémentaire Virgile Arène,École,Public,le Plan,13590,Meyreuil,04 42 58 36 25,ce.0130997N@ac-aix-marseille.fr,,Aix - Ste Victoire,43.47536454550079,5.49634648496476,Sainte Victoire
0130999R,École élémentaire Alain Tertzaguian,École,Public,le village,13590,Meyreuil,04 42 58 15 75,ce.0130999R@ac-aix-marseille.fr,,Aix - Ste Victoire,43.48666668254851,5.49396057851239,Sainte Victoire
0131001T,École maternelle Virgile Arène,École,Public,le Plan,13590,Meyreuil,04 42 29 22 90,ce.0131001T@ac-aix-marseille.fr,,Aix - Ste Victoire,43.47406430120983,5.494176457095579,Sainte Victoire
0131002U,École primaire Mezoargues,École,Public,le bourg,13150,Saint-Pierre-de-Mézoargues,04 90 43 94 45,ce.0131002U@ac-aix-marseille.fr,,Saint Rémy de Provence,43.85925303127308,4.651289214869841,Camargue
0131003V,École élémentaire les Moulières,École,Public,rue des Marjolaines,13105,Mimet,04 42 51 37 69,ce.0131003V@ac-aix-marseille.fr,,Gardanne,43.42683016791253,5.478750163114503,Sainte Victoire
0131005X,École élémentaire Mimet Village,École,Public,quartier de la Tour,13105,Mimet,04 42 58 95 87,ce.0131005X@ac-aix-marseille.fr,,Gardanne,43.41643634585108,5.50485971695293,Sainte Victoire
0131006Y,École élémentaire Jules Ferry,École,Public,rue Henri Lang,13140,Miramas,04 90 58 20 00,ce.0131006Y@ac-aix-marseille.fr,,Miramas,43.58716764247467,4.997939679069277,La Crau
0131008A,École primaire Jean Moulin,École,Public,avenue Jean Moulin,13140,Miramas,04 90 58 09 29,ce.0131008A@ac-aix-marseille.fr,,Miramas,43.57821768179987,5.005700040964928,La Crau
0131010C,École élémentaire Jean Macé,École,Public,rue Simian Jauffret,13140,Miramas,04 90 58 05 52,ce.0131010C@ac-aix-marseille.fr,,Miramas,43.58321374984929,5.004289840608076,La Crau
0131012E,École primaire Miramas Village,École,Public,rue des Ecoles quartier village,13140,Miramas,04 90 58 09 79,ce.0131012E@ac-aix-marseille.fr,,Miramas,43.56250536940308,5.024389768231181,La Crau
0131013F,École maternelle Jourdan,École,Public,22 rue Jourdan,13140,Miramas,04 90 58 03 23,ce.0131013F@ac-aix-marseille.fr,,Miramas,43.58212036263875,4.9993004565147645,La Crau
0131015H,École élémentaire Mollégès,École,Public,route de Noves,13940,Mollégès,04 90 95 00 81,ce.0131015H@ac-aix-marseille.fr,,Saint Rémy de Provence,43.8081190320993,4.94853989809028,Luberon
0131017K,École élémentaire Louis Pasteur,École,Public,59 rue Louis Pasteur,13890,Mouriès,04 90 47 52 39,ce.0131017K@ac-aix-marseille.fr,,Saint Martin de Crau,43.688484048742446,4.874099659093315,Camargue
0131019M,École élémentaire Jules Ferry,École,Public,4 place Jules Ferry,13550,Noves,04 90 24 43 04,ce.0131019M@ac-aix-marseille.fr,,Saint Rémy de Provence,43.876521074116646,4.903289408958228,Avignon
0131020N,École primaire Louise Michel,École,Public,avenue François Marcel Roudier,13550,Noves,04 90 95 41 54,ce.0131020N@ac-aix-marseille.fr,,Saint Rémy de Provence,43.8333722524274,4.902816118552937,Luberon
0131023S,École maternelle Jules Ferry,École,Public,20 boulevard de la République,13550,Noves,04 90 24 43 03,ce.0131023S@ac-aix-marseille.fr,,Saint Rémy de Provence,43.87679911692693,4.90277973641841,Avignon
0131024T,École élémentaire d'Orgon,École,Public,route de Bazardes,13660,Orgon,04 90 73 00 63,ce.0131024T@ac-aix-marseille.fr,REP,Saint Martin de Crau,43.79368770821047,5.040760015560212,Luberon
0131026V,École élémentaire Hubert Nyssen,École,Public,Paradou,13520,Paradou,04 90 54 42 03,ce.0131026V@ac-aix-marseille.fr,,Saint Martin de Crau,43.71981832164829,4.782860360640814,Camargue
0131027W,École primaire de la Gare,École,Public,avenue Frédéric Mistral,13330,Pélissanne,04 42 11 20 25,ce.0131027W@ac-aix-marseille.fr,,Salon de Provence,43.63403602490675,5.153493880001844,Salon
0131029Y,École élémentaire Pierre Brossolette,École,Public,boulevard de la Gare,13821,La Penne-sur-Huveaune,04 91 36 13 17,ce.0131029Y@ac-aix-marseille.fr,,Marseille Huveaune,43.28274117946045,5.515799538227335,Marseille Huveaune
0131031A,École élémentaire Castel Hélène,École,Public,place Depeyres,13170,Les Pennes-Mirabeau,04 42 02 81 80,ce.0131031A@ac-aix-marseille.fr,,Vitrolles,43.40935189284027,5.311619964761235,La Nerthe
0131034D,École primaire Claudie Haigneré,École,Public,1 chemin de Val Sec - la Gavotte,13170,Les Pennes-Mirabeau,04 91 51 06 89,ce.0131034D@ac-aix-marseille.fr,,Marignane,43.37973116467672,5.346885107812038,La Nerthe
0131035E,École primaire la Renardière,École,Public,chemin des Pinchinades,13170,Les Pennes-Mirabeau,04 42 02 57 30,ce.0131035E@ac-aix-marseille.fr,,Vitrolles,43.4174933354132,5.299370392266729,La Nerthe
0131036F,École élémentaire les Cadeneaux,École,Public,rue Jean Aicard,13170,Les Pennes-Mirabeau,04 91 51 09 18,ce.0131036F@ac-aix-marseille.fr,,Marignane,43.39496082912031,5.341839662026643,La Nerthe
0131041L,École primaire Jean Jaurès,École,Public,avenue Jean Jaurès,13790,Peynier,04 42 53 06 56,ce.0131041L@ac-aix-marseille.fr,,Trets,43.44875167364077,5.641690224611379,Sainte Victoire
0131043N,École élémentaire Marcel Pagnol,École,Public,1 avenue du Pont,13124,Peypin,04 42 62 07 45,ce.0131043N@ac-aix-marseille.fr,,Trets,43.38525440985081,5.576680129769934,Sainte Victoire
0131044P,École élémentaire Auberge Neuve,École,Public,Auberge Neuve,13124,Peypin,04 42 04 65 60,ce.0131044P@ac-aix-marseille.fr,,Trets,43.39283495519336,5.551494264424964,Sainte Victoire
0131047T,École élémentaire Toussaint Barthomeuf,École,Public,2 rue des Ecoles,13860,Peyrolles-en-Provence,04 42 67 11 58,ce.0131047T@ac-aix-marseille.fr,,Peyrolles,43.6471594368197,5.58160003600326,Sainte Victoire
0131049V,École élémentaire André Malraux 1,École,Public,avenue Jules Rollandin,13380,Plan-de-Cuques,04 91 05 07 03,ce.0131049V@ac-aix-marseille.fr,,Allauch Plan-de-Cuques Château Gombert,43.34815564912167,5.461739625991915,Marseille Étoile
0131050W,École élémentaire Robert Debré,École,Public,rue Robert Debré,13380,Plan-de-Cuques,04 91 68 76 58,ce.0131050W@ac-aix-marseille.fr,,Allauch Plan-de-Cuques Château Gombert,43.36005577119581,5.468740392638595,Marseille Étoile
0131051X,École élémentaire André Malraux 2,École,Public,avenue Jules Rollandin,13380,Plan-de-Cuques,04 91 05 06 90,ce.0131051X@ac-aix-marseille.fr,,Allauch Plan-de-Cuques Château Gombert,43.34783891429654,5.462250234597757,Marseille Étoile
0131053Z,École maternelle l'Escarboucle,École,Public,avenue Jules Rollandin quartier centre,13380,Plan-de-Cuques,04 91 68 41 60,ce.0131053Z@ac-aix-marseille.fr,,Allauch Plan-de-Cuques Château Gombert,43.38472221728696,5.462638040527603,Marseille Étoile
0131054A,École élémentaire Plan d'Orgon,École,Public,route des Ecoles,13750,Plan-d'Orgon,04 90 73 10 58,ce.0131054A@ac-aix-marseille.fr,REP,Saint Martin de Crau,43.81235041732607,5.003189640548486,Luberon
0131056C,École primaire les Arcades Louis Azemard,École,Public,les Arcades,13110,Port-de-Bouc,04 42 06 41 60,ce.0131056C@ac-aix-marseille.fr,REP,Martigues,43.42601601288367,4.9769396433893,Cote Bleue
0131057D,École élémentaire Romain Rolland 1,École,Public,quartier les Comtes,13110,Port-de-Bouc,04 42 45 70 78,ce.0131057D@ac-aix-marseille.fr,REP,Martigues,43.41064001459606,4.991809574741413,Cote Bleue
0131058E,École élémentaire Jean Jaurès,École,Public,rue Michel Ruiz,13110,Port-de-Bouc,04 42 06 21 54,ce.0131058E@ac-aix-marseille.fr,REP+,Martigues,43.40528331747752,4.9801995271064,Cote Bleue
0131066N,École maternelle Josette Reibaut,École,Public,la Gare quartier Tassy,13110,Port-de-Bouc,04 42 06 22 04,ce.0131066N@ac-aix-marseille.fr,REP+,Martigues,43.40814359071081,4.98529338905804,Cote Bleue
0131067P,École maternelle la Leque,École,Public,4 rue Victor Hugo,13110,Port-de-Bouc,04 42 06 22 78,ce.0131067P@ac-aix-marseille.fr,REP+,Martigues,43.40251937998884,4.979230603423702,Cote Bleue
0131068R,École élémentaire Jules Verne,École,Public,1 allée du Rhône,13230,Port-Saint-Louis-du-Rhône,04 42 86 02 14,ce.0131068R@ac-aix-marseille.fr,REP,Saint Martin de Crau,43.38674776746789,4.802730448772589,Camargue
0131069S,École élémentaire Paul Éluard,École,Public,quartier Vauban Nord,13230,Port-Saint-Louis-du-Rhône,04 42 86 01 79,ce.0131069S@ac-aix-marseille.fr,REP,Saint Martin de Crau,43.39815198593318,4.79789950847118,Camargue
0131070T,École primaire Puyloubier,École,Public,avenue de Pourrières,13114,Puyloubier,04 42 66 38 04,ce.0131070T@ac-aix-marseille.fr,,Trets,43.52516925809229,5.676470061781327,Sainte Victoire
0131071U,École élémentaire Mixte la Quiho,École,Public,22 avenue Anciens Combattants,13610,le Puy-Sainte-Réparade,04 42 50 08 03,ce.0131071U@ac-aix-marseille.fr,,Peyrolles,43.66394608437557,5.437829545088027,Sainte Victoire
0131073W,École élémentaire Saint Canadet,École,Public,hameau de Saint Canadet,13610,le Puy-Sainte-Réparade,04 42 61 86 75,ce.0131073W@ac-aix-marseille.fr,,Peyrolles,43.63079684569863,5.457709799646355,Sainte Victoire
0131074X,École maternelle Arc en Ciel,École,Public,1049 boulevard de la Coopérative,13610,le Puy-Sainte-Réparade,04 42 61 96 64,ce.0131074X@ac-aix-marseille.fr,,Peyrolles,43.664712700621685,5.436360415236015,Sainte Victoire
0131075Y,École élémentaire Marcel Pagnol,École,Public,11 boulevard Jaures,13340,Rognac,04 42 78 62 07,ce.0131075Y@ac-aix-marseille.fr,,Aix - Vallée de l'Arc,43.4884409870453,5.223849664827108,La Nerthe
0131078B,École élémentaire Robert Verrier,École,Public,chemin de la Fanée,13840,Rognes,04 42 50 14 94,ce.0131078B@ac-aix-marseille.fr,,Peyrolles,43.661585381787305,5.350889645512402,Sainte Victoire
0131080D,École élémentaire Rognonas,École,Public,7 chemin Saint Jean,13870,Rognonas,04 90 94 81 28,ce.0131080D@ac-aix-marseille.fr,,Saint Rémy de Provence,43.900661901011446,4.804390399406008,Avignon
0131082F,École élémentaire Victor Hugo,École,Public,cours Foch,13640,La Roque-d'Anthéron,04 42 50 40 49,ce.0131082F@ac-aix-marseille.fr,,Peyrolles,43.71743048079073,5.309509421890049,Sainte Victoire
0131083G,École élémentaire Jules Ferry,École,Public,Esplanade du Pijoret,13640,La Roque-d'Anthéron,04 42 50 40 22,ce.0131083G@ac-aix-marseille.fr,,Peyrolles,43.71488068765456,5.30906030521413,Sainte Victoire
0131085J,École maternelle Paul Claudel,École,Public,quartier du Pijoret,13640,La Roque-d'Anthéron,04 42 50 41 01,ce.0131085J@ac-aix-marseille.fr,,Peyrolles,43.71539166233417,5.308270459136154,Sainte Victoire
0131086K,École élémentaire Paul Éluard,École,Public,allée Gondrexon,13830,Roquefort-la-Bédoule,04 42 73 21 00,ce.0131086K@ac-aix-marseille.fr,,La Ciotat,43.24766743244102,5.58443050810228,Le Garlaban
0131089N,École élémentaire Frédéric Mistral,École,Public,avenue du Mail,13470,Carnoux-en-Provence,04 42 73 49 16,ce.0131089N@ac-aix-marseille.fr,,La Ciotat,43.2546762410317,5.562773596868933,Le Garlaban
0131091R,École maternelle Joliot-Curie,École,Public,la Bedoule,13830,Roquefort-la-Bédoule,04 42 73 26 07,ce.0131091R@ac-aix-marseille.fr,,La Ciotat,43.24834333836663,5.587700109498607,Le Garlaban
0131092S,École élémentaire Centre,École,Public,rue Rolland,13360,Roquevaire,04 42 04 22 18,ce.0131092S@ac-aix-marseille.fr,,Aubagne,43.34888387060461,5.601220346294396,Le Garlaban
0131095V,École primaire l'Estellan,École,Public,18 route du Val de Riou,13360,Roquevaire,04 42 04 23 44,ce.0131095V@ac-aix-marseille.fr,,Aubagne,43.32844702010774,5.598321414060623,Le Garlaban
0131096W,École primaire Lascours,École,Public,hameau de Lascours,13360,Roquevaire,04 42 04 00 59,ce.0131096W@ac-aix-marseille.fr,,Aubagne,43.3452498997603,5.581699796633753,Le Garlaban
0131097X,École maternelle la Quinsounaio,École,Public,avenue des Alliés,13360,Roquevaire,04 42 04 10 39,ce.0131097X@ac-aix-marseille.fr,,Aubagne,43.347836840412896,5.603250026993212,Le Garlaban
0131098Y,École élémentaire de Rousset,École,Public,rue Louis Alard,13790,Rousset,04 42 29 02 19,ce.0131098Y@ac-aix-marseille.fr,,Trets,43.48214665607469,5.6251994088740105,Sainte Victoire
0131102C,École élémentaire Jean Moulin,École,Public,place Jean Moulin,13670,Saint-Andiol,04 90 95 04 73,ce.0131102C@ac-aix-marseille.fr,,Saint Rémy de Provence,43.83604625156637,4.946149395581714,Luberon
0131104E,École maternelle Jean Moulin,École,Public,17 rue Jean Moulin,13670,Saint-Andiol,04 90 95 03 49,ce.0131104E@ac-aix-marseille.fr,,Saint Rémy de Provence,43.83571708889876,4.94582977767686,Luberon
0131108J,École élémentaire Irène Joliot-Curie,École,Public,boulevard Joliot Curie,13250,Saint-Chamas,04 90 44 54 03,ce.0131108J@ac-aix-marseille.fr,,Miramas,43.54887968043746,5.036039663258971,La Crau
0131109K,École élémentaire Gabriel Péri,École,Public,rue Hoche,13250,Saint-Chamas,04 90 44 52 43,ce.0131109K@ac-aix-marseille.fr,,Miramas,43.55197064809432,5.034009679314689,La Crau
0131110L,École maternelle du Loir,École,Public,quartier du Loir,13250,Saint-Chamas,04 90 44 52 40,ce.0131110L@ac-aix-marseille.fr,,Miramas,43.56147467172373,5.03805944386581,La Crau
0131111M,École maternelle la Poudrerie,École,Public,place de l'Ancienne Poudrerie,13250,Saint-Chamas,04 42 48 86 04,ce.0131111M@ac-aix-marseille.fr,,Miramas,43.550117893263625,5.028890379785427,La Crau
0131113P,École élémentaire Mixte Saint Étienne du Grès,École,Public,rue de la République,13103,Saint-Etienne-du-Grès,04 90 49 19 63,ce.0131113P@ac-aix-marseille.fr,,Saint Rémy de Provence,43.78135796863847,4.725150456444728,Camargue
0131115S,École primaire Saint Marc Jaumegarde,École,Public,St Marc Jaumegarde,13100,Saint-Marc-Jaumegarde,04 42 24 99 95,ce.0131115S@ac-aix-marseille.fr,,Aix - Touloubre,43.54696071145892,5.523150408811851,Sainte Victoire
0131116T,École élémentaire Logisson,École,Public,avenue César Bernaudon le Logisson,13310,Saint-Martin-de-Crau,04 90 47 12 55,ce.0131116T@ac-aix-marseille.fr,,Saint Martin de Crau,43.63902992836145,4.812777336272314,Camargue
0131118V,École primaire Caphan,École,Public,rue des Ecoles,13310,Saint-Martin-de-Crau,04 90 47 13 70,ce.0131118V@ac-aix-marseille.fr,,Saint Martin de Crau,43.6555726504288,4.799219643932763,Camargue
0131119W,École élémentaire Édouard Vaillant,École,Public,rue Belle Font,13920,Saint-Mitre-les-Remparts,04 42 80 98 75,ce.0131119W@ac-aix-marseille.fr,,Istres,43.4514793573368,5.015319699424504,La Crau
0131120X,École élémentaire Jean Rostand,École,Public,quartier des Aires Est,13920,Saint-Mitre-les-Remparts,04 42 44 02 01,ce.0131120X@ac-aix-marseille.fr,,Istres,43.45773847166192,5.019629579535909,La Crau
0131121Y,École primaire Paul Caillat,École,Public,rue des Ecoles,13115,Saint-Paul-lès-Durance,04 42 57 40 42,ce.0131121Y@ac-aix-marseille.fr,,Peyrolles,43.68649949666238,5.707239552282261,Sainte Victoire
0131123A,École élémentaire République,École,Public,place de la République,13210,Saint-Rémy-de-Provence,04 90 92 63 10,ce.0131123A@ac-aix-marseille.fr,,Saint Rémy de Provence,43.788842443424926,4.829450439490078,Camargue
0131124B,École élémentaire de l'Argelier,École,Public,route d'Avignon,13210,Saint-Rémy-de-Provence,04 90 92 49 73,ce.0131124B@ac-aix-marseille.fr,,Saint Rémy de Provence,43.796508436320856,4.834129589421034,Camargue
0131125C,École maternelle Marie Mauron,École,Public,avenue Edouard Herriot,13210,Saint-Rémy-de-Provence,04 90 92 49 89,ce.0131125C@ac-aix-marseille.fr,,Saint Rémy de Provence,43.78995511027169,4.836080208935764,Camargue
0131126D,École élémentaire Centre l'Estello,École,Public,chemin Dép 8,13119,Saint-Savournin,04 42 04 64 33,ce.0131126D@ac-aix-marseille.fr,,Trets,43.4103220273382,5.5277863756720205,Sainte Victoire
0131129G,École élémentaire Honoré Carbonel,École,Public,270 rue Félix Tury,13730,Saint-Victoret,04 42 89 23 84,ce.0131129G@ac-aix-marseille.fr,,Marignane,43.4161353340654,5.2451901533202,La Nerthe
0131131J,École maternelle Pas-Des-Lanciers,École,Public,100 rue Frederic Mistral,13730,Saint-Victoret,04 28 07 04 40,ce.0131131J@ac-aix-marseille.fr,,Marignane,43.40594896974983,5.258480103835065,La Nerthe
0131132K,École maternelle Honoré Carbonel,École,Public,234 rue Félix Tury,13730,Saint-Victoret,04 42 89 24 90,ce.0131132K@ac-aix-marseille.fr,,Marignane,43.415635675122445,5.244720018610179,La Nerthe
0131133L,École élémentaire Roger Delagnes,École,Public,rue Roger Delagnes,13460,Saintes-Maries-de-la-Mer,04 90 97 89 47,ce.0131133L@ac-aix-marseille.fr,,Arles-Camargue,43.45330543687232,4.431719452166652,Camargue
0131138S,École élémentaire les Bressons,École,Public,106 rue Prince des Baux,13300,Salon-de-Provence,04 90 56 13 37,ce.0131138S@ac-aix-marseille.fr,,Salon de Provence,43.64449023716681,5.090260313770068,Salon
0131139T,École élémentaire du Boulevard David,École,Public,410 boulevard David,13300,Salon-de-Provence,04 90 56 07 81,ce.0131139T@ac-aix-marseille.fr,,Salon de Provence,43.64422298167646,5.095399398627071,Salon
0131140U,École élémentaire la Crau-Bel Air,École,Public,chemin de la Chapelle,13300,Salon-de-Provence,04 90 45 11 74,ce.0131140U@ac-aix-marseille.fr,,Salon de Provence,43.64296201236978,5.0590298907650855,Salon
0131141V,École élémentaire Marceau Ginoux,École,Public,85 rue Ravoire,13300,Salon-de-Provence,04 90 56 05 30,ce.0131141V@ac-aix-marseille.fr,,Salon de Provence,43.638567313079285,5.091629525321074,Salon
0131142W,École élémentaire Jules Michelet,École,Public,chemin de Lauzards,13300,Salon-de-Provence,04 90 53 27 32,ce.0131142W@ac-aix-marseille.fr,,Salon de Provence,43.64124105819676,5.084578093502207,Salon
0131143X,École élémentaire Lurian 1,École,Public,438 chemin de Lurian,13300,Salon-de-Provence,04 90 53 13 34,ce.0131143X@ac-aix-marseille.fr,,Salon de Provence,43.625654956491694,5.1026597781116445,Salon
0131145Z,École élémentaire Capucins,École,Public,165 boulevard des Capucins,13300,Salon-de-Provence,04 90 53 33 86,ce.0131145Z@ac-aix-marseille.fr,,Salon de Provence,43.63921396184551,5.100059831246074,Salon
0131148C,École élémentaire Lurian 2,École,Public,438 chemin de Lurian,13300,Salon-de-Provence,04 90 53 12 90,ce.0131148C@ac-aix-marseille.fr,,Salon de Provence,43.62655714386518,5.105294989188949,Salon
0131151F,École maternelle des Alliés,École,Public,342 rue des Alliés,13300,Salon-de-Provence,04 90 53 38 08,ce.0131151F@ac-aix-marseille.fr,,Salon de Provence,43.64632909592312,5.096620471203108,Salon
0131152G,École maternelle les Bressons,École,Public,200 rue des Frères de Lamanon,13300,Salon-de-Provence,04 90 56 13 38,ce.0131152G@ac-aix-marseille.fr,,Salon de Provence,43.64575891922287,5.090939966824062,Salon
0131153H,École maternelle Capucins,École,Public,187 boulevard des Capucins,13300,Salon-de-Provence,04 90 53 33 75,ce.0131153H@ac-aix-marseille.fr,,Salon de Provence,43.63885320275101,5.100050335215194,Salon
0131154J,École maternelle Marceau Ginoux,École,Public,60 rue Jean Marini,13300,Salon-de-Provence,04 90 56 30 23,ce.0131154J@ac-aix-marseille.fr,,Salon de Provence,43.63879162060008,5.091760405971014,Salon
0131155K,École maternelle Lurian,École,Public,438 chemin Lurian,13300,Salon-de-Provence,04 90 53 18 88,ce.0131155K@ac-aix-marseille.fr,,Salon de Provence,43.62566214296849,5.102288314608172,Salon
0131156L,École maternelle Jules Michelet,École,Public,rue du Lauzard,13300,Salon-de-Provence,04 90 53 27 21,ce.0131156L@ac-aix-marseille.fr,,Salon de Provence,43.6412482302504,5.084579593697811,Salon
0131157M,École maternelle Pavillon,École,Public,rue Belle d'Argent,13300,Salon-de-Provence,04 90 56 40 98,ce.0131157M@ac-aix-marseille.fr,,Salon de Provence,43.6429774594667,5.107540282348881,Salon
0131160R,École élémentaire Jean Moulin 1,École,Public,10 avenue Jean Moulin,13560,Sénas,04 90 57 79 38,ce.0131160R@ac-aix-marseille.fr,,Saint Martin de Crau,43.74415439649972,5.078589633210766,Luberon
0131161S,École primaire Jean Moulin 2,École,Public,200 avenue des Jardins,13560,Sénas,04 90 57 79 40,ce.0131161S@ac-aix-marseille.fr,,Saint Martin de Crau,43.74359604881354,5.082559965722247,Luberon
0131162T,École élémentaire Tranchier-Guidicelli,École,Public,12 route d'Apt,13240,Septèmes-les-Vallons,04 91 65 09 56,ce.0131162T@ac-aix-marseille.fr,,Gardanne,43.40079903506826,5.3650795304958,Marseille Étoile
0131163U,École primaire Jules Ferry,École,Public,quartier Notre Dame,13240,Septèmes-les-Vallons,04 91 46 56 97,ce.0131163U@ac-aix-marseille.fr,,Gardanne,43.38650390210901,5.359631323525523,Marseille Étoile
0131166X,École élémentaire Marius Roussel,École,Public,rue Lambert,13109,Simiane-Collongue,04 42 22 46 77,ce.0131166X@ac-aix-marseille.fr,,Gardanne,43.43039731460714,5.4366603345003774,Sainte Victoire
0131168Z,École élémentaire Jules Ferry,École,Public,3 avenue Porrentruy,13150,Tarascon,04 90 91 10 58,ce.0131168Z@ac-aix-marseille.fr,REP,Saint Rémy de Provence,43.80835426846775,4.660474454092224,Camargue
0131171C,École maternelle Marie Curie,École,Public,avenue de Porrentruy,13150,Tarascon,04 90 91 02 09,ce.0131171C@ac-aix-marseille.fr,REP,Saint Rémy de Provence,43.80859860114142,4.660920289583155,Camargue
0131172D,École primaire Jean Vincent,École,Public,route 1718 Rd 64c,13100,le Tholonet,04 42 66 87 15,ce.0131172D@ac-aix-marseille.fr,,Aix - Ste Victoire,43.52148746936018,5.5128304115260445,Sainte Victoire
0131174F,École élémentaire Edmond Brun,École,Public,rue Docteur Villemus,13530,Trets,04 42 37 55 11,ce.0131174F@ac-aix-marseille.fr,,Trets,43.44708226015868,5.687060521450813,Sainte Victoire
0131175G,École élémentaire Jean Moulin,École,Public,rue Fernand Chauvin,13530,Trets,04 42 37 55 17,ce.0131175G@ac-aix-marseille.fr,,Trets,43.44481989032017,5.68695975998487,Sainte Victoire
0131176H,École maternelle Sainte-Anne,École,Public,rue du Regagnas,13530,Trets,04 42 37 55 26,ce.0131176H@ac-aix-marseille.fr,,Trets,43.44674212534768,5.679349859301785,Sainte Victoire
0131177J,École primaire Moraliste,École,Public,6 boulevard du Moraliste,13126,Vauvenargues,04 42 66 08 17,ce.0131177J@ac-aix-marseille.fr,,Aix - Touloubre,43.555212476633976,5.599380491061081,Sainte Victoire
0131178K,École élémentaire Jean Giono,École,Public,185 avenue de la République,13880,Velaux,04 42 87 92 07,ce.0131178K@ac-aix-marseille.fr,,Aix - Vallée de l'Arc,43.52407909462961,5.255710537697635,La Nerthe
0131180M,École élémentaire Maurice Plantier,École,Public,rue Frédéric Mistral,13770,Venelles,04 42 20 06 02,ce.0131180M@ac-aix-marseille.fr,,Aix - Touloubre,43.59995167904213,5.480379488117023,Sainte Victoire
0131181N,École élémentaire Marcel Pagnol,École,Public,rue des Ecoles quartier les Logis,13770,Venelles,04 42 54 66 49,ce.0131181N@ac-aix-marseille.fr,,Aix - Touloubre,43.59815266189697,5.483430581981081,Sainte Victoire
0131182P,École élémentaire la Crémade,École,Public,quartier la Crémade,13122,Ventabren,04 42 28 70 43,ce.0131182P@ac-aix-marseille.fr,,Aix - Vallée de l'Arc,43.5393136227316,5.301889998247355,La Nerthe
0131185T,École primaire Regain,École,Public,Verquieres,13670,Verquières,04 90 95 04 27,ce.0131185T@ac-aix-marseille.fr,,Saint Rémy de Provence,43.83941668361507,4.919419866046017,Luberon
0131186U,École élémentaire Victor Martin,École,Public,16 rue Jean Jaurès,13127,Vitrolles,04 42 89 52 03,ce.0131186U@ac-aix-marseille.fr,,Vitrolles,43.45838330641462,5.248099948129082,La Nerthe
0131188W,École élémentaire Anne Sylvestre,École,Public,14 avenue de la Petite Mer,13127,Vitrolles,04 42 89 32 77,ce.0131188W@ac-aix-marseille.fr,,Vitrolles,43.457772719088894,5.229165022107539,La Nerthe
0131190Y,École maternelle Frédéric Mistral,École,Public,rue Mistral,13127,Vitrolles,04 42 89 54 04,ce.0131190Y@ac-aix-marseille.fr,,Vitrolles,43.457317096984326,5.245609453703096,La Nerthe
0131199H,École élémentaire Celony,École,Public,200 chemin des Platrières,13100,Aix-en-Provence,04 42 23 51 11,ce.0131199H@ac-aix-marseille.fr,,Aix - Touloubre,43.557002450362525,5.4202102082461785,Sainte Victoire
0131201K,École élémentaire d'application Frédéric Mistral,École,Public,2 avenue Doyen Guyon,13090,Aix-en-Provence,04 42 64 48 42,ce.0131201K@ac-aix-marseille.fr,,Aix - Touloubre,43.534916145595616,5.434260408273862,Sainte Victoire
0131203M,École élémentaire Fenouillères,École,Public,41 avenue Henri Poncet,13090,Aix-en-Provence,04 42 26 28 45,ce.0131203M@ac-aix-marseille.fr,,Aix - Ste Victoire,43.51392516583517,5.444130177010445,Sainte Victoire
0131204N,École élémentaire les Granettes,École,Public,chemin du Granet,13090,Aix-en-Provence,04 42 20 00 80,ce.0131204N@ac-aix-marseille.fr,,Aix - Touloubre,43.53752379892289,5.394089710298086,Sainte Victoire
0131205P,École élémentaire d'application Albéric Laurent,École,Public,10 avenue de Grassi,13100,Aix-en-Provence,04 42 23 30 32,ce.0131205P@ac-aix-marseille.fr,,Aix - Touloubre,43.53283746531186,5.444160537753051,Sainte Victoire
0131206R,École élémentaire Édouard Peisson,École,Public,60 allées Serge Attard,13080,Aix-en-Provence,04 42 24 06 64,ce.0131206R@ac-aix-marseille.fr,,Aix - Vallée de l'Arc,43.4816639152856,5.419640199709699,Sainte Victoire
0131207S,École élémentaire Joseph Roumanille,École,Public,avenue Albert Couton,13290,Aix-en-Provence,04 42 24 21 85,ce.0131207S@ac-aix-marseille.fr,,Aix - Vallée de l'Arc,43.5029628931633,5.39089009244772,Sainte Victoire
0131208T,École élémentaire Bouge,École,Public,22 rue Marathon,13013,Marseille 13e  Arrondissement,04 13 94 86 88,ce.0131208T@ac-aix-marseille.fr,REP+,Marseille Belle de Mai,43.32750674515688,5.412725316026705,Marseille Étoile
0131209U,École primaire Roy d'Espagne,École,Public,1 allée Emmanuel Chabrier,13008,Marseille  8e  Arrondissement,04 91 73 22 13,ce.0131209U@ac-aix-marseille.fr,,Marseille Corniche,43.2400475517863,5.385980198706497,Marseille Calanques
0131213Y,École élémentaire Albert Camus,École,Public,rue Vincent Scotto,13200,Arles,04 90 93 97 27,ce.0131213Y@ac-aix-marseille.fr,REP,Arles-Camargue,43.69430611419735,4.637529449348345,Camargue
0131215A,École maternelle Montmajour,École,Public,rue Vincent Scotto,13200,Arles,04 90 96 89 41,ce.0131215A@ac-aix-marseille.fr,REP,Arles-Camargue,43.6937048015996,4.636399632416744,Camargue
0131216B,École primaire Georges Dezarnaud,École,Public,avenue de la Libération,13130,Berre-l'Etang,04 42 85 40 30,ce.0131216B@ac-aix-marseille.fr,REP,Miramas,43.481211413360576,5.170219751068857,La Nerthe
0131217C,École élémentaire la Salis,École,Public,traverse Sécadou,13600,La Ciotat,04 42 71 75 07,ce.0131217C@ac-aix-marseille.fr,,La Ciotat,43.18476597849798,5.613430342764446,Le Garlaban
0131219E,École élémentaire Albert Camus,École,Public,avenue de Lacanau,13700,Marignane,04 42 88 50 66,ce.0131219E@ac-aix-marseille.fr,REP,Marignane,43.41160146576418,5.222529847405341,La Nerthe
0131220F,École élémentaire Jean Moulin,École,Public,boulevard Maurice Nogues,13700,Marignane,04 42 09 72 82,ce.0131220F@ac-aix-marseille.fr,REP,Marignane,43.41679793634057,5.220430404479633,La Nerthe
0131224K,École élémentaire Maurelette,École,Public,boulevard Simon Bolivar,13015,Marseille 15e  Arrondissement,04 91 60 75 62,ce.0131224K@ac-aix-marseille.fr,REP+,Marseille Aygalades,43.34288319266843,5.377949742315177,Marseille Vieux Port
0131227N,École élémentaire Rose Val Plan,École,Public,77 avenue de la Croix Rouge,13013,Marseille 13e  Arrondissement,04 91 66 43 89,ce.0131227N@ac-aix-marseille.fr,REP+,Marseille la Rose,43.33416680997891,5.435969458644216,Marseille Étoile
0131229R,École élémentaire Sinoncelli,École,Public,51 rue Boisselot,13014,Marseille 14e  Arrondissement,04 91 50 88 32,ce.0131229R@ac-aix-marseille.fr,REP+,Marseille  le Canet,43.318517220936826,5.390007718449877,Marseille Vieux Port
0131231T,École maternelle Calade,École,Public,15 rue Séverine,13015,Marseille 15e  Arrondissement,04 91 60 11 02,ce.0131231T@ac-aix-marseille.fr,REP+,Marseille Madrague,43.34104035498081,5.351009647819619,Marseille Madrague
0131233V,École maternelle Albert Camus,École,Public,avenue Lacanau,13700,Marignane,04 42 88 56 24,ce.0131233V@ac-aix-marseille.fr,REP,Marignane,43.4111302960349,5.223210392055571,La Nerthe
0131234W,École élémentaire Beausoleil,École,Public,allée de la Pinède,13821,La Penne-sur-Huveaune,04 91 36 13 70,ce.0131234W@ac-aix-marseille.fr,,Marseille Huveaune,43.27695472656205,5.517589438411856,Marseille Huveaune
0131236Y,École maternelle Beausoleil,École,Public,allée de la Pinède,13821,La Penne-sur-Huveaune,04 91 36 12 70,ce.0131236Y@ac-aix-marseille.fr,,Marseille Huveaune,43.27718466946619,5.517300149418242,Marseille Huveaune
0131237Z,École maternelle Garouvin,École,Public,quartier Quatre chemins,13140,Miramas,04 90 58 01 97,ce.0131237Z@ac-aix-marseille.fr,,Miramas,43.57152499930312,5.015760424541188,La Crau
0131238A,École élémentaire Aygalades Oasis,École,Public,boulevard de la Padouane,13015,Marseille 15e  Arrondissement,04 91 60 17 31,ce.0131238A@ac-aix-marseille.fr,REP+,Marseille Aygalades,43.35334762882963,5.367689780316662,Marseille Madrague
0131243F,École primaire Château Saint Cyr,École,Public,chemin de la Valbarelle,13010,Marseille 10e  Arrondissement,04 91 44 57 13,ce.0131243F@ac-aix-marseille.fr,,Marseille Huveaune,43.28158046010208,5.4407661659610325,Marseille Huveaune
0131245H,École maternelle Castellas les Lions,École,Public,chemin de Saint-Antoine À Saint-Joseph,13015,Marseille 15e  Arrondissement,04 91 60 03 21,ce.0131245H@ac-aix-marseille.fr,REP+,Marseille Aygalades,43.34996464783253,5.375728626232815,Marseille Vieux Port
0131246J,École maternelle Rose Castors,École,Public,87 rue Albert Einstein,13013,Marseille 13e  Arrondissement,04 91 66 35 67,ce.0131246J@ac-aix-marseille.fr,,Marseille la Rose,43.33676986483828,5.432721971916611,Marseille Étoile
0131247K,École maternelle Rose Frais Vallon Nord,École,Public,39 avenue de Frais Vallon,13013,Marseille 13e  Arrondissement,04 91 66 14 32,ce.0131247K@ac-aix-marseille.fr,REP+,Marseille la Rose,43.3251738883293,5.426080908121367,Marseille Étoile
0131248L,École maternelle Rose Frais Vallon Sud,École,Public,avenue de Frais Vallon,13013,Marseille 13e  Arrondissement,04 91 66 36 12,ce.0131248L@ac-aix-marseille.fr,REP+,Marseille la Rose,43.32524530253533,5.428512489149648,Marseille Étoile
0131249M,École maternelle la Roseraie,École,Public,11 A rue Pierre Mouren,13007,Marseille  7e  Arrondissement,04 91 52 72 33,ce.0131249M@ac-aix-marseille.fr,,Marseille St Charles,43.28320535292892,5.352539701604921,Marseille Calanques
0131250N,École maternelle Saint-Jérôme Village,École,Public,20 rue des Polytres,13013,Marseille 13e  Arrondissement,04 91 66 22 61,ce.0131250N@ac-aix-marseille.fr,,Marseille le Merlan,43.330036087459376,5.416539707094715,Marseille Étoile
0131251P,École maternelle Parc des Chartreux,École,Public,61 avenue de Saint Just,13013,Marseille 13e  Arrondissement,04 91 66 47 41,ce.0131251P@ac-aix-marseille.fr,REP+,Marseille Longchamp,43.31736736752376,5.405170277900649,Marseille Vieux Port
0131252R,École maternelle Saint-Thys,École,Public,1 rue Saint Augustin,13010,Marseille 10e  Arrondissement,04 91 44 70 35,ce.0131252R@ac-aix-marseille.fr,,Marseille Huveaune,43.280097682450965,5.440310462370076,Marseille Huveaune
0131255U,École maternelle Paul Doumer,École,Public,avenue Foch,13580,La Fare-les-Oliviers,04 90 42 57 98,ce.0131255U@ac-aix-marseille.fr,,Aix - Vallée de l'Arc,43.55080385376577,5.190580012893916,Salon
0131257W,École maternelle Danielle Casanova,École,Public,faubourg Hardon,13230,Port-Saint-Louis-du-Rhône,04 42 86 01 32,ce.0131257W@ac-aix-marseille.fr,REP,Saint Martin de Crau,43.38998065373242,4.81244996274333,Camargue
0131258X,École maternelle Vessiot,École,Public,avenue de la 2ème Division Blindee,13420,Gémenos,04 42 32 20 02,ce.0131258X@ac-aix-marseille.fr,,La Ciotat,43.29176543257631,5.62611817179298,Le Garlaban
0131259Y,Collège Jean Guéhenno,Collège,Public,avenue Jules Ferry,13410,Lambesc,04 42 92 72 32,ce.0131259Y@ac-aix-marseille.fr,,Arles - ASH Ouest,43.65151206359419,5.266539956063795,Salon
0131260Z,Collège Edmond Rostand,Collège,Public,50 avenue Saint-Paul,13388,Marseille,04 91 12 21 30,ce.0131260Z@ac-aix-marseille.fr,REP+,Marseille - ASH,43.3285229352973,5.408321004299624,Marseille Étoile
0131261A,Collège Auguste Renoir,Collège,Public,50 avenue Saint-Paul,13388,Marseille,04 91 10 01 70,ce.0131261A@ac-aix-marseille.fr,REP+,Marseille - ASH,43.32773029636164,5.408349520146369,Marseille Étoile
0131262B,Collège Jacques Prévert,Collège,Public,1 avenue de Frais Vallon,13388,Marseille,04 91 10 00 80,ce.0131262B@ac-aix-marseille.fr,REP+,Marseille - ASH,43.325958622791504,5.432413527640791,Marseille Étoile
0131264D,Collège Joséphine Baker,Collège,Public,12 rue de Versailles,13003,Marseille,04 91 11 01 68,ce.0131264D@ac-aix-marseille.fr,REP+,Marseille - ASH,43.31136866347166,5.375387663777026,Marseille Vieux Port
0131265E,Collège Jean Moulin,Collège,Public,avenue de l'Europe,13657,Salon-de-Provence,04 90 56 14 20,ce.0131265E@ac-aix-marseille.fr,REP,Arles - ASH Ouest,43.6427842128434,5.103994516073329,Salon
0131266F,Collège Nathalie Sarraute,Collège,Public,400 route d'Eoures,13400,Aubagne,04 42 83 81 50,ce.0131266F@ac-aix-marseille.fr,,Marseille - ASH,43.29849506194962,5.564280295651818,Le Garlaban
0131267G,École maternelle Rose la Garde,École,Public,11 boulevard du Metro,13013,Marseille 13e  Arrondissement,04 91 66 36 77,ce.0131267G@ac-aix-marseille.fr,REP+,Marseille la Rose,43.33539985464864,5.426400503649688,Marseille Étoile
0131268H,École maternelle Aygalades Oasis,École,Public,traverse de l'Oasis,13015,Marseille 15e  Arrondissement,04 91 60 06 52,ce.0131268H@ac-aix-marseille.fr,REP+,Marseille Aygalades,43.35330432615667,5.369420859234836,Marseille Madrague
0131270K,École maternelle Sainte-Marthe,École,Public,boulevard Ricoux,13014,Marseille 14e  Arrondissement,04 91 98 39 92,ce.0131270K@ac-aix-marseille.fr,REP+,Marseille Aygalades,43.3380959205607,5.389756978321352,Marseille Vieux Port
0131271L,École élémentaire la Visitation,École,Public,48 avenue Ibrahim Ali,13014,Marseille 14e  Arrondissement,04 91 98 23 63,ce.0131271L@ac-aix-marseille.fr,REP+,Marseille Madrague,43.33711364178552,5.367349442367924,Marseille Madrague
0131272M,École élémentaire Flotte,École,Public,2 avenue Ferdinand Flotte,13008,Marseille  8e  Arrondissement,04 91 77 27 59,ce.0131272M@ac-aix-marseille.fr,,Marseille Corniche,43.27612046246856,5.3808668257153,Marseille Calanques
0131275R,École maternelle Guynemer,École,Public,rue Chevillard,13700,Marignane,04 42 09 73 85,ce.0131275R@ac-aix-marseille.fr,,Marignane,43.42101047611671,5.216450427946586,La Nerthe
0131277T,École maternelle Notre Dame Limite Jean Perrin,École,Public,chemin des Bourrely,13015,Marseille 15e  Arrondissement,04 91 51 22 78,ce.0131277T@ac-aix-marseille.fr,REP+,Marseille Estaque,43.38435077766127,5.361788982397492,Marseille Madrague
0131279V,École maternelle Capelette Mireille Lauze,École,Public,131 boulevard Mireille Lauze,13010,Marseille 10e  Arrondissement,04 91 79 78 84,ce.0131279V@ac-aix-marseille.fr,,Marseille Capelette,43.28343020830447,5.411897620043682,Marseille Huveaune
0131280W,École maternelle Merlan Cerisaie,École,Public,21 boulevard Notre Dame de Santa Cruz,13014,Marseille 14e  Arrondissement,04 91 98 10 74,ce.0131280W@ac-aix-marseille.fr,REP+,Marseille le Merlan,43.33925500789043,5.406080274038748,Marseille Étoile
0131281X,École maternelle Maurelette,École,Public,boulevard Simon Bolivar,13015,Marseille 15e  Arrondissement,04 91 60 16 87,ce.0131281X@ac-aix-marseille.fr,REP+,Marseille Aygalades,43.34289131819101,5.377580137810151,Marseille Vieux Port
0131285B,École élémentaire Castellas les Lions,École,Public,groupe le Castellas,13015,Marseille 15e  Arrondissement,04 91 60 69 89,ce.0131285B@ac-aix-marseille.fr,REP+,Marseille Aygalades,43.34996462077049,5.375729858400105,Marseille Vieux Port
0131318M,Collège Saint-Joseph,Collège,Privé,16 cours Saint-Louis,13100,Aix-en-Provence,04 42 23 02 19,cp.stjoaix@free.fr,,,43.53039635336774,5.452970618199416,Sainte Victoire
0131319N,Lycée la Nativité,Lycée,Privé,8 rue Jean Andréani,13097,Aix-en-Provence,04 42 93 45 70,ce.0131319n@ac-aix-marseille.fr,,,43.51197305485484,5.43403036198567,Sainte Victoire
0131320P,Lycée Sainte-Catherine de Sienne,Lycée,Privé,20 rue Mignet,13100,Aix-en-Provence,04 42 23 48 98,E.C.L.SainteCatherine@wanadoo.fr,,,43.5304262568344,5.450930525268522,Sainte Victoire
0131322S,Collège Saint-Charles,Collège,Privé,2 rue de la Calade,13200,Arles,04 90 96 07 76,ce.0131322s@ac-aix-marseille.fr,,,43.677201124062485,4.629879466950044,Camargue
0131323T,Lycée de Provence,Lycée,Privé,42 boulevard Émile Sicard,13272,Marseille,04 91 77 28 46,,,,43.27045669299504,5.384513783699222,Marseille Calanques
0131324U,Lycée Lacordaire,Lycée,Privé,7 boulevard Lacordaire,13013,Marseille,04 91 12 20 80,accueil@lacordaire.com,,,43.319756110985445,5.405729741447149,Marseille Vieux Port
0131327X,Lycée de Tour Sainte,Lycée,Privé,12 avenue de Tour Sainte,13014,Marseille,04 91 21 53 00,toursainte@wanadoo.fr,,,43.34404091796864,5.388351139465697,Marseille Étoile
0131328Y,Lycée Paul Mélizan,Lycée,Privé,55 route des Camoins,13011,Marseille,04 91 18 80 70,ce.0131328y@ac-aix-marseille.fr,,,43.299991989880745,5.492524157481288,Marseille Huveaune
0131329Z,Collège Notre-Dame de la Viste,Collège,Privé,111 chemin Henri Beyle,13314,Marseille,04 91 60 90 57,,,,43.35248128251459,5.359269984052946,Marseille Madrague
0131331B,Lycée Saint-Joseph les Maristes,Lycée,Privé,24 rue Sainte-Victoire,13006,Marseille,04 96 10 13 30,ce.0131331b@ac-aix-marseille.fr,,,43.286498424486894,5.381987639062784,Marseille Calanques
0131333D,Lycée Notre-Dame de France,Lycée,Privé,132 rue Breteuil,13253,Marseille,04 91 37 17 55,lycee@ndfrance.org,,,43.28492701531393,5.378027480865681,Marseille Calanques
0131335F,Lycée Chevreul - Blancarde,Lycée,Privé,1 rue Saint-François de Sales,13004,Marseille,04 91 49 10 73,secretariat@chevreulblancarde.com,,,43.30280286227378,5.401647068651112,Marseille Collines
0131336G,Collège Chevreul Champavier,Collège,Privé,22 rue Brochier,13005,Marseille,04 96 12 12 00,chevreulchampavier@wanadoo.fr,,,43.29084505529018,5.39063736035435,Marseille Vieux Port
0131339K,Lycée Saint-Joseph de la Madeleine,Lycée,Privé,172 bis boulevard de la Libération,13248,Marseille,04 96 12 13 60,contact@stjomadeleine.org,,,43.30133121878656,5.395084392203255,Marseille Vieux Port
0131341M,Lycée Notre-Dame de Sion,Lycée,Privé,231 rue Paradis,13006,Marseille,04 91 15 74 50,secretariatnds@wanadoo.fr,,,43.2827301677945,5.381379909961709,Marseille Calanques
0131342N,Lycée Saint-Charles Camas,Lycée,Privé,21 rue du Camas,13392,Marseille,04 95 08 12 40,accueil.scc@eccoly.net,,,43.29820795207053,5.39302751100554,Marseille Vieux Port
0131344R,Lycée Cours Bastide,Lycée,Privé,50 rue de Lodi,13006,Marseille,04 91 48 67 96,ce.0131344r@ac-aix-marseille.fr,,,43.28970596843975,5.38692000476291,Marseille Vieux Port
0131345S,Lycée l'Olivier - Robert Coffy,Lycée,Privé,14 rue Robert Coffy,13012,Marseille,04 91 93 95 50,lolivier@eccoly.net,,,43.30572109671376,5.426248147839343,Marseille Collines
0131347U,Lycée Sainte-Trinité,Lycée,Privé,55 avenue de Lattre de Tassigny,13009,Marseille,04 91 41 11 98,contact@sainte-trinite.fr,,,43.24800394592174,5.408235345567571,Marseille Calanques
0131348V,Lycée Sévigné,Lycée,Privé,1 avenue de Saint-Jérôme,13013,Marseille,04 91 66 22 75,ce.0131348v@ac-aix-marseille.fr,,,43.32897360883298,5.419096474672907,Marseille Étoile
0131349W,Collège la Présentation,Collège,Privé,162 avenue Maréchal Joffre,13300,Salon-de-Provence,04 90 56 08 16,ce.0131349W@ac-aix-marseille.fr,,,43.64256330561971,5.097540005990636,Salon
0131360H,Lycée Viala Lacoste,Lycée,Privé,16 avenue Gaston Cabrier,13300,Salon-de-Provence,04 90 56 89 69,lycee.viala.lacoste@wanadoo.fr,,,43.64070039974931,5.100600129635405,Salon
0131364M,Collège Sainte-Marie,Collège,Privé,chemin de Riquet,13400,Aubagne,04 42 84 33 09,ce.0131364m@ac-aix-marseille.fr,,,43.29002894792127,5.575799689863609,Le Garlaban
0131366P,Collège Saint-Joseph,Collège,Privé,30 rue du Moulin,13832,Châteaurenard,04 90 94 02 78,ce.0131366P@ac-aix-marseille.fr,,,43.881104292667565,4.853100398722938,Avignon
0131367R,Collège Saint-Louis,Collège,Privé,chemin Rural des Etangs,13920,Saint-Mitre-les-Remparts,04 42 31 73 00,ce.0131367r@ac-aix-marseille.fr,,,43.43643060026324,5.03796082768712,Cote Bleue
0131369T,Collège Sainte-Élisabeth,Collège,Privé,Vieille route de la Gavotte,13170,Les Pennes-Mirabeau,04 91 09 44 81,college@sainteelisabeth.org,,,43.40156325053066,5.337100447153699,La Nerthe
0131370U,Collège Belsunce,Collège,Privé,13 rue Fauchier,13002,Marseille,04 91 90 51 14,collegelycee.belsunce13@wanadoo.fr,,,43.30443971920629,5.371740430154394,Marseille Vieux Port
0131371V,Collège Sainte-Anne,Collège,Privé,18 rue Thieux,13008,Marseille,04 91 77 72 62,ste.anne.13@wanadoo.fr,,,43.25830972185742,5.393479451868779,Marseille Calanques
0131372W,Collège Saint-Joseph,Collège,Privé,61 boulevard Viala,13344,Marseille,04 91 58 61 40,saint-joseph-viala@orange.fr,,,43.33487537990565,5.360389925458443,Marseille Madrague
0131375Z,Collège Saint-Mauront,Collège,Privé,144 rue Félix Pyat,13003,Marseille,04 91 62 59 07,stm.coll@wanadoo.fr,,,43.31803742658436,5.374819403878941,Marseille Madrague
0131379D,Collège Notre-Dame de la Jeunesse,Collège,Privé,59 avenue de Saint-Menet,13011,Marseille,04 91 43 03 32,ecole.ndj@wanadoo.fr,,,43.29036875614312,5.500018050750814,Marseille Huveaune
0131381F,Collège Saint-Bruno - la Salle,Collège,Privé,8 A place Edmond Audran,13248,Marseille,04 91 49 03 62,administration-college@saintbruno13.com,,,43.3093437452244,5.401940530796498,Marseille Vieux Port
0131382G,Collège Pastré - Grande Bastide,Collège,Privé,32 traverse Pastré,13009,Marseille,04 96 19 06 06,contact@extrapgb.fr,,,43.26293909279272,5.421460163297423,Marseille Huveaune
0131385K,Collège Saint-Eugène de Mazenod,Collège,Privé,impasse du Pont de la Clue,13011,Marseille,04 91 78 09 92,accueil@saint-eugene.org,,,43.30889938439486,5.498959473470935,Marseille Huveaune
0131387M,Collège Alpilles-Durance,Collège,Privé,4 rue des Écoles,13870,Rognonas,04 90 94 81 66,college@alpilles-durance.org,,,43.89917170818379,4.803870231648804,Avignon
0131388N,Collège Sainte-Marthe,Collège,Privé,avenue Alphonse Daudet,13150,Tarascon,04 90 91 03 48,,,,43.80813543083017,4.659299793256389,Camargue
0131391S,Lycée polyvalent Saint-Éloi,Lycée,Privé,9 avenue Jules Isaac,13626,Aix-en-Provence,04 42 23 44 99,ce.0131391s@ac-aix-marseille.fr,,,43.53386379746512,5.450219803674986,Sainte Victoire
0131398Z,Lycée Maximilien de Sully,Lycée,Privé,52 rue Auguste Blanqui,13006,Marseille,04 91 48 27 87,lycee.sully@wanadoo.fr,,,43.29237717140598,5.387527099372085,Marseille Vieux Port
0131402D,Lycée polyvalent Charles Péguy,Lycée,Privé,102 rue Sylvabelle,13006,Marseille,04 91 15 76 40,i.ambrosino@peguy.org,,,43.28823223279467,5.374769721783571,Marseille Vieux Port
0131403E,Lycée polyvalent Saint-Vincent de Paul,Lycée,Privé,30 rue Stanislas Torrents,13006,Marseille,04 91 37 48 86,marseille.posvp@wanadoo.fr,,,43.28741578880897,5.378010613208622,Marseille Calanques
0131424C,Lycée professionnel ORT Léon Bramson,Lycée,Privé,9 rue des Forges,13010,Marseille,04 91 29 61 33,ce.0131424c@ac-aix-marseille.fr,,,43.27906499945752,5.410299748943632,Marseille Huveaune
0131432L,Lycée professionnel Saint-André (les Routiers),Lycée,Privé,368 boulevard Henri-Barnier,13016,Marseille,04 91 46 05 40,lppstandre@formationmetier.fr,,,43.36066990594304,5.342520184600628,Marseille Madrague
0131433M,Lycée professionnel Saint-Henri,Lycée,Privé,37 chemin de Bernex,13016,Marseille,04 95 06 10 95,lppsthenri@formationmetier.fr,,,43.3658611454976,5.339649783936652,Marseille Madrague
0131434N,Lycée professionnel École Libre de Métiers,Lycée,Privé,24 rue des Bons Enfants,13006,Marseille,04 91 42 45 02,contact@lycee-elm.fr,,,43.29088660397697,5.38826989562584,Marseille Vieux Port
0131436R,Lycée polyvalent Modèle Électronique,Lycée,Privé,233 boulevard Saint-Marcel,13396,Marseille,04 91 44 65 37,ce.0131436r@ac-aix-marseille.fr,,,43.28641528058007,5.468770036604357,Marseille Huveaune
0131437S,Lycée professionnel Phocea René Attoyan,Lycée,Privé,1 rue d'Arcole,13006,Marseille,04 91 37 53 65,lpp.phocea@free.fr,,,43.28956140524956,5.377269964765382,Marseille Vieux Port
0131441W,Lycée professionnel Saint-Michel,Lycée,Privé,75 rue Saint-Savournin,13005,Marseille,04 96 12 51 60,direction.stm@eccoly.net,,,43.29673078284298,5.387140588471159,Marseille Vieux Port
0131445A,Lycée professionnel Charlotte Grawitz,Lycée,Privé,20 chemin de Château-Gombert,13013,Marseille,04 91 66 63 86,,,,43.33494597122075,5.420750349442879,Marseille Étoile
0131456M,Lycée polyvalent Pastré - Grande Bastide,Lycée,Privé,32 traverse Pastré,13009,Marseille,04 96 19 06 06,contact@extrapgb.fr,,,43.26278814317507,5.422171758098137,Marseille Huveaune
0131463V,Lycée professionnel Alexandre Gueidon,Lycée,Privé,18 boulevard Gueidon,13013,Marseille,04 91 21 44 60,lpplacabucelle@formationmetier.fr,,,43.32367134567756,5.42051838764781,Marseille Étoile
0131484T,Lycée professionnel Brise-Lames,Lycée,Privé,route de la Vierge,13500,Martigues,04 42 49 00 49,,,,43.41815125070422,5.03869993196512,Cote Bleue
0131485U,Lycée professionnel le Rocher,Lycée,Privé,montée de la Transhumance,13300,Salon-de-Provence,04 90 56 13 79,,,,43.6445258545382,5.094909713092313,Salon
0131515B,École Silvya Terrade - Marseille,Lycée,Privé Hors Contrat,171 rue de Rome,13006,Marseille  6e  Arrondissement,04 91 47 22 50,marseille@groupe-terrade.com,,,43.28813277415565,5.38264033205598,Marseille Vieux Port
0131518E,École Silvya Terrade - Salon,Lycée,Privé Hors Contrat,64 rue Seneque,13300,Salon-de-Provence,04 90 56 26 67,salon@groupe-terrade.com,,,43.64238491754917,5.093439581109201,Salon
0131526N,École maternelle Canourgues,École,Public,rue Alphonse Daudet,13300,Salon-de-Provence,04 90 53 38 15,ce.0131526N@ac-aix-marseille.fr,REP,Salon de Provence,43.64977559013931,5.09956044151332,Salon
0131527P,École élémentaire Lauves,École,Public,avenue Paul Cézanne,13090,Aix-en-Provence,04 65 48 87 30,ce.0131527P@ac-aix-marseille.fr,,Aix - Touloubre,43.54304046831935,5.445770427063303,Sainte Victoire
0131529S,École élémentaire Chartreux Eugène Cas 1,École,Public,217 avenue des Chartreux,13004,Marseille  4e  Arrondissement,04 91 08 07 06,ce.0131529S@ac-aix-marseille.fr,,Marseille Longchamp,43.31223480725453,5.401157586461321,Marseille Vieux Port
0131530T,École élémentaire d'application Chartreux Eugène Cas 2,École,Public,217 avenue des Chartreux,13004,Marseille  4e  Arrondissement,04 91 50 75 58,ce.0131530T@ac-aix-marseille.fr,,Marseille Longchamp,43.31205497549261,5.401150095394662,Marseille Vieux Port
0131531U,École maternelle Château Sec,École,Public,39 chemin Joseph Aiguier,13009,Marseille  9e  Arrondissement,04 91 75 40 34,ce.0131531U@ac-aix-marseille.fr,,Marseille Mazargues,43.2539743940494,5.408065920625777,Marseille Calanques
0131532V,École élémentaire Château Sec,École,Public,51 chemin Joseph Aiguier,13009,Marseille  9e  Arrondissement,04 91 75 50 92,ce.0131532V@ac-aix-marseille.fr,,Marseille Mazargues,43.25413322967368,5.408489943872399,Marseille Calanques
0131534X,École maternelle Cité Azoulay,École,Public,7 rue Raphaël,13008,Marseille  8e  Arrondissement,04 91 76 21 75,ce.0131534X@ac-aix-marseille.fr,,Marseille Corniche,43.26869718971081,5.392779892472133,Marseille Calanques
0131535Y,École élémentaire Cité Azoulay,École,Public,21 rue Raphaël,13008,Marseille  8e  Arrondissement,04 91 77 86 41,ce.0131535Y@ac-aix-marseille.fr,,Marseille Corniche,43.2681220955237,5.390870546968381,Marseille Calanques
0131537A,École élémentaire Peyssonnel 1,École,Public,22 rue Peyssonnel,13003,Marseille  3e  Arrondissement,04 91 50 37 62,ce.0131537A@ac-aix-marseille.fr,REP+,Marseille  la Joliette,43.30768255856569,5.373165380022575,Marseille Vieux Port
0131538B,École élémentaire Peyssonnel 2,École,Public,26 rue Peyssonnel,13003,Marseille  3e  Arrondissement,04 91 50 76 23,ce.0131538B@ac-aix-marseille.fr,REP+,Marseille  la Joliette,43.30766646746152,5.373078451174543,Marseille Vieux Port
0131539C,École maternelle Saint-Louis le Rove,École,Public,50 chemin du Rove,13015,Marseille 15e  Arrondissement,04 91 60 82 27,ce.0131539C@ac-aix-marseille.fr,REP+,Marseille Madrague,43.349386066886005,5.355558128456016,Marseille Madrague
0131540D,École élémentaire Saint Louis le Rove,École,Public,50 chemin du Rove,13015,Marseille 15e  Arrondissement,04 91 60 96 33,ce.0131540D@ac-aix-marseille.fr,REP+,Marseille Madrague,43.34972722632221,5.355596743831019,Marseille Madrague
0131542F,École maternelle Font Vert,École,Public,218 chemin de Sainte Marthe,13014,Marseille 14e  Arrondissement,04 91 98 32 95,ce.0131542F@ac-aix-marseille.fr,REP+,Marseille le Merlan,43.330784855223214,5.3890395349323015,Marseille Vieux Port
0131543G,École élémentaire Font Vert,École,Public,chemin de Sainte Marthe,13014,Marseille 14e  Arrondissement,04 91 02 22 89,ce.0131543G@ac-aix-marseille.fr,REP+,Marseille le Merlan,43.32836611483032,5.391054794541525,Marseille Vieux Port
0131545J,École maternelle Saint-Tronc la Rose,École,Public,225 boulevard Paul Claudel,13010,Marseille 10e  Arrondissement,04 91 75 52 80,ce.0131545J@ac-aix-marseille.fr,,Marseille Capelette,43.270660556857926,5.420105624344012,Marseille Huveaune
0131546K,École élémentaire Saint Tronc la Rose,École,Public,225 boulevard Paul Claudel,13010,Marseille 10e  Arrondissement,04 91 75 10 47,ce.0131546K@ac-aix-marseille.fr,,Marseille Capelette,43.2703784140063,5.420648008340905,Marseille Huveaune
0131547L,École maternelle Raymond Teisseire,École,Public,64 boulevard Rabatau,13008,Marseille  8e  Arrondissement,04 91 79 35 10,ce.0131547L@ac-aix-marseille.fr,,Marseille Mazargues,43.27658515299149,5.397659587070824,Marseille Calanques
0131548M,Collège Sylvain Menu,Collège,Public,21 boulevard de la Gaye,13009,Marseille,04 91 75 42 45,ce.0131548M@ac-aix-marseille.fr,,Marseille - ASH,43.257907247058256,5.4120964560492935,Marseille Calanques
0131549N,Lycée Frédéric Joliot-Curie,Lycée,Public,avenue des Goums,13400,Aubagne,04 42 18 51 51,ce.0131549N@ac-aix-marseille.fr,,,43.29193499896834,5.559939760252504,Le Garlaban
0131552S,École élémentaire Raymond Teisseire,École,Public,64 boulevard Rabatau,13008,Marseille  8e  Arrondissement,04 91 79 43 06,ce.0131552S@ac-aix-marseille.fr,,Marseille Mazargues,43.27676498003935,5.397667062652514,Marseille Calanques
0131553T,École maternelle Font Sarade,École,Public,15 boulevard Jean-Jacques Rousseau,13500,Martigues,04 42 07 07 98,ce.0131553T@ac-aix-marseille.fr,,Châteauneuf,43.4002379058119,5.047238186890955,Cote Bleue
0131554U,École maternelle la Tourtelle,École,Public,traverse de la Vallée,13400,Aubagne,04 42 18 16 52,ce.0131554U@ac-aix-marseille.fr,REP,Aubagne,43.28911734435534,5.553915514395029,Le Garlaban
0131556W,École maternelle Raoul Ortollan,École,Public,allée des Micocouliers,13800,Istres,04 13 29 51 75,ce.0131556W@ac-aix-marseille.fr,,Istres,43.5260815967665,4.95692968799598,La Crau
0131557X,École maternelle Louis Rostand,École,Public,rue Bazarde,13660,Orgon,04 90 73 05 48,ce.0131557X@ac-aix-marseille.fr,REP,Saint Martin de Crau,43.79310787262348,5.040429893021906,Luberon
0131559Z,École maternelle Louise Michel,École,Public,rue du Docteur Schweitzer,13200,Arles,04 90 93 97 22,ce.0131559Z@ac-aix-marseille.fr,REP,Arles-Camargue,43.67549264020448,4.64299960977204,Camargue
0131560A,École maternelle Chartreux Eugène Cas,École,Public,217 avenue des Chartreux,13004,Marseille  4e  Arrondissement,04 91 64 27 30,ce.0131560A@ac-aix-marseille.fr,,Marseille Longchamp,43.31206591466145,5.40065755722123,Marseille Vieux Port
0131562C,École maternelle Valmante,École,Public,81 chemin Jean Roubin,13009,Marseille  9e  Arrondissement,04 91 41 18 25,ce.0131562C@ac-aix-marseille.fr,,Marseille Mazargues,43.247386360539856,5.42020058214315,Marseille Calanques
0131563D,École maternelle Saint-Just Corot,École,Public,avenue Corot Saint-Just,13013,Marseille 13e  Arrondissement,04 91 66 38 75,ce.0131563D@ac-aix-marseille.fr,REP+,Marseille Belle de Mai,43.32397080024207,5.40540641770852,Marseille Étoile
0131565F,École élémentaire Canourgues,École,Public,rue Font Ségugne,13300,Salon-de-Provence,04 90 53 52 57,ce.0131565F@ac-aix-marseille.fr,REP,Salon de Provence,43.64979067587832,5.100550203185946,Salon
0131566G,École élémentaire Marcel Pagnol,École,Public,20 rue Séverine,13150,Tarascon,04 90 91 11 22,ce.0131566G@ac-aix-marseille.fr,REP,Saint Rémy de Provence,43.814433708476784,4.6628797567344025,Camargue
0131567H,École élémentaire de Cuques,École,Public,1 rue de Cuques,13100,Aix-en-Provence,04 42 26 08 36,ce.0131567H@ac-aix-marseille.fr,,Aix - Ste Victoire,43.52018447129745,5.454189613565241,Sainte Victoire
0131569K,École élémentaire Jean Macé,École,Public,1 rue Fabre d'Eglantine,13150,Tarascon,04 90 91 05 31,ce.0131569K@ac-aix-marseille.fr,REP,Saint Rémy de Provence,43.80595631183407,4.665910561428418,Camargue
0131592K,École maternelle Louise Michel,École,Public,avenue Louis Gros,13230,Port-Saint-Louis-du-Rhône,04 42 86 01 70,ce.0131592K@ac-aix-marseille.fr,REP,Saint Martin de Crau,43.38719364598859,4.803189826414948,Camargue
0131593L,École élémentaire Raoul Ortollan,École,Public,allée Micocouliers,13800,Istres,04 13 29 51 76,ce.0131593L@ac-aix-marseille.fr,,Istres,43.52589891057336,4.956429949389516,La Crau
0131594M,École maternelle Marie Curie,École,Public,rue Didier Daurat la Signore,13700,Marignane,04 42 77 27 97,ce.0131594M@ac-aix-marseille.fr,,Marignane,43.41839084118261,5.207889531162781,La Nerthe
0131595N,École élémentaire la Grognarde,École,Public,boulevard Soult,13011,Marseille 11e  Arrondissement,04 91 44 52 44,ce.0131595N@ac-aix-marseille.fr,,Marseille Saint Barnabé,43.29349773047716,5.435516698698924,Marseille Collines
0131596P,Lycée Militaire d'Aix-en-Provence,Lycée,Public,13 boulevard des Poilus,13617,Aix-en-Provence,04 42 23 89 58,direction.etudes@lycee-militaire-aix.fr,,,43.52723747240502,5.456919464332508,Sainte Victoire
0131602W,Collège du Roy d'Espagne,Collège,Public,36 chemin du Roy d'Espagne,13275,Marseille,04 91 25 09 60,ce.0131602W@ac-aix-marseille.fr,,Marseille - ASH,43.24125484685546,5.3969697295295855,Marseille Calanques
0131603X,Collège Adolphe Monticelli,Collège,Public,6 rue de la Turbine,13008,Marseille,04 91 81 45 99,ce.0131603X@ac-aix-marseille.fr,,Marseille - ASH,43.27664976646941,5.380983517479939,Marseille Calanques
0131604Y,Collège Henri Wallon,Collège,Public,traverse du Couvent,13014,Marseille,04 91 21 50 20,ce.0131604Y@ac-aix-marseille.fr,REP+,Marseille - ASH,43.3196178510615,5.386180404033253,Marseille Vieux Port
0131605Z,Collège Henri Barnier,Collège,Public,269 boulevard Henri Barnier,13016,Marseille,04 91 09 27 01,ce.0131605z@ac-aix-marseille.fr,REP+,Marseille - ASH,43.3649273775508,5.3438294872879935,Marseille Madrague
0131606A,Lycée des Métiers la Calade - Jane Vialle,Lycée,Public,430 chemin de la Madrague-Ville,13326,Marseille,04 91 65 86 50,ce.0131606A@ac-aix-marseille.fr,,,43.34104514685386,5.352610382864538,Marseille Madrague
0131607B,Collège Georges Brassens,Collège,Public,avenue du Général de Gaulle,13700,Marignane,04 42 31 73 50,ce.0131607B@ac-aix-marseille.fr,,Marseille - ASH,43.41135891449512,5.204368025670786,La Nerthe
0131608C,Collège Émilie de Mirabeau,Collège,Public,la Bastide du Tron,13700,Marignane,04 42 88 49 10,ce.0131608C@ac-aix-marseille.fr,,Marseille - ASH,43.40401199625373,5.224930185750121,La Nerthe
0131609D,Collège Frédéric Mistral,Collège,Public,boulevard Émile Combes,13200,Arles,04 90 93 42 19,ce.0131609D@ac-aix-marseille.fr,,Marseille - ASH,43.683105312952776,4.631309900028356,Camargue
0131610E,Collège Vincent Van Gogh,Collège,Public,rue Jean Giono,13637,Arles,04 90 93 55 55,ce.0131610E@ac-aix-marseille.fr,REP,Marseille - ASH,43.67943880232301,4.638130116326001,Camargue
0131611F,Collège René Cassin,Collège,Public,avenue Prosper Mérimée,13150,Tarascon,04 90 91 09 64,ce.0131611F@ac-aix-marseille.fr,REP,Marseille - ASH,43.81837826589648,4.662029851916059,Camargue
0131620R,École maternelle la Grognarde,École,Public,boulevard Soult,13011,Marseille 11e  Arrondissement,04 91 44 72 97,ce.0131620R@ac-aix-marseille.fr,,Marseille Saint Barnabé,43.29319336024702,5.4362431011876575,Marseille Collines
0131622T,Collège Joseph Lakanal,Collège,Public,9 impasse des Fillols,13400,Aubagne,04 42 70 08 53,ce.0131622T@ac-aix-marseille.fr,,Marseille - ASH,43.28565731068221,5.582480253858163,Le Garlaban
0131630B,École élémentaire Vaillant-Couturier,École,Public,avenue Jean Cristofol,13130,Berre-l'Etang,04 42 85 48 05,ce.0131630B@ac-aix-marseille.fr,REP,Miramas,43.48073469379176,5.170249957233937,La Nerthe
0131631C,École primaire Chave Boucher,École,Public,13 rue Alderic Chave,13700,Marignane,04 42 09 70 75,ce.0131631C@ac-aix-marseille.fr,,Marignane,43.41718342827206,5.213249731101051,La Nerthe
0131633E,École maternelle les Molières,École,Public,rue Albert Camus,13140,Miramas,04 90 50 14 30,ce.0131633E@ac-aix-marseille.fr,,Miramas,43.58955068523968,5.006060259162412,La Crau
0131634F,École élémentaire Anatole France 1,École,Public,avenue Maurice Thorez,13110,Port-de-Bouc,04 42 06 23 94,ce.0131634F@ac-aix-marseille.fr,REP+,Martigues,43.404907762490446,4.979920000441747,Cote Bleue
0131636H,École élémentaire Notre Dame Limite les Fabrettes,École,Public,8 traverse de l'Arlésienne,13015,Marseille 15e  Arrondissement,04 91 51 03 82,ce.0131636H@ac-aix-marseille.fr,,Marseille Estaque,43.3833446730215,5.35963758613188,Marseille Madrague
0131637J,École élémentaire Parc Kalliste,École,Public,chemin des Bourrely,13015,Marseille 15e  Arrondissement,04 91 51 18 42,ce.0131637J@ac-aix-marseille.fr,REP+,Marseille Aygalades,43.38623774738696,5.36481578155842,Marseille Madrague
0131638K,École élémentaire Notre-Dame Limite Jean Perrin,École,Public,chemin des Bourrely,13015,Marseille 15e  Arrondissement,04 91 51 11 84,ce.0131638K@ac-aix-marseille.fr,REP+,Marseille Estaque,43.38411924582799,5.362087986660924,Marseille Madrague
0131640M,École élémentaire Révolution,École,Public,38 rue du Jet d'Eau,13003,Marseille  3e  Arrondissement,04 91 50 17 92,ce.0131640M@ac-aix-marseille.fr,REP+,Marseille Belle de Mai,43.31491905424453,5.381770605344159,Marseille Vieux Port
0131641N,École élémentaire Émile Vayssière 1,École,Public,5 rue de la Crau,13014,Marseille 14e  Arrondissement,04 13 94 01 70,ce.0131641N@ac-aix-marseille.fr,REP+,Marseille le Merlan,43.33529863757872,5.397282960813746,Marseille Étoile
0131642P,École élémentaire Chanteperdrix,École,Public,36 traverse Chanteperdrix,13010,Marseille 10e  Arrondissement,04 91 44 77 01,ce.0131642P@ac-aix-marseille.fr,REP,Marseille Huveaune,43.27603858330787,5.43197726549069,Marseille Huveaune
0131643R,École maternelle Flotte,École,Public,2 avenue Ferdinand Flotte,13008,Marseille  8e  Arrondissement,04 91 76 19 66,ce.0131643R@ac-aix-marseille.fr,,Marseille Corniche,43.27594063435326,5.380859402581333,Marseille Calanques
0131644S,École maternelle Bouge,École,Public,22 rue Marathon,13013,Marseille 13e  Arrondissement,04 13 94 86 87,ce.0131644S@ac-aix-marseille.fr,REP+,Marseille Belle de Mai,43.32629677908978,5.412620415854628,Marseille Étoile
0131647V,École maternelle Saint-Jérôme les Lilas,École,Public,2 rue Fernand Léger,13013,Marseille 13e  Arrondissement,04 91 98 15 58,ce.0131647V@ac-aix-marseille.fr,REP+,Marseille Belle de Mai,43.33166598911441,5.41113763848801,Marseille Étoile
0131648W,École maternelle Rose Val Plan,École,Public,77 avenue de la Croix Rouge,13013,Marseille 13e  Arrondissement,04 91 66 04 15,ce.0131648W@ac-aix-marseille.fr,REP+,Marseille la Rose,43.33434664236764,5.435977061220957,Marseille Étoile
0131650Y,École maternelle Parc Kalliste,École,Public,Notre Dame Limite,13015,Marseille 15e  Arrondissement,04 91 51 37 85,ce.0131650Y@ac-aix-marseille.fr,REP+,Marseille Aygalades,43.38560111889514,5.365530056835108,Marseille Madrague
0131652A,École élémentaire Saint Jérôme les Lilas,École,Public,2 rue Fernand Léger,13013,Marseille 13e  Arrondissement,04 91 98 11 05,ce.0131652A@ac-aix-marseille.fr,REP+,Marseille Belle de Mai,43.33148615535806,5.4111301137597465,Marseille Étoile
0131653B,École maternelle la Visitation,École,Public,38 boulevard Frédéric Sauvage,13014,Marseille 14e  Arrondissement,04 91 98 24 81,ce.0131653B@ac-aix-marseille.fr,REP+,Marseille Madrague,43.33685629732309,5.36800468861641,Marseille Madrague
0131654C,École maternelle les Caillols,École,Public,32 chemin des Campanules,13012,Marseille 12e  Arrondissement,04 91 93 16 30,ce.0131654C@ac-aix-marseille.fr,,Marseille Saint Barnabé,43.30136890596592,5.448390087497826,Marseille Collines
0131655D,École maternelle Aygalades Nouvelles,École,Public,14 boulevard Falque,13015,Marseille 15e  Arrondissement,04 91 60 77 68,ce.0131655D@ac-aix-marseille.fr,REP+,Marseille Aygalades,43.35489146475447,5.366770230797547,Marseille Madrague
0131656E,Lycée Agricole d'Aix-Valabre,Lycée,Public,chemin du Moulin du Fort,13548,Gardanne,04 42 65 43 20,legta.aix-valabre@educagri.fr,,,43.460575630825495,5.456436239516164,Sainte Victoire
0131660J,École élémentaire la Tourtelle,École,Public,quartier Anjou,13400,Aubagne,04 42 18 16 36,ce.0131660J@ac-aix-marseille.fr,REP,Aubagne,43.28913905222707,5.554520190084002,Le Garlaban
0131663M,École maternelle Jacques Prévert,École,Public,route d'Apt,13240,Septèmes-les-Vallons,04 91 51 02 56,ce.0131663M@ac-aix-marseille.fr,,Gardanne,43.40148714623933,5.365139899370683,Marseille Étoile
0131669U,École privée Val Saint André (École Secondaire Générale),Lycée,Privé Hors Contrat,19 avenue Malacrida,13100,Aix-en-Provence,04 42 27 14 47,info@val-saint-andre.com,,,43.51674961019937,5.467239397022053,Sainte Victoire
0131675A,Lycée professionnel Sainte-Élisabeth,Lycée,Privé,chemin de la Bédoule,13240,Septèmes-les-Vallons,04 91 51 01 41,contact@sainteelisabeth.com,,,43.40153151389588,5.3531497190715855,Marseille Étoile
0131681G,Lycée de Chimie-Biologie la Forbine,Lycée,Privé,4 boulevard de la Forbine,13011,Marseille,04 91 44 60 48,lycee@laforbine.com,,,43.28672723627624,5.466459886447978,Marseille Huveaune
0131684K,Lycée Jeanne Perrimond,Lycée,Privé,244 chemin du Roucas Blanc,13007,Marseille,04 91 52 83 07,contact@perrimond.eu,,,43.27877012738272,5.367589430429747,Marseille Calanques
0131685L,L.T.P. Clovis Hugues,Lycée,Privé,7 rue Fernand Dol,13100,Aix-en-Provence,04 42 38 51 96,ce.0131685l@ac-aix-marseille.fr,,,43.5259987628482,5.4521098282804505,Sainte Victoire
0131689R,Collège Saint-Vincent-de-Paul,Collège,Privé,30 rue Stanislas Torrents,13006,Marseille,04 91 37 48 86,marseille.posvp@wanadoo.fr,,,43.28740766216395,5.378379862206026,Marseille Calanques
0131690S,Lycée d'enseignement privé Agricole Fontlongue,Lycée,Privé,boulevard Théodore Aubanel,13148,Miramas,04 90 58 18 46,miramas@cneap.fr,,,43.58848360785269,4.995339369541717,La Crau
0131692U,École primaire Mazargues Vaccaro,École,Public,boulevard Maréchal Koenig,13009,Marseille  9e  Arrondissement,04 91 40 15 13,ce.0131692U@ac-aix-marseille.fr,,Marseille Mazargues,43.2423960671708,5.410709528091828,Marseille Calanques
0131700C,Collège Pesquier,Collège,Public,rue Charles Pauriol,13120,Gardanne,04 42 65 91 50,ce.0131700C@ac-aix-marseille.fr,,Aix - ASH Est,43.44382570561783,5.467639399709483,Sainte Victoire
0131701D,Collège Gabriel Péri,Collège,Public,avenue Jean Macé,13541,Gardanne,04 42 12 63 70,ce.0131701D@ac-aix-marseille.fr,REP,Marseille - ASH,43.453259683075466,5.470129814977732,Sainte Victoire
0131703F,Collège Édouard Manet,Collège,Public,avenue Raimu,13014,Marseille,04 91 21 50 30,ce.0131703F@ac-aix-marseille.fr,REP+,Aix - ASH Est,43.33336908225192,5.399634040443975,Marseille Étoile
0131704G,Collège Arthur Rimbaud,Collège,Public,19 traverse Santi,13015,Marseille,04 91 09 54 44,ce.0131704G@ac-aix-marseille.fr,REP+,Marseille - ASH,43.34432893263555,5.348482706937176,Marseille Madrague
0131705H,Collège Fernand Léger,Collège,Public,38 allée le Réveille Matin,13130,Berre-l'Etang,04 42 85 40 76,ce.0131705H@ac-aix-marseille.fr,REP,Arles - ASH Ouest,43.488049494784825,5.158740692840738,La Nerthe
0131706J,Collège Commandant Cousteau,Collège,Public,avenue de la Plantade,13340,Rognac,04 42 87 55 49,ce.0131706J@ac-aix-marseille.fr,,Arles - ASH Ouest,43.48382675574098,5.234165532315166,La Nerthe
0131707K,Collège Gérard Philipe,Collège,Public,quartier des Deux Portes,13500,Martigues,04 42 07 35 97,ce.0131707K@ac-aix-marseille.fr,,Marseille - ASH,43.39572783760718,5.060829624393693,Cote Bleue
0131711P,Collège Rocher du Dragon,Collège,Public,avenue Henri Pontier,13100,Aix-en-Provence,04 42 21 16 86,ce.0131711P@ac-aix-marseille.fr,,Marseille - ASH,43.533367200113865,5.438419962046779,Sainte Victoire
0131712R,Collège Arc de Meyran,Collège,Public,chemin de la Cible,13181,Aix-en-Provence,04 42 27 73 89,ce.0131712R@ac-aix-marseille.fr,,Aix - ASH Est,43.511667017625776,5.462501869215118,Sainte Victoire
0131713S,École maternelle de Cuques,École,Public,1 rue de Cuques,13100,Aix-en-Provence,04 42 27 30 45,ce.0131713S@ac-aix-marseille.fr,,Aix - Ste Victoire,43.52033160780825,5.45437031374111,Sainte Victoire
0131715U,Lycée professionnel Agricole les Alpilles,Lycée,Public,avenue Édouard Herriot,13210,Saint-Rémy-de-Provence,04 90 92 03 20,lpa.st-remy@educagri.fr,,,43.78979409671784,4.835860080165887,Camargue
0131723C,Collège Jean Jaurès,Collège,Public,quartier la Marinière,13860,Peyrolles-en-Provence,04 42 67 04 04,ce.0131723C@ac-aix-marseille.fr,,Aix - ASH Est,43.646281794484345,5.576662226332888,Sainte Victoire
0131746C,Collège Robert Morel,Collège,Public,rue Robert Martin,13637,Arles,04 90 96 47 48,ce.0131746C@ac-aix-marseille.fr,,Arles - ASH Ouest,43.684458660549865,4.614009425456128,Camargue
0131747D,Lycée polyvalent Auguste et Louis Lumière,Lycée,Public,avenue Jules Ferry,13600,La Ciotat,04 42 08 38 38,ce.0131747D@ac-aix-marseille.fr,,,43.18531242697889,5.603859514275169,Le Garlaban
0131750G,Collège Louis Armand,Collège,Public,116 rue St Jean du Désert,13012,Marseille,04 91 49 50 49,ce.0131750G@ac-aix-marseille.fr,,Marseille - ASH,43.29657118819605,5.433719413220106,Marseille Collines
0131756N,Collège Darius Milhaud,Collège,Public,36 boulevard Louis Armand,13012,Marseille,04 91 49 00 93,ce.0131756N@ac-aix-marseille.fr,,Marseille - ASH,43.2987330579284,5.411956189934586,Marseille Collines
0131757P,Collège l'Estaque,Collège,Public,348 rue Rabelais,13016,Marseille,04 95 06 93 20,ce.0131757P@ac-aix-marseille.fr,REP,Marseille - ASH,43.36302953235596,5.323538178186469,Marseille Madrague
0131789Z,Collège Henri Wallon,Collège,Public,boulevard Léo Lagrange,13500,Martigues,04 42 80 13 35,ce.0131789Z@ac-aix-marseille.fr,,Marseille - ASH,43.40886514779652,5.05348994387468,Cote Bleue
0131795F,École primaire privée Saint Augustin,École,Privé,avenue Jean Bart Prolongee,13470,Carnoux-en-Provence,04 42 73 79 12,ce.0131795F@ac-aix-marseille.fr,,Écoles privées,43.2635409687986,5.565329986020345,Le Garlaban
0131796G,École primaire privée Chevreul-Blancarde,École,Privé,5 rue Antoine Pons,13004,Marseille  4e  Arrondissement,04 91 49 10 73,ce.0131796G@ac-aix-marseille.fr,,Écoles privées,43.29715517071236,5.401944115043766,Marseille Collines
0131797H,École primaire privée Notre-Dame du Sacré-Coeur,École,Privé,167 avenue des Caillols,13012,Marseille 12e  Arrondissement,09 77 69 04 78,ce.0131797H@ac-aix-marseille.fr,,Écoles privées,43.30322260583936,5.438729819580291,Marseille Collines
0131798J,École primaire privée Saint Joseph Madeleine,École,Privé,172 bis boulevard de la Libération,13228,Marseille  4e  Arrondissement,04 96 12 21 38,ce.0131798J@ac-aix-marseille.fr,,Écoles privées,43.30018004058067,5.394642256666912,Marseille Vieux Port
0131799K,École primaire privée Saint Mathieu,École,Privé,22 place des Héros,13013,Marseille 13e  Arrondissement,04 91 07 07 18,ce.0131799K@ac-aix-marseille.fr,,Écoles privées,43.35219368844342,5.440029799201554,Marseille Étoile
0131800L,École primaire privée Notre-Dame Saint Théodore,École,Privé,46 rue des Dominicaines,13001,Marseille  1er Arrondissement,04 91 90 10 90,ce.0131800L@ac-aix-marseille.fr,,Écoles privées,43.30036990340649,5.378790136351324,Marseille Vieux Port
0131801M,École primaire privée Saint Michel,École,Privé,185 boulevard Chave,13005,Marseille  5e  Arrondissement,04 91 42 92 23,ce.0131801M@ac-aix-marseille.fr,,Écoles privées,43.29570433374008,5.397569972921407,Marseille Collines
0131802N,École primaire privée Sainte Marie,École,Privé,159 boulevard de la Blancarde,13004,Marseille  4e  Arrondissement,04 91 18 50 20,ce.0131802N@ac-aix-marseille.fr,,Écoles privées,43.30382740105653,5.406809998393901,Marseille Collines
0131803P,École primaire privée Sainte Thérèse d'Avila,École,Privé,47 boulevard Dahdah,13004,Marseille  4e  Arrondissement,04 91 62 35 79,ce.0131803P@ac-aix-marseille.fr,,Écoles privées,43.31037135534803,5.394849945091296,Marseille Vieux Port
0131804R,École primaire privée Perrin Sainte Trinité,École,Privé,19 rue Estelle Bp 39,13020,Marseille  1er Arrondissement,04 91 54 31 78,ce.0131804R@ac-aix-marseille.fr,,Écoles privées,43.29315770885967,5.381029433063431,Marseille Vieux Port
0131805S,École primaire privée Yavné,École,Privé,44 boulevard Barry,13013,Marseille 13e  Arrondissement,04 91 66 14 77,ce.0131805S@ac-aix-marseille.fr,,Écoles privées,43.3176611203694,5.409438729031993,Marseille Vieux Port
0131808V,École primaire privée Tour-Sainte,École,Privé,12 avenue de Tour Sainte Ste Marthe,13014,Marseille 14e  Arrondissement,04 91 21 53 00,ce.0131808V@ac-aix-marseille.fr,,Écoles privées,43.34356625422274,5.388245141467823,Marseille Étoile
0131809W,École primaire privée Externat St François d'Assise,École,Privé,8 boulevard Boyer,13003,Marseille  3e  Arrondissement,04 91 64 21 54,secretariat.jeannedarc@gmail.com,,Écoles privées,43.312730930804136,5.386189876296844,Marseille Vieux Port
0131810X,École primaire privée Saint Mauront,École,Privé,5 rue des Industrieux,13003,Marseille  3e  Arrondissement,04 91 62 59 07,ce.0131810X@ac-aix-marseille.fr,,Écoles privées,43.317510457815295,5.374800156630438,Marseille Madrague
0131812Z,École primaire privée Notre-Dame de la Major,École,Privé,31 montée des Accoules,13002,Marseille  2e  Arrondissement,04 91 90 28 19,ce.0131812Z@ac-aix-marseille.fr,,Écoles privées,43.29763675298272,5.366283046179121,Marseille Vieux Port
0131814B,École primaire privée Notre-Dame de la Viste,École,Privé,111 chemin Henri Beyle Bp 12,13202,Marseille 15e  Arrondissement,04 91 60 90 57,ce.0131814B@ac-aix-marseille.fr,,Écoles privées,43.352630786949625,5.359884140307856,Marseille Madrague
0131818F,École primaire privée Saint Joseph,École,Privé,61 boulevard Viala,13015,Marseille 15e  Arrondissement,04 91 58 61 40,ce.0131818F@ac-aix-marseille.fr,,Écoles privées,43.33488344538988,5.3600203698368745,Marseille Madrague
0131821J,École élémentaire Saint André la Castellane,École,Public,66 chemin de Bernex,13016,Marseille 16e  Arrondissement,04 91 46 04 31,ce.0131821J@ac-aix-marseille.fr,REP+,Marseille Estaque,43.36861647068143,5.339339809258837,Marseille Madrague
0131826P,École primaire les Passons,École,Public,rue du Château,13400,Aubagne,04 42 18 16 77,ce.0131826P@ac-aix-marseille.fr,,Aubagne,43.29370345927293,5.578229823086481,Le Garlaban
0131827R,École élémentaire Lucie Aubrac,École,Public,avenue Raoul Décoppet,13120,Gardanne,04 42 58 28 58,ce.0131827R@ac-aix-marseille.fr,,Gardanne,43.45860604966896,5.460409982641235,Sainte Victoire
0131830U,École maternelle Saint André la Castellane,École,Public,66 chemin de Bernex,13016,Marseille 16e  Arrondissement,04 91 46 08 85,ce.0131830U@ac-aix-marseille.fr,REP+,Marseille Estaque,43.36862712876858,5.338846775883948,Marseille Madrague
0131831V,École maternelle Allée des Pins le Cabot,École,Public,84 boulevard du Redon,13009,Marseille  9e  Arrondissement,04 91 41 34 42,ce.0131831V@ac-aix-marseille.fr,,Marseille Mazargues,43.253778835089534,5.415211292792151,Marseille Calanques
0131832W,École maternelle Saint-Jérôme Susini,École,Public,2 traverse Susini,13013,Marseille 13e  Arrondissement,04 91 66 38 60,ce.0131832W@ac-aix-marseille.fr,,Marseille la Rose,43.33397635346223,5.420040115908397,Marseille Étoile
0131838C,École maternelle Fontvenelle,École,Public,Fontvenelle,13120,Gardanne,04 42 58 47 00,ce.0131838C@ac-aix-marseille.fr,,Gardanne,43.45933509793756,5.459420515542025,Sainte Victoire
0131848N,Lycée professionnel Agricole des Calanques,Lycée,Public,89 traverse Parangon,13008,Marseille,04 91 72 70 70,lpa.marseille@educagri.fr,,,43.23883962245833,5.377749616457136,Marseille Calanques
0131851S,École primaire privée Saint Louis,École,Privé,12 place des Abattoirs,13015,Marseille 15e  Arrondissement,04 91 60 00 01,ecole.stlouismariani@wanadoo.fr,,Écoles privées,43.33905272889127,5.35747968564632,Marseille Madrague
0131853U,École maternelle Frédéric Mistral,École,Public,89 avenue du Mail,13470,Carnoux-en-Provence,04 42 73 44 91,ce.0131853U@ac-aix-marseille.fr,,La Ciotat,43.25489642991327,5.564720281180611,Le Garlaban
0131854V,École élémentaire Roger le Guérec,École,Public,avenue Camusso,13600,La Ciotat,04 42 08 51 30,ce.0131854V@ac-aix-marseille.fr,,La Ciotat,43.1801916869602,5.590887053396193,Le Garlaban
0131855W,École élémentaire Marie Curie,École,Public,rue Didier Daurat,13700,Marignane,04 42 77 28 42,ce.0131855W@ac-aix-marseille.fr,,Marignane,43.4187734885093,5.208279556248383,La Nerthe
0131856X,École élémentaire Malpassé les Oliviers,École,Public,avenue Saint Paul,13013,Marseille 13e  Arrondissement,04 13 94 86 80,ce.0131856X@ac-aix-marseille.fr,REP+,Marseille Belle de Mai,43.3268452173264,5.408487589959823,Marseille Étoile
0131857Y,École maternelle les Trois Ponts,École,Public,32 traverse Chante Perdrix,13010,Marseille 10e  Arrondissement,04 91 44 69 57,ce.0131857Y@ac-aix-marseille.fr,REP,Marseille Huveaune,43.27282021499585,5.436133910248119,Marseille Huveaune
0131858Z,École maternelle Henri Tranchier,École,Public,avenue Guy Môquet,13500,Martigues,04 42 80 19 10,ce.0131858Z@ac-aix-marseille.fr,,Martigues,43.411913326054936,5.021439715234765,Cote Bleue
0131862D,Lycée du Sacré-Coeur,Lycée,Privé,29 rue Manuel,13100,Aix-en-Provence,04 42 38 41 32,ce.0132917a@ac-aix-marseille.fr,,,43.528432872097824,5.453299968876162,Sainte Victoire
0131870M,École primaire privée Sainte Thérèse de l'enfant-Jésus,École,Privé,boulevard de Casablanca Saint-Antoine,13015,Marseille 15e  Arrondissement,04 91 51 25 71,ce.0131870M@ac-aix-marseille.fr,,Écoles privées,43.372124312218766,5.359091459542387,Marseille Madrague
0131881Z,Collège Simone Veil,Collège,Public,avenue Pierre de Coubertin,13833,Châteaurenard,04 90 94 07 59,ce.0131881Z@ac-aix-marseille.fr,,Marseille - ASH,43.88168569746392,4.8648404259387625,Avignon
0131883B,Collège Jean Jaurès,Collège,Public,55 boulevard Bertolucci,13708,La Ciotat,04 42 08 41 64,ce.0131883B@ac-aix-marseille.fr,,Aix - ASH Est,43.17338269125981,5.603550536333987,Le Garlaban
0131884C,Collège Belle de Mai,Collège,Public,4 rue Docteur Léon Perrin,13003,Marseille,04 91 64 03 33,ce.0131884C@ac-aix-marseille.fr,REP+,Marseille - ASH,43.31338122145661,5.386289514268629,Marseille Vieux Port
0131885D,Collège Katherine Johnson ( Anciennement Vallon des Pins),Collège,Public,boulevard du Bosphore,13344,Marseille,04 91 65 46 44,ce.0131885D@ac-aix-marseille.fr,REP+,Marseille - ASH,43.3713999942096,5.365884347481156,Marseille Madrague
0131887F,Collège Elsa Triolet,Collège,Public,23 place Canovas,13015,Marseille,04 91 51 10 36,ce.0131887F@ac-aix-marseille.fr,REP+,Marseille - ASH,43.37143648119913,5.355300391983345,Marseille Madrague
0131888G,Collège Alain Savary,Collège,Public,1 avenue Radolfzell,13800,Istres,04 13 29 57 75,ce.0131888G@ac-aix-marseille.fr,,Arles - ASH Ouest,43.50141629986821,4.994883050428444,La Crau
0131908D,École maternelle Giono-Schweitzer,École,Public,5 boulevard Docteur Schweitzer,13090,Aix-en-Provence,04 42 92 26 61,ce.0131908D@ac-aix-marseille.fr,,Aix - Ste Victoire,43.522006230356325,5.429804380900874,Sainte Victoire
0131909E,École élémentaire Giono-Schweitzer,École,Public,10 boulevard Germain Nouveau,13090,Aix-en-Provence,04 42 59 12 36,ce.0131909E@ac-aix-marseille.fr,,Aix - Ste Victoire,43.52173430766056,5.430290150922261,Sainte Victoire
0131910F,École maternelle Jacques Prévert,École,Public,avenue de Tubingen,13090,Aix-en-Provence,04 42 59 39 20,ce.0131910F@ac-aix-marseille.fr,,Aix - Ste Victoire,43.52637390561612,5.433169726494218,Sainte Victoire
0131911G,École élémentaire Paul Arène,École,Public,rue Léon Blum,13090,Aix-en-Provence,04 42 59 05 87,ce.0131911G@ac-aix-marseille.fr,REP,Aix - Ste Victoire,43.52325043617839,5.428830279109592,Sainte Victoire
0131912H,École maternelle le Petit Prince,École,Public,rue de Wisbech,13200,Arles,04 90 93 97 15,ce.0131912H@ac-aix-marseille.fr,REP,Arles-Camargue,43.67491747560605,4.643539871671463,Camargue
0131913J,École maternelle Roger le Guérec,École,Public,avenue Marcel Camusso,13600,La Ciotat,04 42 08 33 88,ce.0131913J@ac-aix-marseille.fr,,La Ciotat,43.17876160361861,5.594819555817257,Le Garlaban
0131914K,École élémentaire Michel Gerachios,École,Public,avenue Cantegrillet,13270,Fos-sur-Mer,04 42 47 70 01,ce.0131914K@ac-aix-marseille.fr,,Istres,43.45512939414205,4.938520118263789,La Crau
0131922U,Collège les Bartavelles,Collège,Public,31 traverse de la Valbarelle,13010,Marseille,04 91 35 43 27,ce.0131922U@ac-aix-marseille.fr,,Aix - ASH Est,43.28219994446597,5.437244613531648,Marseille Huveaune
0131923V,Collège Marseilleveyre,Collège,Public,83 traverse Parangon,13285,Marseille,04 91 17 67 00,ce.0131923V@ac-aix-marseille.fr,,Marseille - ASH,43.23885045442155,5.377257698506655,Marseille Calanques
0131924W,École maternelle Mazargues Grande Bastide,École,Public,avenue Desautel,13009,Marseille  9e  Arrondissement,04 91 40 12 95,ce.0131924W@ac-aix-marseille.fr,,Marseille Mazargues,43.25373885553186,5.405429851309537,Marseille Calanques
0131927Z,Collège Honoré Daumier,Collège,Public,46 avenue Clot Bey,13008,Marseille,04 91 76 01 20,ce.0131927Z@ac-aix-marseille.fr,,Marseille - ASH,43.26092595736221,5.387620688912183,Marseille Calanques
0131928A,École maternelle les Lierres,École,Public,50 avenue 24-Avr-15,13012,Marseille 12e  Arrondissement,04 91 93 16 70,ce.0131928A@ac-aix-marseille.fr,,Marseille Saint Barnabé,43.30782131897932,5.429910523301555,Marseille Collines
0131931D,Collège Thiers,Collège,Public,5 place du Lycée,13232,Marseille,04 91 18 92 18,ce.0131931D@ac-aix-marseille.fr,,Marseille - ASH,43.29685415550637,5.382610144906995,Marseille Vieux Port
0131932E,Collège Jean de Bernardy (Anciennement Longchamp),Collège,Public,23 rue Jean de Bernardy,13232,Marseille,04 91 62 35 83,ce.0131932E@ac-aix-marseille.fr,,Marseille - ASH,43.30251976133512,5.388918166791596,Marseille Vieux Port
0131934G,École maternelle de Logisson,École,Public,place François Mitterrand,13310,Saint-Martin-de-Crau,04 90 47 13 62,ce.0131934G@ac-aix-marseille.fr,,Saint Martin de Crau,43.63875412373588,4.813880232933657,Camargue
0131935H,Collège Edgar Quinet,Collège,Public,38 rue du 141e Ria,13003,Marseille,04 91 50 23 30,ce.0131935H@ac-aix-marseille.fr,REP+,Marseille - ASH,43.30694525124522,5.379561803755705,Marseille Vieux Port
0131936J,École maternelle Robert Badinter,École,Public,3 allée des Glycines,13127,Vitrolles,04 42 89 23 20,ce.0131936J@ac-aix-marseille.fr,REP+,Vitrolles,43.441380672232285,5.25416966942208,La Nerthe
0131937K,École élémentaire Robert Badinter,École,Public,5 allée des Glycines,13127,Vitrolles,04 42 89 23 88,ce.0131937K@ac-aix-marseille.fr,REP+,Vitrolles,43.44082213768719,5.254670260549253,La Nerthe
0131943S,Collège Pierre Puget,Collège,Public,62 rue du Docteur Escat,13006,Marseille,04 91 37 17 47,ce.0131943S@ac-aix-marseille.fr,,Marseille - ASH,43.28299743434999,5.379869606420135,Marseille Calanques
0131959J,École primaire privée Vitagliano,École,Privé,5 rue Antoine Pons,13004,Marseille  4e  Arrondissement,04 95 08 01 40,accueil.vitagliano@apprentis-auteuil.org,,Écoles privées,43.29732195826035,5.4018500253801225,Marseille Collines
0131968U,Collège des Caillols,Collège,Public,66 rue de la Sarriette,13012,Marseille,04 91 87 51 51,ce.0131968U@ac-aix-marseille.fr,,Marseille - ASH,43.3077499807866,5.447910569929068,Marseille Collines
0131985M,École primaire privée Sainte Anne,École,Privé,18 rue Thieux,13008,Marseille  8e  Arrondissement,04 91 71 08 06,ecole.ste.anne.callelongue@wanadoo.fr,,Écoles privées,43.25848954661543,5.3934869120582185,Marseille Calanques
0131998B,École élémentaire la Salle,École,Public,rue Victor Hugo,13320,Bouc-Bel-Air,04 42 22 09 88,ce.0131998B@ac-aix-marseille.fr,,Gardanne,43.44111261354433,5.422020592535476,Sainte Victoire
0131999C,École maternelle Langevin-Wallon,École,Public,chemin de la Bédoule,13240,Septèmes-les-Vallons,04 91 96 18 12,ce.0131999C@ac-aix-marseille.fr,REP,Gardanne,43.386683492532725,5.353159865826023,Marseille Étoile
0132000D,École élémentaire François Césari,École,Public,traverse de l'Ecole,13240,Septèmes-les-Vallons,04 91 96 19 10,ce.0132000D@ac-aix-marseille.fr,,Gardanne,43.40828741622445,5.368289645435012,Marseille Étoile
0132003G,École maternelle Cabannes,École,Public,place des Ecoles,13440,Cabannes,04 90 90 40 43,ce.0132003G@ac-aix-marseille.fr,,Saint Rémy de Provence,43.86121745432701,4.9521303519073046,Luberon
0132006K,École maternelle Rousset,École,Public,route de la Coopérative,13790,Rousset,04 42 29 02 35,ce.0132006K@ac-aix-marseille.fr,,Trets,43.48155030982527,5.625700041481927,Sainte Victoire
0132007L,Collège Jacques Prévert,Collège,Public,avenue Jacques Prévert,13730,Saint-Victoret,04 42 77 47 57,ce.0132007L@ac-aix-marseille.fr,REP,Marseille - ASH,43.41697231810928,5.231344038358879,La Nerthe
0132009N,Collège Gisèle Halami (Anciennement Château Double),Collège,Public,2 rue Alexander Fleming,13090,Aix-en-Provence,04 42 52 52 20,ce.0132009N@ac-aix-marseille.fr,,Marseille - ASH,43.53148231123345,5.419359963845442,Sainte Victoire
0132011R,École primaire privée Saint Joseph l'Estaque,École,Privé,27 chemin de la Nerthe,13016,Marseille 16e  Arrondissement,04 91 46 03 55,ce.0132011R@ac-aix-marseille.fr,,Écoles privées,43.36332922671783,5.314594745691704,Marseille Madrague
0132012S,École primaire privée Jeanne D Arc,École,Privé,53 boulevard Carnot,13080,Aix-en-Provence,04 42 38 45 81,ce.0132012S@ac-aix-marseille.fr,,Écoles privées,43.52936586927935,5.4534796225255775,Sainte Victoire
0132013T,École primaire privée Saint Joseph,École,Privé,16 cours cours Saint Louis,13080,Aix-en-Provence,04 42 23 02 19,ce.0132013T@ac-aix-marseille.fr,,Écoles privées,43.53056246215765,5.452710478134273,Sainte Victoire
0132014U,École primaire privée la Nativité,École,Privé,8 rue Andreani,13090,Aix-en-Provence,04 42 93 45 70,ce.0132014U@ac-aix-marseille.fr,,Écoles privées,43.5132602551911,5.434150449533996,Sainte Victoire
0132015V,École primaire privée Sainte Catherine de Sienne,École,Privé,20 rue Mignet,13100,Aix-en-Provence,04 42 23 48 98,ce.0132015V@ac-aix-marseille.fr,,Écoles privées,43.53050997426663,5.450930386306429,Sainte Victoire
0132016W,École primaire privée Sainte Geneviève,École,Privé,11 rue des Robiniers,13090,Aix-en-Provence,04 42 20 07 56,ce.0132016W@ac-aix-marseille.fr,,Écoles privées,43.53469705512839,5.422290388854724,Sainte Victoire
0132017X,École primaire privée Sacré-Coeur,École,Privé,71 avenue des Ecoles Militaires,13080,Aix-en-Provence,04 42 38 43 97,ce.0132017X@ac-aix-marseille.fr,,Écoles privées,43.52328926433008,5.469690083433449,Sainte Victoire
0132018Y,École primaire privée Saint François d'Assise,École,Privé,813 chemin des Frères Gris Luynes,13080,Aix-en-Provence,04 42 24 02 84,ce.0132018Y@ac-aix-marseille.fr,,Écoles privées,43.48604579422088,5.427767418242063,Sainte Victoire
0132021B,École primaire privée Sainte Bernadette,École,Privé,5 rue de l'Eglise,13080,Aix-en-Provence,04 42 24 22 70,ce.0132021B@ac-aix-marseille.fr,,Écoles privées,43.50305944667813,5.388509993305006,Sainte Victoire
0132023D,École primaire privée Saint Joseph,École,Privé,quartier la Garde route de Trets,13120,Gardanne,04 42 58 45 70,ce.0132023D@ac-aix-marseille.fr,,Écoles privées,43.46194425781981,5.482564896625585,Sainte Victoire
0132025F,École primaire privée Sainte Marie,École,Privé,avenue Marc Scudo,13710,Fuveau,04 42 58 74 66,ce.0132025F@ac-aix-marseille.fr,,Écoles privées,43.45460425500641,5.559189897095168,Sainte Victoire
0132026G,École primaire privée Jeanne d'Arc,École,Privé,10 avenue Frédéric Mistral,13410,Lambesc,04 42 57 16 86,ce.0132026G@ac-aix-marseille.fr,,Écoles privées,43.65219747596297,5.256264882483904,Salon
0132027H,École primaire privée Saint-Vincent-de-Paul,École,Privé,9 bis rue du Séminaire,13104,Arles,04 90 96 04 28,e.saintvincent-arles@wanadoo.fr,,Écoles privées,43.67805787902756,4.625070134636421,Camargue
0132028J,École primaire privée Saint Étienne,École,Privé,Clos Guinot-Qu des Precheurs,13104,Arles,04 90 96 83 85,ce.0132028J@ac-aix-marseille.fr,,Écoles privées,43.68212259211645,4.605410294234536,Camargue
0132031M,École primaire privée Sacré-Coeur,École,Privé,15 rue du Logisson,13310,Saint-Martin-de-Crau,04 90 47 23 92,ce.0132031M@ac-aix-marseille.fr,,Écoles privées,43.636262904796574,4.809719481399764,Camargue
0132033P,École primaire privée Saint Denys-Saint Joseph,École,Privé,66 avenue du Général de Gaulle,13160,Châteaurenard,00 49 09 46 05,ce.0132033P@ac-aix-marseille.fr,,Écoles privées,43.884382274282096,4.850739973996388,Avignon
0132034R,École primaire privée Notre-Dame,École,Privé,2 chemin des Ecoles,13570,Barbentane,07 57 12 71 48,direction@ecolenotredamebarbentane.fr,,Écoles privées,43.90075987060266,4.749530468609846,Avignon
0132035S,École primaire privée Jeanne d'Arc,École,Privé,rue Jeanne d'Arc,13690,Graveson,04 90 95 73 56,ce.0132035S@ac-aix-marseille.fr,,Écoles privées,43.85238076194549,4.774490055369576,Camargue
0132038V,École élémentaire privée Provence,École,Privé,42 boulevard Emile Sicard,13008,Marseille  8e  Arrondissement,04 91 77 28 46,ce.0132038V@ac-aix-marseille.fr,,Écoles privées,43.27028772893432,5.384014165228965,Marseille Calanques
0132039W,École primaire privée Jeanne d'Arc,École,Privé,43 rue Jean Mermoz,13008,Marseille  8e  Arrondissement,04 96 10 12 30,ce.0132039W@ac-aix-marseille.fr,,Écoles privées,43.2765897656793,5.387209842752502,Marseille Calanques
0132040X,École primaire privée Notre-Dame de l'Huveaune,École,Privé,23 boulevard Emile Sicard,13008,Marseille  8e  Arrondissement,04 91 77 94 07,ce.0132040X@ac-aix-marseille.fr,,Écoles privées,43.27057297719352,5.385279713835182,Marseille Calanques
0132041Y,École primaire privée Sainte Bernadette,École,Privé,33 avenue Clôt Bey,13008,Marseille  8e  Arrondissement,04 91 77 23 85,ce.0132041Y@ac-aix-marseille.fr,,Écoles privées,43.26126407697635,5.387469675678912,Marseille Calanques
0132042Z,École primaire privée Saint Jean-Baptiste,École,Privé,14 rue de la Gendarmerie,13009,Marseille  9e  Arrondissement,04 91 40 28 57,ce.0132042Z@ac-aix-marseille.fr,,Écoles privées,43.246160808969314,5.40524938283014,Marseille Calanques
0132044B,École primaire privée Pastré Grande Bastide,École,Privé,32 traverse Pastré,13009,Marseille  9e  Arrondissement,04 96 19 06 06,ce.0132044B@ac-aix-marseille.fr,,Écoles privées,43.26277914351154,5.42160984267642,Marseille Huveaune
0132045C,École primaire privée Sainte Marguerite,École,Privé,20 boulevard Baude,13009,Marseille  9e  Arrondissement,04 91 75 04 79,ce.0132045C@ac-aix-marseille.fr,,Écoles privées,43.24776880548933,5.408287087886676,Marseille Calanques
0132046D,École primaire privée Sainte Marie,École,Privé,11 rue Gabriel Fauré,13010,Marseille 10e  Arrondissement,04 91 89 74 03,directrice@ecolestemariestloup.fr,,Écoles privées,43.281969607685966,5.43276939411601,Marseille Huveaune
0132047E,École primaire privée Sainte Trinité,École,Privé,55 avenue de Lattre de Tassigny,13009,Marseille  9e  Arrondissement,04 91 41 11 98,contact@sainte-trinite.fr,,Écoles privées,43.24747901505893,5.40756095027223,Marseille Calanques
0132055N,École primaire privée Notre-Dame de la Jeunesse,École,Privé,61 avenue Saint-Menet Château Régis,13011,Marseille 11e  Arrondissement,04 91 43 03 32,ce.0132055N@ac-aix-marseille.fr,,Écoles privées,43.28940820881756,5.501467184512963,Marseille Huveaune
0132060U,École primaire privée Chevreul-Champavier,École,Privé,22 rue Brochier,13005,Marseille  5e  Arrondissement,04 96 12 12 00,ce.0132060U@ac-aix-marseille.fr,,Écoles privées,43.290665225781744,5.39062990486408,Marseille Vieux Port
0132061V,École primaire privée Cours de la Bastide,École,Privé,50 rue Lodi,13006,Marseille  6e  Arrondissement,04 91 48 67 96,secretariat@coursbastide.fr,,Écoles privées,43.28970053051652,5.387166179708055,Marseille Vieux Port
0132063X,École primaire privée Notre-Dame de la Paix,École,Privé,55 rue Saint Sébastien,13006,Marseille  6e  Arrondissement,04 91 37 78 16,secretariat@ecolendlp.com,,Écoles privées,43.2828326337428,5.38412008324677,Marseille Calanques
0132064Y,École primaire privée Saint Charles Camas,École,Privé,21 rue du Camas,13005,Marseille  5e  Arrondissement,04 95 08 12 40,ce.0132064Y@ac-aix-marseille.fr,,Écoles privées,43.29803629842317,5.392650732186069,Marseille Vieux Port
0132068C,École primaire privée Notre-Dame,École,Privé,15 rue Edouard Delanglade,13006,Marseille  6e  Arrondissement,04 91 37 75 60,ce.0132068C@ac-aix-marseille.fr,,Écoles privées,43.288980706450594,5.37461944464493,Marseille Vieux Port
0132069D,École primaire privée Endoume,École,Privé,22 boulevard Bensa,13007,Marseille  7e  Arrondissement,04 91 52 74 12,ecendoume@wanadoo.fr,,Écoles privées,43.28270409256741,5.353820071769253,Marseille Calanques
0132071F,École primaire privée Notre-Dame de France,École,Privé,5 rue Lacédémone,13294,Marseille  6e  Arrondissement,04 91 63 35 78,ecole@ndfrance.org,,Écoles privées,43.2825994689857,5.37705689683851,Marseille Calanques
0132074J,École primaire privée Protestante d'Endoume,École,Privé,29 avenue David Dellepiane,13007,Marseille  7e  Arrondissement,04 91 52 65 01,ce.0132074J@ac-aix-marseille.fr,,Écoles privées,43.28493811074456,5.3637404678199525,Marseille Vieux Port
0132075K,École primaire privée Saint Georges,École,Privé,6 rue Capitaine Dessemond,13007,Marseille  7e  Arrondissement,04 91 52 78 34,ce.0132075K@ac-aix-marseille.fr,,Écoles privées,43.28859447565762,5.358270122801517,Marseille Vieux Port
0132079P,École élémentaire privée Lacordaire,École,Privé,7 boulevard Lacordaire,13013,Marseille 13e  Arrondissement,04 91 12 20 80,ce.0132079P@ac-aix-marseille.fr,,Écoles privées,43.31975063009736,5.405976042924862,Marseille Vieux Port
0132080R,École primaire privée Sacré-Coeur,École,Privé,22 rue Barthélémy,13001,Marseille  1er Arrondissement,04 91 48 05 92,ce.0132080R@ac-aix-marseille.fr,,Écoles privées,43.29747846208336,5.386456887967506,Marseille Vieux Port
0132081S,École primaire privée Sévigné,École,Privé,1 avenue de Saint Jerome,13202,Marseille 13e  Arrondissement,04 91 66 22 75,ce.0132081S@ac-aix-marseille.fr,,Écoles privées,43.3291589525139,5.418857683523358,Marseille Étoile
0132082T,École primaire privée Saint Barnabé,École,Privé,2 rue Léon Meisserel,13012,Marseille 12e  Arrondissement,04 91 49 69 30,ce.0132082T@ac-aix-marseille.fr,,Écoles privées,43.30461607908255,5.418610454001772,Marseille Collines
0132085W,École primaire privée Saint Joseph,École,Privé,1 place Lagnel,13550,Noves,04 90 94 38 97,ce.0132085W@ac-aix-marseille.fr,,Écoles privées,43.87745272879236,4.900760579830728,Avignon
0132086X,École primaire privée Alpilles-Durance,École,Privé,2 boulevard de Verdun,13870,Rognonas,04 90 94 88 06,direction.ecole@alpilles-durance.org,,Écoles privées,43.89962019163275,4.802877263658917,Avignon
0132087Y,École primaire privée Saint Martin,École,Privé,2 avenue Louis Mistral,13210,Saint-Rémy-de-Provence,04 90 92 08 02,ce.0132087Y@ac-aix-marseille.fr,,Écoles privées,43.79101109022683,4.829220353608522,Camargue
0132089A,École primaire privée Notre-Dame Grâce -Saint Joseph,École,Privé,24 avenue Auguste Daillan,13910,Maillane,04 90 95 74 20,ogec.ndg@orange.fr,,Écoles privées,43.83148899052186,4.780489999524345,Camargue
0132091C,École primaire privée Petit Castelet,École,Privé,467 chemin du Petit Castelet,13150,Tarascon,04 90 91 01 51,ce.0132091C@ac-aix-marseille.fr,,Écoles privées,43.78092038516776,4.659377470034466,Camargue
0132092D,École primaire privée Sainte Marthe,École,Privé,avenue Alphonse Daudet,13150,Tarascon,04 90 91 03 48,ce.0132092D@ac-aix-marseille.fr,,Écoles privées,43.80890416902327,4.661600329715714,Camargue
0132093E,École primaire privée Jeanne d'Arc,École,Privé,boulevard Théodore Aubanel,13140,Miramas,09 71 53 15 95,jeannedarc.miramas@orange.fr,,Écoles privées,43.589455606161614,4.9991597844801055,La Crau
0132094F,École primaire privée Sainte Marie,École,Privé,302 chemin de Riquet,13400,Aubagne,04 13 92 10 00,ce.0132094F@ac-aix-marseille.fr,,Écoles privées,43.28970231562153,5.575909540169774,Le Garlaban
0132096H,École primaire privée Sainte Claire,École,Privé,41 rue Victor Hugo,13260,Cassis,04 42 01 78 11,contact@ecolesainteclaire.fr,,Écoles privées,43.214921363148605,5.5396403003798325,Le Garlaban
0132097J,École primaire privée Sainte Anne,École,Privé,335 boulevard de la République,13600,La Ciotat,04 86 33 65 86,ce.0132097J@ac-aix-marseille.fr,,Écoles privées,43.17659875521522,5.606399582422722,Le Garlaban
0132099L,École primaire privée Notre-Dame de Caderot,École,Privé,chemin de Caderot Quart Autin,13130,Berre-l'Etang,04 42 85 42 82,ce.0132099L@ac-aix-marseille.fr,,Écoles privées,43.47903086595322,5.16741955824765,La Nerthe
0132102P,École primaire privée Saint Louis,École,Privé,route Nat 568,13180,Gignac-la-Nerthe,04 42 88 51 22,ce.0132102P@ac-aix-marseille.fr,,Écoles privées,43.395909359195336,5.234543690321668,La Nerthe
0132103R,École primaire privée Sainte Marie,École,Privé,avenue Calderon,13700,Marignane,04 42 88 89 90,ce.0132103R@ac-aix-marseille.fr,,Écoles privées,43.4116305007158,5.2358960738073295,La Nerthe
0132105T,École primaire privée Sainte Élisabeth,École,Privé,1 chemin des Fraises Gavotte,13170,Les Pennes-Mirabeau,04 91 51 30 89,ce.0132105T@ac-aix-marseille.fr,,Écoles privées,43.38472150992133,5.3459840870868485,La Nerthe
0132106U,École primaire privée Saint Michel,École,Privé,Rond-Point Rond Point de Pont Ro,13370,Mallemort,09 66 93 70 82,ce.0132106U@ac-aix-marseille.fr,,Écoles privées,43.71013259825424,5.191535282188147,Salon
0132107V,École primaire privée Sainte Madeleine,École,Privé,2 avenue de Verdun,13440,Cabannes,04 90 95 21 85,ce.0132107V@ac-aix-marseille.fr,,Écoles privées,43.860387204956346,4.947410404800776,Luberon
0132108W,École primaire privée Viala-Lacoste,École,Privé,76 avenue Gaston Cabrier,13300,Salon-de-Provence,04 90 56 62 34,ce.0132108W@ac-aix-marseille.fr,,Écoles privées,43.64095154155709,5.101158394271276,Salon
0132109X,École primaire privée la Présentation,École,Privé,Square Jean Xxiii,13300,Salon-de-Provence,04 90 56 08 16,ce.0132109X@ac-aix-marseille.fr,,Écoles privées,43.64338793979403,5.096879792089144,Salon
0132110Y,École primaire privée Jeanne d'Arc,École,Privé,route Lancon,13330,Pélissanne,04 90 55 15 79,jeanne.darc13330@orange.fr,,Écoles privées,43.62628534398183,5.153164404412452,Salon
0132111Z,École primaire privée Sainte Marie-Madeleine,École,Privé,24 place Edmond Audran,13004,Marseille  4e  Arrondissement,04 91 49 32 92,m.madeleine13@wanadoo.fr,,Écoles privées,43.30995469168466,5.402149621358378,Marseille Vieux Port
0132112A,École primaire privée Henri Margalhan,École,Privé,11 chemin du Four de Buze,13014,Marseille 14e  Arrondissement,04 91 10 18 40,secretariat@margalhan.com,,Écoles privées,43.34259235360102,5.39728063388497,Marseille Étoile
0132114C,Collège Henri Margalhan,Collège,Privé,56 boulevard Caune,13014,Marseille,04 91 10 18 40,secretariat@margalhan.com,,,43.34083436263802,5.396196346280206,Marseille Étoile
0132148P,École maternelle Granière,École,Public,chemin des Baumillons,13015,Marseille 15e  Arrondissement,04 91 96 15 36,ce.0132148P@ac-aix-marseille.fr,REP+,Marseille Aygalades,43.38160736840274,5.366780088249142,Marseille Madrague
0132152U,École élémentaire Saint Norbert,École,Public,boulevard des Nations Unies,13300,Salon-de-Provence,04 90 53 48 78,ce.0132152U@ac-aix-marseille.fr,REP,Salon de Provence,43.64963195650128,5.104010330876341,Salon
0132153V,École maternelle Saint-Norbert,École,Public,boulevard des Nations Unies,13300,Salon-de-Provence,04 90 42 07 52,ce.0132153V@ac-aix-marseille.fr,REP,Salon de Provence,43.64942334691567,5.103720044298913,Salon
0132155X,École élémentaire Plan d'Aou,École,Public,1 bd du Commandant Robert Thollon,13015,Marseille 15e  Arrondissement,04 91 51 27 37,ce.0132155X@ac-aix-marseille.fr,REP+,Marseille Estaque,43.36866552262305,5.352892431683796,Marseille Madrague
0132156Y,École maternelle Château Saint-Jacques,École,Public,56 boulevard de la Valbarelle,13011,Marseille 11e  Arrondissement,04 91 44 72 52,ce.0132156Y@ac-aix-marseille.fr,,Marseille Huveaune,43.28671708183654,5.446240366126721,Marseille Huveaune
0132159B,École maternelle Paul Cézanne,École,Public,boulevard Cézanne quartier des Blazot,13300,Salon-de-Provence,04 90 56 32 89,ce.0132159B@ac-aix-marseille.fr,,Salon de Provence,43.64574786295683,5.088190311147189,Salon
0132160C,École maternelle Jean Zay,École,Public,traverse de la Marine,13600,La Ciotat,04 42 08 67 82,ce.0132160C@ac-aix-marseille.fr,,La Ciotat,43.18101489177117,5.600919674895707,Le Garlaban
0132161D,École élémentaire Paul Bert,École,Public,traverse de la Marine,13600,La Ciotat,04 42 83 31 01,ce.0132161D@ac-aix-marseille.fr,,La Ciotat,43.18078723276221,5.600470391639403,Le Garlaban
0132163F,École maternelle Pie d'Autry,École,Public,Pie d'Autry,13190,Allauch,04 91 68 54 72,ce.0132163F@ac-aix-marseille.fr,,Allauch Plan-de-Cuques Château Gombert,43.34133512462383,5.478529705570204,Marseille Étoile
0132164G,École élémentaire Langevin-Wallon,École,Public,chemin de la Bédoule,13240,Septèmes-les-Vallons,04 91 51 70 06,ce.0132164G@ac-aix-marseille.fr,REP,Gardanne,43.3862767999242,5.352698984930238,Marseille Étoile
0132165H,École maternelle Jean Maurel,École,Public,154 boulevard des Camus,13540,Aix-en-Provence,04 42 92 11 68,ce.0132165H@ac-aix-marseille.fr,,Aix - Touloubre,43.58360566235665,5.421639366468916,Sainte Victoire
0132166J,École primaire Marcel Pagnol,École,Public,avenue Jean Paul Coste,13100,Aix-en-Provence,04 42 26 67 57,ce.0132166J@ac-aix-marseille.fr,,Aix - Ste Victoire,43.51398834848256,5.455520442608812,Sainte Victoire
0132167K,École maternelle d'application Arène,École,Public,boulevard Schweitzer,13090,Aix-en-Provence,04 42 59 07 65,ce.0132167K@ac-aix-marseille.fr,REP,Aix - Ste Victoire,43.52291560979076,5.428949719465479,Sainte Victoire
0132169M,École élémentaire la Mareschale,École,Public,avenue Albert Baudouin,13100,Aix-en-Provence,04 42 59 24 77,ce.0132169M@ac-aix-marseille.fr,,Aix - Ste Victoire,43.52514046463347,5.433180566671467,Sainte Victoire
0132173S,École maternelle Montolivet,École,Public,29 boulevard Dié,13012,Marseille 12e  Arrondissement,04 91 93 39 39,ce.0132173S@ac-aix-marseille.fr,,Marseille Saint Barnabé,43.317762896745634,5.427659798246459,Marseille Collines
0132175U,École élémentaire Saint Loup Centre,École,Public,103 boulevard de Saint Loup,13010,Marseille 10e  Arrondissement,04 91 44 73 07,ce.0132175U@ac-aix-marseille.fr,,Marseille Huveaune,43.28329952163036,5.432980713630899,Marseille Huveaune
0132176V,École élémentaire Saint André Barnier,École,Public,274 boulevard Barnier,13015,Marseille 15e  Arrondissement,04 91 46 05 83,ce.0132176V@ac-aix-marseille.fr,REP+,Marseille Estaque,43.36482722932509,5.341596321533834,Marseille Madrague
0132177W,École maternelle Plan d'Aou,École,Public,1 boulevard Commandant Thollon,13015,Marseille 15e  Arrondissement,04 91 51 25 99,ce.0132177W@ac-aix-marseille.fr,REP+,Marseille Estaque,43.369052457815066,5.354840186251629,Marseille Madrague
0132179Y,École élémentaire Canet Jean Jaurès,École,Public,20 rue du Muret,13014,Marseille 14e  Arrondissement,04 91 98 00 69,ce.0132179Y@ac-aix-marseille.fr,REP+,Marseille  le Canet,43.331759877921854,5.380699949822518,Marseille Vieux Port
0132180Z,École élémentaire des Moulins,École,Public,765 chemin de la Côte,13570,Barbentane,04 90 90 07 09,ce.0132180Z@ac-aix-marseille.fr,,Saint Rémy de Provence,43.89464680416764,4.748243986975494,Avignon
0132181A,École élémentaire Jean Maurel,École,Public,boulevard des Camus,13540,Aix-en-Provence,04 42 92 11 69,ce.0132181A@ac-aix-marseille.fr,,Aix - Touloubre,43.58403528296217,5.421709507468382,Sainte Victoire
0132183C,École élémentaire Rose Frais Vallon Sud,École,Public,avenue de Frais Vallon,13013,Marseille 13e  Arrondissement,04 91 66 14 96,ce.0132183C@ac-aix-marseille.fr,REP+,Marseille la Rose,43.325013596910665,5.428810918779062,Marseille Étoile
0132184D,École élémentaire Montolivet,École,Public,117 boulevard de l'Aiguillette,13012,Marseille 12e  Arrondissement,04 91 93 06 27,ce.0132184D@ac-aix-marseille.fr,,Marseille Saint Barnabé,43.31801940804599,5.428060111982213,Marseille Collines
0132185E,École élémentaire Bois Lemaitre,École,Public,avenue Jean Compadieu,13012,Marseille 12e  Arrondissement,04 91 93 06 26,ce.0132185E@ac-aix-marseille.fr,,Marseille Saint Barnabé,43.32090851095654,5.433260501824437,Marseille Collines
0132189J,École maternelle Saint-Joseph les Micocouliers,École,Public,8 boulevard Roland Dorgelès,13014,Marseille 14e  Arrondissement,04 91 60 75 69,ce.0132189J@ac-aix-marseille.fr,REP+,Marseille Aygalades,43.346750266482594,5.380047978938231,Marseille Vieux Port
0132191L,École maternelle Saint-André Barnier,École,Public,274 boulevard Barnier,13015,Marseille 15e  Arrondissement,04 91 46 06 29,ce.0132191L@ac-aix-marseille.fr,REP+,Marseille Estaque,43.36516725272247,5.342103583357518,Marseille Madrague
0132192M,École élémentaire Saint Joseph les Micocouliers,École,Public,8 boulevard Roland Dorgelès,13014,Marseille 14e  Arrondissement,04 91 60 15 64,ce.0132192M@ac-aix-marseille.fr,REP+,Marseille Aygalades,43.3465704285048,5.380040549261383,Marseille Vieux Port
0132193N,Lycée professionnel Edmond Rostand,Lycée,Privé,13 rue Raymond Teisseire,13008,Marseille,04 91 37 43 75,,,,43.27472102324108,5.397146079538821,Marseille Calanques
0132198U,École maternelle Saint-Jérôme Place,École,Public,boulevard Auphan,13013,Marseille 13e  Arrondissement,04 91 66 40 17,ce.0132198U@ac-aix-marseille.fr,,Marseille le Merlan,43.32989141496598,5.419869797274861,Marseille Étoile
0132199V,École maternelle Air Bel,École,Public,chemin de la Maternelle,13011,Marseille 11e  Arrondissement,04 91 35 30 02,ce.0132199V@ac-aix-marseille.fr,REP,Marseille Saint Barnabé,43.2906544324732,5.431090616363405,Marseille Collines
0132200W,École maternelle Rose Frais Vallon Centre,École,Public,4 impasse Ravel,13013,Marseille 13e  Arrondissement,04 91 66 24 52,ce.0132200W@ac-aix-marseille.fr,REP+,Marseille la Rose,43.326139366837175,5.430819749093761,Marseille Étoile
0132204A,Collège Pont de Vivaux,Collège,Public,31 rue François Mauriac,13010,Marseille,04 91 29 90 60,ce.0132204A@ac-aix-marseille.fr,REP,Marseille - ASH,43.27705886764262,5.416830370752995,Marseille Huveaune
0132205B,Collège Gaston Defferre,Collège,Public,12 rue Paul Codaccioni,13263,Marseille,04 91 52 33 14,ce.0132205B@ac-aix-marseille.fr,,Marseille - ASH,43.28812171917147,5.361579528333026,Marseille Vieux Port
0132207D,Collège Jules Massenet,Collège,Public,35 boulevard Massenet,13014,Marseille,04 91 09 53 90,ce.0132207D@ac-aix-marseille.fr,REP+,Marseille - ASH,43.34236830973755,5.380939776327611,Marseille Vieux Port
0132208E,Collège Marcel Pagnol,Collège,Public,1 boulevard des Rayettes,13500,Martigues,04 42 80 18 99,ce.0132208E@ac-aix-marseille.fr,REP,Arles - ASH Ouest,43.41239943428008,5.04205763920382,Cote Bleue
0132210G,Lycée polyvalent Jean Lurçat,Lycée,Public,boulevard des Rayettes,13693,Martigues,04 42 41 31 80,ce.0132210G@ac-aix-marseille.fr,,,43.417226216362494,5.033620213713909,Cote Bleue
0132212J,Collège Frédéric Mistral,Collège,Public,avenue Frédéric Mistral,13528,Port-de-Bouc,04 42 06 25 08,ce.0132212J@ac-aix-marseille.fr,REP+,,43.409564143574286,4.977595357233713,Cote Bleue
0132214L,Collège Henri Fabre,Collège,Public,65 boulevard Paul Guigou,13127,Vitrolles,04 42 15 90 40,ce.0132214L@ac-aix-marseille.fr,REP+,Arles - ASH Ouest,43.44084480591727,5.250809992084071,La Nerthe
0132217P,Collège Mont-Sauvy,Collège,Public,1 avenue du Lieutenant-Colonel Reynaud,13660,Orgon,04 90 73 39 70,ce.0132217P@ac-aix-marseille.fr,REP,Arles - ASH Ouest,43.7960920994055,5.031266668352428,Luberon
0132246W,École maternelle la Mareschale,École,Public,avenue de Tubingen,13090,Aix-en-Provence,04 42 59 06 71,ce.0132246W@ac-aix-marseille.fr,,Aix - Ste Victoire,43.52642740584263,5.432429733724263,Sainte Victoire
0132248Y,École maternelle Louis Pecout,École,Public,Fardeloup,13600,La Ciotat,04 42 08 26 20,ce.0132248Y@ac-aix-marseille.fr,,La Ciotat,43.1866686501676,5.588754679936371,Le Garlaban
0132249Z,École maternelle Jacques Prévert,École,Public,boulevard Victor Jauffret,13450,Grans,04 90 56 41 92,ce.0132249Z@ac-aix-marseille.fr,,Salon de Provence,43.60786968820046,5.065420439273162,Salon
0132250A,École maternelle Paul Di Lorto,École,Public,allée Denise Soleibeau,13500,Martigues,04 42 80 12 14,ce.0132250A@ac-aix-marseille.fr,REP,Martigues,43.41337246272877,5.04985962315308,Cote Bleue
0132253D,École maternelle les Amandiers,École,Public,les Amandiers,13170,Les Pennes-Mirabeau,04 91 51 84 43,ce.0132253D@ac-aix-marseille.fr,,Marignane,43.386080756981066,5.33582038441035,La Nerthe
0132254E,École maternelle France Bloch,École,Public,rue Paul Eluard quartier Vauban,13230,Port-Saint-Louis-du-Rhône,04 42 86 01 58,ce.0132254E@ac-aix-marseille.fr,REP,Saint Martin de Crau,43.3980753677883,4.797419528587899,Camargue
0132255F,École maternelle Jean Rostand,École,Public,quartier des Aires Est,13920,Saint-Mitre-les-Remparts,04 42 44 02 05,ce.0132255F@ac-aix-marseille.fr,,Istres,43.45710735380096,5.019980514160827,La Crau
0132256G,École maternelle les Cadenaux,École,Public,71 impasse de la Maternelle,13170,Les Pennes-Mirabeau,04 91 51 79 55,ce.0132256G@ac-aix-marseille.fr,,Marignane,43.395339176548745,5.342240136858676,La Nerthe
0132257H,École élémentaire Paul Di Lorto,École,Public,chemin de la Vierge,13500,Martigues,04 42 80 54 47,ce.0132257H@ac-aix-marseille.fr,REP,Martigues,43.41308991634836,5.049619943652723,Cote Bleue
0132259K,École élémentaire Isabelle Blain,École,Public,quartier la Gavotte,13170,Les Pennes-Mirabeau,04 91 51 93 91,ce.0132259K@ac-aix-marseille.fr,,Marignane,43.38623906466821,5.335699700948583,La Nerthe
0132260L,École primaire Marcel Gresset,École,Public,avenue des Anciens Combattants,13140,Miramas,04 90 58 06 26,ce.0132260L@ac-aix-marseille.fr,,Miramas,43.59037266938569,5.003560411105897,La Crau
0132261M,École élémentaire Louis Pecout,École,Public,Cité Fardeloup,13600,La Ciotat,04 42 08 57 53,ce.0132261M@ac-aix-marseille.fr,,La Ciotat,43.18598081265096,5.588240505780892,Le Garlaban
0132262N,École élémentaire François Bessou,École,Public,rue Jacques Duclos quartier Beau Logis,13740,le Rove,04 91 46 94 70,ce.0132262N@ac-aix-marseille.fr,,Marignane,43.37061960511253,5.25282732968584,La Nerthe
0132263P,École élémentaire Simone Veil,École,Public,avenue du 8 Mai 1945,13850,Gréasque,04 42 53 81 41,ce.0132263P@ac-aix-marseille.fr,,Trets,43.43208825846024,5.546739796320188,Sainte Victoire
0132264R,École élémentaire Georges Brassens,École,Public,8 boulevard Victor Jauffret,13450,Grans,04 90 56 48 37,ce.0132264R@ac-aix-marseille.fr,,Salon de Provence,43.60784601888397,5.065860560688301,Salon
0132265S,École élémentaire Ouvière,École,Public,3 impasse Saint François,13710,Fuveau,04 42 65 65 61,ce.0132265S@ac-aix-marseille.fr,,Aix - Ste Victoire,43.45277605225582,5.553696713592681,Sainte Victoire
0132266T,École élémentaire Simone Veil,École,Public,chemin des Écoliers,13780,Cuges-les-Pins,04 42 72 74 91,ce.0132266T@ac-aix-marseille.fr,,La Ciotat,43.27529587725807,5.700752581673149,Le Garlaban
0132267U,École élémentaire Rose la Garde,École,Public,rue Augustin Merlhou,13013,Marseille 13e  Arrondissement,04 91 66 13 05,ce.0132267U@ac-aix-marseille.fr,REP+,Marseille la Rose,43.33555270474165,5.427530202624877,Marseille Étoile
0132270X,École maternelle Chanteperdrix,École,Public,30 traverse Chanteperdrix,13010,Marseille 10e  Arrondissement,04 91 44 72 49,ce.0132270X@ac-aix-marseille.fr,REP,Marseille Huveaune,43.276398749526855,5.431249714647884,Marseille Huveaune
0132271Y,École maternelle Saint-Loup Centre,École,Public,103 boulevard de Saint Loup,13010,Marseille 10e  Arrondissement,04 91 44 73 10,ce.0132271Y@ac-aix-marseille.fr,,Marseille Huveaune,43.28329120722988,5.433349928447053,Marseille Huveaune
0132272Z,École maternelle Cité Saint-Louis,École,Public,111 avenue du Rove,13016,Marseille 16e  Arrondissement,04 91 60 95 94,ce.0132272Z@ac-aix-marseille.fr,REP+,Marseille Madrague,43.35194660017445,5.35328253300575,Marseille Madrague
0132274B,École élémentaire Malpassé les Lauriers,École,Public,9 rue de Marathon,13013,Marseille 13e  Arrondissement,04 91 70 02 47,ce.0132274B@ac-aix-marseille.fr,REP+,Marseille Belle de Mai,43.32691541667964,5.413008760782302,Marseille Étoile
0132275C,École élémentaire Bricarde,École,Public,125 boulevard Barnier,13015,Marseille 15e  Arrondissement,04 91 51 29 29,ce.0132275C@ac-aix-marseille.fr,REP+,Marseille Estaque,43.3703636549193,5.347348441504294,Marseille Madrague
0132276D,Lycée professionnel Pierre Latécoère,Lycée,Public,avenue des Bolles,13800,Istres,04 42 41 19 50,ce.0132276D@ac-aix-marseille.fr,,,43.50369583185041,4.9944503076734605,La Crau
0132277E,Collège privé la Source,Collège,Privé Hors Contrat,104 boulevard Paul Claudel,13009,Marseille  9e  Arrondissement,04 91 75 20 98,insfrh@yahoo.fr,,,43.26773466102191,5.411619450039629,Marseille Huveaune
0132280H,Lycée polyvalent Henri Leroy,Lycée,Privé,29 avenue Louis Aragon,13230,Port-Saint-Louis-du-Rhône,04 42 86 01 57,accueil@lyceeleroy.fr,,,43.391342310751575,4.804575903380054,Camargue
0132283L,Collège Saint-Charles,Collège,Privé,8 boulevard Boyer,13003,Marseille,04 91 84 08 10,ce.0132283L@ac-aix-marseille.fr,,,43.31291076369306,5.386197320792394,Marseille Vieux Port
0132285N,École élémentaire Jacques Prévert,École,Public,avenue de Tubingen,13090,Aix-en-Provence,04 42 59 01 75,ce.0132285N@ac-aix-marseille.fr,,Aix - Ste Victoire,43.52591075272491,5.432910111375749,Sainte Victoire
0132286P,École élémentaire Granados Roy d'Espagne,École,Public,allée Granados,13009,Marseille  9e  Arrondissement,04 91 73 36 51,ce.0132286P@ac-aix-marseille.fr,,Marseille Corniche,43.23665644387842,5.3920066619386615,Marseille Calanques
0132287R,École maternelle Malpassé les Oliviers,École,Public,avenue Saint Paul,13013,Marseille 13e  Arrondissement,04 13 94 86 81,ce.0132287R@ac-aix-marseille.fr,REP+,Marseille Belle de Mai,43.32666538405065,5.408480074127892,Marseille Étoile
0132289T,École maternelle les Camoins,École,Public,12 montée des Camoins,13011,Marseille 11e  Arrondissement,04 91 43 07 28,ce.0132289T@ac-aix-marseille.fr,,Allauch Plan-de-Cuques Château Gombert,43.30124693489165,5.5112502598498345,Marseille Huveaune
0132290U,École maternelle Canet Jean Jaurès,École,Public,rue du Muret,13014,Marseille 14e  Arrondissement,04 91 98 00 27,ce.0132290U@ac-aix-marseille.fr,REP+,Marseille  le Canet,43.33193971381945,5.380707379647643,Marseille Vieux Port
0132291V,École élémentaire Victor Hugo,École,Public,rue Charles Renaud,13110,Port-de-Bouc,04 42 06 62 97,ce.0132291V@ac-aix-marseille.fr,REP+,Martigues,43.40667061325373,4.9791375949093375,Cote Bleue
0132295Z,École maternelle Valriant,École,Public,le Charrel,13400,Aubagne,04 42 03 25 99,ce.0132295Z@ac-aix-marseille.fr,,Aubagne,43.2847334611236,5.543110380191316,Le Garlaban
0132297B,École maternelle Victor Hugo,École,Public,Aigues Douces,13110,Port-de-Bouc,04 42 06 64 62,ce.0132297B@ac-aix-marseille.fr,REP+,Martigues,43.404044278843,4.978369677280341,Cote Bleue
0132300E,SGT Lycée technologique privé Jeanne d'Arc,Lycée,Privé,5 chemin Saint Roch,13632,Arles,04 90 52 08 40,ce.0132300e@ac-aix-marseille.fr,,,43.67432833073511,4.642860830051376,Camargue
0132301F,École maternelle Amédée Autran,École,Public,10 boulevard Amedee Autran,13007,Marseille  7e  Arrondissement,04 91 52 07 56,ce.0132301F@ac-aix-marseille.fr,,Marseille Corniche,43.28191378331616,5.366721940288072,Marseille Calanques
0132302G,École maternelle Jules Ferry,École,Public,15 avenue Jules Ferry,13100,Aix-en-Provence,04 42 27 37 09,ce.0132302G@ac-aix-marseille.fr,,Aix - Ste Victoire,43.521707968097886,5.449749528440991,Sainte Victoire
0132303H,École maternelle publique le Pont Flavien,École,Public,le Gueby,13250,Saint-Chamas,04 90 44 52 53,ce.0132303H@ac-aix-marseille.fr,,Miramas,43.54417923383524,5.040809857832134,La Crau
0132307M,École maternelle François Césari,École,Public,traverse de l'Ecole,13240,Septèmes-les-Vallons,04 91 65 24 40,ce.0132307M@ac-aix-marseille.fr,,Gardanne,43.408741044616725,5.367960172898724,Marseille Étoile
0132308N,École maternelle Centre les Pins,École,Public,chemin les Terres Blanches,13320,Bouc-Bel-Air,04 42 22 27 04,ce.0132308N@ac-aix-marseille.fr,,Gardanne,43.45309614034697,5.4176796094196265,Sainte Victoire
0132309P,École privée Susini Esthétique (École Secondaire professionnelle),Lycée,Privé Hors Contrat,384 avenue du Club Hippique,13090,Aix-en-Provence,04 42 20 42 20,a.dahak@peyrefitte.com,,,43.51440844891174,5.4319604192860655,Sainte Victoire
0132310R,Collège Gyptis,Collège,Public,traverse Régny,13009,Marseille,04 91 17 05 00,ce.0132310R@ac-aix-marseille.fr,,Marseille - ASH,43.263731391555446,5.422529079769299,Marseille Huveaune
0132311S,Collège Louis Pasteur,Collège,Public,48 boulevard Paul Claudel,13009,Marseille,04 91 75 02 64,ce.0132311S@ac-aix-marseille.fr,,Marseille - ASH,43.268449469084274,5.409390657671472,Marseille Huveaune
0132312T,Collège André Malraux,Collège,Public,250 rue Albert Einstein,13013,Marseille,04 96 13 90 83,ce.0132312T@ac-aix-marseille.fr,,Marseille - ASH,43.34211901459716,5.446154832019906,Marseille Étoile
0132313U,Collège Stéphane Mallarmé,Collège,Public,avenue de la Croix Rouge,13381,Marseille,04 91 12 22 44,ce.0132313U@ac-aix-marseille.fr,REP+,Marseille - ASH,43.330958835404665,5.43018344762998,Marseille Étoile
0132314V,Collège Jean Giono,Collège,Public,boulevard Thermidor,13013,Marseille,04 91 12 22 80,ce.0132314V@ac-aix-marseille.fr,REP,Marseille - ASH,43.3307269894162,5.43448881533234,Marseille Étoile
0132315W,Collège Françoise Duparc ( Anciennement les Chartreux),Collège,Public,56 avenue des Chartreux,13248,Marseille,04 91 49 36 38,ce.0132315W@ac-aix-marseille.fr,,Marseille - ASH,43.30453463603508,5.398760404761601,Marseille Vieux Port
0132318Z,Collège Elie Coutarel,Collège,Public,35 rue des Canadels,13800,Istres,04 42 56 10 18,ce.0132318Z@ac-aix-marseille.fr,,Marseille - ASH,43.505099814219165,4.982029493258294,La Crau
0132319A,SEP Maurice Genevoix,Lycée,Public,avenue du Général de Gaulle,13700,Marignane,04 42 88 76 90,ce.0132319A@ac-aix-marseille.fr,,,43.4135064443406,5.205819421234101,La Nerthe
0132322D,Collège Paul Éluard,Collège,Public,rue François Billoux,13528,Port-de-Bouc,04 42 06 63 31,ce.0132322D@ac-aix-marseille.fr,REP,Arles - ASH Ouest,43.41282157756637,4.992829441665292,Cote Bleue
0132323E,Collège Maximilien Robespierre,Collège,Public,rue Gustave Vidal,13230,Port-Saint-Louis-du-Rhône,04 42 11 71 20,ce.0132323E@ac-aix-marseille.fr,REP,Marseille - ASH,43.39166421147279,4.80437498911897,Camargue
0132324F,Collège les Gorguettes,Collège,Public,avenue des Gorguettes,13260,Cassis,04 42 98 80 20,ce.0132324F@ac-aix-marseille.fr,,Aix - ASH Est,43.23032225043135,5.5326094138131,Le Garlaban
0132325G,Collège André Campra,Collège,Public,2 rue Loubet,13100,Aix-en-Provence,04 42 21 72 21,ce.0132325G@ac-aix-marseille.fr,,Marseille - ASH,43.532209906660974,5.4483193779569135,Sainte Victoire
0132326H,Collège Albert Camus,Collège,Public,boulevard Guy de Maupassant,13140,Miramas,04 90 58 11 32,ce.0132326H@ac-aix-marseille.fr,,Marseille - ASH,43.57503479618511,5.000400538846497,La Crau
0132327J,Collège Miramaris,Collège,Public,avenue du Levant,13140,Miramas,04 90 58 09 30,ce.0132327J@ac-aix-marseille.fr,REP+,Arles - ASH Ouest,43.59320165356297,5.010470120513064,La Crau
0132328K,École maternelle Bricarde,École,Public,125 boulevard Henri Barnier,13015,Marseille 15e  Arrondissement,04 91 96 12 82,ce.0132328K@ac-aix-marseille.fr,REP+,Marseille Estaque,43.37080647131526,5.347679855383418,Marseille Madrague
0132331N,École élémentaire Jean-Jacques Rousseau,École,Public,boulevard Paul Guigou,13127,Vitrolles,04 42 89 25 10,ce.0132331N@ac-aix-marseille.fr,REP+,Vitrolles,43.44171546955619,5.250620491632248,La Nerthe
0132332P,École élémentaire Joseph d'Arbaud,École,Public,Jonquieres,13270,Fos-sur-Mer,04 42 47 71 55,ce.0132332P@ac-aix-marseille.fr,,Istres,43.445721462495854,4.943190597245028,La Crau
0132333R,École maternelle Laure Moulin 1,École,Public,allée Marcel Proust,13500,Martigues,04 42 80 35 15,ce.0132333R@ac-aix-marseille.fr,,Martigues,43.41758774015112,5.054660477810828,Cote Bleue
0132334S,École maternelle Jean-Jacques Rousseau,École,Public,la Petite Garrigue,13127,Vitrolles,04 42 89 10 15,ce.0132334S@ac-aix-marseille.fr,REP+,Vitrolles,43.44164969267619,5.250624093931903,La Nerthe
0132335T,École maternelle les Balustres,École,Public,chemin Notre Dame de Consolation,13013,Marseille 13e  Arrondissement,04 91 66 48 29,ce.0132335T@ac-aix-marseille.fr,,Marseille la Rose,43.33947077953398,5.421454654924324,Marseille Étoile
0132336U,École primaire privée du Collel,École,Privé Hors Contrat,43 chemin du Vallon de Toulouse,13010,Marseille 10e  Arrondissement,04 91 75 28 64,ecolecollel@gmail.com,,Privé Hors Contrat,43.267068644493264,5.424727124146535,Marseille Huveaune
0132338W,École maternelle Marie Mauron,École,Public,route de la Chapelle,13850,Gréasque,04 42 69 86 18,ce.0132338W@ac-aix-marseille.fr,,Trets,43.432238942984085,5.54063011093314,Sainte Victoire
0132344C,École maternelle Saint-Louis Consolat,École,Public,rue des Musardises,13015,Marseille 15e  Arrondissement,04 91 60 15 21,ce.0132344C@ac-aix-marseille.fr,REP+,Marseille Madrague,43.34787783784832,5.354310092720854,Marseille Madrague
0132350J,École maternelle la Fourragère,École,Public,traverse de la Fourragère,13012,Marseille 12e  Arrondissement,04 91 93 58 58,ce.0132350J@ac-aix-marseille.fr,,Marseille Saint Barnabé,43.30042005674424,5.4282554318368,Marseille Collines
0132351K,École maternelle les Prairies,École,Public,40 chemin Saint-Mitre À Four de Buze,13013,Marseille 13e  Arrondissement,04 91 66 19 86,ce.0132351K@ac-aix-marseille.fr,,Marseille la Rose,43.344159711115935,5.417841208083439,Marseille Étoile
0132352L,École primaire Saint Tronc Castel Roc,École,Public,rue André Audoli,13010,Marseille 10e  Arrondissement,04 91 75 65 50,ce.0132352L@ac-aix-marseille.fr,,Marseille Capelette,43.27163742819383,5.432189519414437,Marseille Huveaune
0132354N,École maternelle Édouard Peisson,École,Public,route de Gardanne,13080,Aix-en-Provence,04 42 24 08 53,ce.0132354N@ac-aix-marseille.fr,,Aix - Vallée de l'Arc,43.48199433777837,5.420039783581187,Sainte Victoire
0132355P,École élémentaire Pablo Picasso,École,Public,36 avenue Henri Barbusse,13130,Berre-l'Etang,04 42 85 45 63,ce.0132355P@ac-aix-marseille.fr,REP,Miramas,43.48739229594903,5.165429461100893,La Nerthe
0132356R,École maternelle Fondacle,École,Public,5 boulevard des Platrières,13013,Marseille 13e  Arrondissement,04 91 66 52 20,ce.0132356R@ac-aix-marseille.fr,,Marseille la Rose,43.319966111494814,5.450359801709896,Marseille Étoile
0132358T,École élémentaire Laure Moulin 1,École,Public,allée Marcel Proust,13500,Martigues,04 42 80 40 34,ce.0132358T@ac-aix-marseille.fr,,Martigues,43.41766949206108,5.055379460840102,Cote Bleue
0132359U,École élémentaire Laure Moulin 2,École,Public,allée Marcel Proust,13500,Martigues,04 42 80 40 58,ce.0132359U@ac-aix-marseille.fr,,Martigues,43.41772764363163,5.055160545393945,Cote Bleue
0132361W,École maternelle Castel Hélène,École,Public,chemin de la Ferme,13170,Les Pennes-Mirabeau,04 42 02 82 00,ce.0132361W@ac-aix-marseille.fr,,Vitrolles,43.40984102001369,5.310419889812217,La Nerthe
0132376M,École maternelle les Granettes,École,Public,les Granettes,13090,Aix-en-Provence,04 42 20 23 40,ce.0132376M@ac-aix-marseille.fr,,Aix - Touloubre,43.536460870312965,5.393920431378274,Sainte Victoire
0132377N,École maternelle Croix Rouge Campagne,École,Public,16 avenue Fournacle,13013,Marseille 13e  Arrondissement,04 91 68 69 93,ce.0132377N@ac-aix-marseille.fr,REP,Marseille la Rose,43.33212210753802,5.456809630574564,Marseille Étoile
0132379R,École maternelle Édouard Labeille,École,Public,la Cavaillarde,13109,Simiane-Collongue,04 42 22 74 21,ce.0132379R@ac-aix-marseille.fr,,Gardanne,43.4313846939742,5.4352200876342245,Sainte Victoire
0132381T,École maternelle la Muscatelle,École,Public,chemin de Sainte-Catherine,13600,Ceyreste,04 42 83 07 16,ce.0132381T@ac-aix-marseille.fr,,La Ciotat,43.21276850291919,5.632634591312244,Le Garlaban
0132382U,École maternelle Pablo Picasso,École,Public,avenue Henri Barbusse,13130,Berre-l'Etang,04 42 85 31 15,ce.0132382U@ac-aix-marseille.fr,REP,Miramas,43.48724088376125,5.165439826553397,La Nerthe
0132383V,École maternelle F. Dijon,École,Public,traverse Serge Rochette,13630,Eyragues,04 90 94 45 00,ce.0132383V@ac-aix-marseille.fr,,Saint Rémy de Provence,43.83946804706552,4.842849574564194,Camargue
0132385X,École maternelle Alphonse Daudet,École,Public,chemin de la Cabro d'Or,13280,Arles,04 90 98 43 04,ce.0132385X@ac-aix-marseille.fr,,Arles-Camargue,43.64738568609256,4.720960543415376,Camargue
0132386Y,École maternelle les Floralies,École,Public,65 avenue Club Hippique,13090,Aix-en-Provence,04 42 59 17 40,ce.0132386Y@ac-aix-marseille.fr,,Aix - Ste Victoire,43.51514031943017,5.436169502301618,Sainte Victoire
0132387Z,École maternelle Jonquières,École,Public,Jonquiere,13270,Fos-sur-Mer,04 42 47 71 56,ce.0132387Z@ac-aix-marseille.fr,,Istres,43.44587683235663,4.943760311598481,La Crau
0132388A,École élémentaire Nelson Mandela,École,Public,ZAC du Charrel,13400,Aubagne,04 42 84 06 08,ce.0132388A@ac-aix-marseille.fr,REP,Aubagne,43.280862464707006,5.550174564684483,Le Garlaban
0132389B,École maternelle Pomme Sainte-Madeleine,École,Public,8 avenue Bernard Lecache,13011,Marseille 11e  Arrondissement,04 91 44 79 71,ce.0132389B@ac-aix-marseille.fr,,Marseille Saint Barnabé,43.29558419133584,5.448289838455434,Marseille Collines
0132390C,École maternelle Jean Giono,École,Public,18 rue Séverine,13150,Tarascon,04 90 91 06 35,ce.0132390C@ac-aix-marseille.fr,REP,Saint Rémy de Provence,43.81415521930085,4.663080482113951,Camargue
0132394G,École maternelle Isidore Gautier,École,Public,1 boulevard Isidore Gautier,13720,La Bouilladisse,04 42 72 53 50,ce.0132394G@ac-aix-marseille.fr,,Aubagne,43.39301321657644,5.596760339340794,Le Garlaban
0132397K,École élémentaire les Floralies,École,Public,75 avenue Club Hippique,13090,Aix-en-Provence,04 42 59 15 35,ce.0132397K@ac-aix-marseille.fr,,Aix - Ste Victoire,43.51493439499664,5.436200349041266,Sainte Victoire
0132398L,École maternelle Louise Michel,École,Public,boulevard Henri Barbusse,13110,Port-de-Bouc,04 42 06 62 92,ce.0132398L@ac-aix-marseille.fr,REP,Martigues,43.40755338382011,4.991020162967177,Cote Bleue
0132399M,École primaire Castors Isabella,École,Public,Castors Isabella,13240,Septèmes-les-Vallons,04 91 96 25 35,ce.0132399M@ac-aix-marseille.fr,,Gardanne,43.40242726551403,5.353346812464936,Marseille Étoile
0132401P,Collège Château Forbin,Collège,Public,286 boulevard de Saint-Marcel,13396,Marseille,04 91 44 74 18,ce.0132401P@ac-aix-marseille.fr,,Aix - ASH Est,43.28559979534164,5.467710141232415,Marseille Huveaune
0132402R,Collège le Ruissatel,Collège,Public,73 rue de l'Audience,13396,Marseille,04 91 87 83 40,ce.0132402R@ac-aix-marseille.fr,,Marseille - ASH,43.296164030728136,5.488354061226278,Marseille Huveaune
0132403S,Collège François Villon,Collège,Public,18 rue Courencq,13396,Marseille,04 91 44 53 08,ce.0132403s@ac-aix-marseille.fr,REP,Aix - ASH Est,43.28540727567788,5.46249939516656,Marseille Huveaune
0132404T,Collège Clair Soleil,Collège,Public,53 boulevard Charles Moretti,13014,Marseille,04 91 67 39 03,ce.0132404T@ac-aix-marseille.fr,REP+,Marseille - ASH,43.323549135712575,5.385889532583953,Marseille Vieux Port
0132407W,Collège Jean Moulin,Collège,Public,26 rue Fortuné Chaillan,13015,Marseille,04 91 09 02 02,ce.0132407w@ac-aix-marseille.fr,REP+,Marseille - ASH,43.36446534977177,5.358010448741444,Marseille Madrague
0132408X,Collège Jules Ferry,Collège,Public,Campagne l'Evêque St Louis,13326,Marseille,04 91 60 17 88,ce.0132408x@ac-aix-marseille.fr,REP+,Marseille - ASH,43.3425610267601,5.356524533524035,Marseille Madrague
0132409Y,Collège Alphonse Daudet,Collège,Public,1 avenue de Radolfzell,13800,Istres,04 42 56 14 27,ce.0132409y@ac-aix-marseille.fr,REP,Arles - ASH Ouest,43.496704481468136,4.984210014527683,La Crau
0132410Z,Lycée polyvalent Maurice Genevoix,Lycée,Public,avenue du Général de Gaulle,13700,Marignane,04 42 88 76 90,ce.0132410Z@ac-aix-marseille.fr,,,43.41302338253847,5.205940410677632,La Nerthe
0132411A,Collège Henri Bosco,Collège,Public,rue Henri Bosco,13742,Vitrolles,04 42 77 57 20,ce.0132411a@ac-aix-marseille.fr,,Arles - ASH Ouest,43.448997423051885,5.249199432087242,La Nerthe
0132412B,Collège Lou Garlaban,Collège,Public,avenue de l'Amitié,13400,Aubagne,04 42 36 95 00,ce.0132412B@ac-aix-marseille.fr,REP,Marseille - ASH,43.28048330734522,5.548163380761833,Le Garlaban
0132421L,École maternelle Savine,École,Public,boulevard de la Savine,13015,Marseille 15e  Arrondissement,04 91 65 25 56,ce.0132421L@ac-aix-marseille.fr,REP+,Marseille Aygalades,43.367831365425886,5.371437263184391,Marseille Madrague
0132428U,École élémentaire Air Bel,École,Public,allée des Platanes,13011,Marseille 11e  Arrondissement,04 91 35 20 06,ce.0132428U@ac-aix-marseille.fr,REP,Marseille Saint Barnabé,43.29028633016667,5.430010620155493,Marseille Collines
0132429V,École élémentaire Saint Barthélémy Flamants,École,Public,64 avenue Alexandre Ansaldi,13014,Marseille 14e  Arrondissement,04 91 98 11 84,ce.0132429V@ac-aix-marseille.fr,REP+,Marseille le Merlan,43.33119175458737,5.40402000874742,Marseille Étoile
0132430W,École maternelle Rose Sauvagine,École,Public,avenue Merleau Ponty,13013,Marseille 13e  Arrondissement,04 91 66 43 49,ce.0132430W@ac-aix-marseille.fr,,Marseille la Rose,43.3360264668184,5.425107571371682,Marseille Étoile
0132431X,École maternelle la Timone,École,Public,96 avenue de la Timone,13010,Marseille 10e  Arrondissement,04 91 78 02 52,ce.0132431X@ac-aix-marseille.fr,,Marseille Capelette,43.285976941376646,5.40479980429199,Marseille Huveaune
0132432Y,École maternelle Vallon-Des-Tuves,École,Public,traverse Courtes,13015,Marseille 15e  Arrondissement,04 91 65 62 10,ce.0132432Y@ac-aix-marseille.fr,REP+,Marseille Aygalades,43.37162506356261,5.368349976705431,Marseille Madrague
0132434A,École maternelle Saint-Barthélémy Flamants,École,Public,64 avenue Alexandre Ansaldi,13014,Marseille 14e  Arrondissement,04 91 98 23 42,ce.0132434A@ac-aix-marseille.fr,REP+,Marseille le Merlan,43.33137158879707,5.4040275112548,Marseille Étoile
0132436C,École primaire Louis Pergaud,École,Public,Vert Pre 2 Raphele Les,13280,Arles,04 90 98 46 61,ce.0132436C@ac-aix-marseille.fr,,Arles-Camargue,43.66183888794047,4.724260765127447,Camargue
0132437D,École primaire René Calamand,École,Public,rue de la Comete quartier Baumes,13800,Istres,04 13 29 51 91,ce.0132437D@ac-aix-marseille.fr,,Istres,43.50968959034402,4.983220327972327,La Crau
0132438E,École élémentaire Lucien Toulmond,École,Public,rue Fernand Léger,13500,Martigues,04 42 80 51 33,ce.0132438E@ac-aix-marseille.fr,,Martigues,43.40794025341179,5.042294430909311,Cote Bleue
0132439F,École élémentaire la Voilerie,École,Public,allée l'Ensouleiado,13170,Les Pennes-Mirabeau,04 42 02 86 63,ce.0132439F@ac-aix-marseille.fr,,Marignane,43.41869196005632,5.338970385553012,La Nerthe
0132441H,École primaire Marcel Pagnol,École,Public,les Amarantes,13110,Port-de-Bouc,04 42 06 34 14,ce.0132441H@ac-aix-marseille.fr,REP,Martigues,43.41657639342936,4.983449781343343,Cote Bleue
0132442J,École élémentaire Romain Rolland,École,Public,rue Louis Flisi Mallebarge,13230,Port-Saint-Louis-du-Rhône,04 42 86 35 96,ce.0132442J@ac-aix-marseille.fr,REP,Saint Martin de Crau,43.392497423146544,4.80183940669707,Camargue
0132443K,École élémentaire Bastide Haute,École,Public,boulevard des Nations Unies,13300,Salon-de-Provence,04 90 53 52 76,ce.0132443K@ac-aix-marseille.fr,REP,Salon de Provence,43.65207290744855,5.10225035371461,Salon
0132444L,École primaire Moulin de Laure,École,Public,Moulin de Laure,13680,Lançon-Provence,04 90 42 71 20,ce.0132444L@ac-aix-marseille.fr,,Salon de Provence,43.58924817293588,5.135049864670773,Salon
0132445M,École élémentaire Jean de la Fontaine,École,Public,quartier les Plantiers,13127,Vitrolles,04 42 89 16 19,ce.0132445M@ac-aix-marseille.fr,REP+,Vitrolles,43.445158333337616,5.25273040102857,La Nerthe
0132448R,École maternelle les Bartavelles,École,Public,quartier Barriol,13200,Arles,04 90 93 96 98,ce.0132448R@ac-aix-marseille.fr,REP+,Arles-Camargue,43.66799792750543,4.617870367687001,Camargue
0132449S,École maternelle Nelson Mandela,École,Public,ZAC du Charrel,13400,Aubagne,04 42 84 04 11,ce.0132449S@ac-aix-marseille.fr,REP,Aubagne,43.28017076417018,5.549737458872353,Le Garlaban
0132450T,École maternelle la Trébillane René Cassin,École,Public,ZAC Calas la Trébillane,13480,Cabriès,04 42 69 15 86,ce.0132450T@ac-aix-marseille.fr,,Gardanne,43.46115988473414,5.357180290187282,Sainte Victoire
0132452V,École maternelle Simone Thoulouze,École,Public,chemin des Diligences Jas Neuf,13620,Carry-le-Rouet,04 42 44 70 96,ce.0132452V@ac-aix-marseille.fr,,Châteauneuf,43.3363750404872,5.155000596427624,Cote Bleue
0132453W,École maternelle Marie Mauron,École,Public,avenue Saint Médard,13220,Châteauneuf-les-Martigues,04 42 07 33 36,ce.0132453W@ac-aix-marseille.fr,,Châteauneuf,43.39948670572915,5.113819526772627,Cote Bleue
0132456Z,École maternelle les Micocouliers,École,Public,Lamanon,13113,Lamanon,04 90 59 54 93,ce.0132456Z@ac-aix-marseille.fr,,Saint Martin de Crau,43.69909277660939,5.087859825906675,Salon
0132457A,École maternelle Lucien Toulmond 1,École,Public,rue Fernand Léger,13500,Martigues,04 42 80 51 37,ce.0132457A@ac-aix-marseille.fr,,Martigues,43.40707040467566,5.0425598125118105,Cote Bleue
0132459C,École maternelle Peyrolles,École,Public,2 rue des Ecoles,13860,Peyrolles-en-Provence,04 42 57 84 15,ce.0132459C@ac-aix-marseille.fr,,Peyrolles,43.64830408944499,5.581999975966646,Sainte Victoire
0132460D,École maternelle Plan d'Orgon,École,Public,route des Ecoles,13750,Plan-d'Orgon,04 90 73 13 75,ce.0132460D@ac-aix-marseille.fr,REP,Saint Martin de Crau,43.81311838422157,5.003379398480158,Luberon
0132461E,École maternelle Anne Frank,École,Public,rue Louis Flisi,13230,Port-Saint-Louis-du-Rhône,04 42 86 36 35,ce.0132461E@ac-aix-marseille.fr,REP,Saint Martin de Crau,43.39292677212312,4.801399978298607,Camargue
0132462F,École maternelle Jacques Duclos,École,Public,34 rue Jacques Duclos,13740,le Rove,04 91 46 98 58,ce.0132462F@ac-aix-marseille.fr,,Marignane,43.370529323238266,5.254569437753578,La Nerthe
0132463G,École maternelle l'Estello,École,Public,chemin Adrech,13119,Saint-Savournin,04 42 04 66 32,ce.0132463G@ac-aix-marseille.fr,,Trets,43.41052362032459,5.527980429040054,Sainte Victoire
0132464H,École maternelle Bastide Haute,École,Public,boulevard des Nations Unies,13300,Salon-de-Provence,04 90 53 52 91,ce.0132464H@ac-aix-marseille.fr,REP,Salon de Provence,43.65193708902475,5.102850325621188,Salon
0132465J,École maternelle Francois Blanc,École,Public,153 Ancienne route de Cornillon,13300,Salon-de-Provence,04 90 17 07 00,ce.0132465J@ac-aix-marseille.fr,,Salon de Provence,43.627240261469474,5.098829537293017,Salon
0132472S,Lycée Yavné,Lycée,Privé,44-46 boulevard Barry,13013,Marseille,04 91 66 14 77,ce.0132472s@ac-aix-marseille.fr,,,43.31792263408475,5.409819445493916,Marseille Vieux Port
0132473T,École maternelle Marguerite Varesio,École,Public,traverse de Virebelle,13600,La Ciotat,04 42 83 34 10,ce.0132473T@ac-aix-marseille.fr,,La Ciotat,43.185632289709964,5.603993233039166,Le Garlaban
0132474U,École élémentaire Paul Langevin,École,Public,quartier Barriol,13200,Arles,04 90 93 97 19,ce.0132474U@ac-aix-marseille.fr,REP+,Arles-Camargue,43.66828718611007,4.618390584104825,Camargue
0132476W,École maternelle Émile Vayssière 2,École,Public,rue de la Crau,13014,Marseille 14e  Arrondissement,04 91 98 19 45,ce.0132476W@ac-aix-marseille.fr,REP+,Marseille le Merlan,43.3354681019036,5.397068074362365,Marseille Étoile
0132478Y,École maternelle la Voilerie,École,Public,allée de l'Ensouleilado,13170,Les Pennes-Mirabeau,04 42 02 76 44,ce.0132478Y@ac-aix-marseille.fr,,Marignane,43.41877663563038,5.338550311481926,La Nerthe
0132479Z,École maternelle Jean Giono,École,Public,1 place des Baladins la Rousse,13140,Miramas,04 90 58 07 27,ce.0132479Z@ac-aix-marseille.fr,REP+,Miramas,43.59377028544315,5.008340245860452,La Crau
0132480A,École maternelle Michel Gerachios,École,Public,quartier les Carabins,13270,Fos-sur-Mer,04 42 47 70 02,ce.0132480A@ac-aix-marseille.fr,,Istres,43.460275224901736,4.93287950301899,La Crau
0132481B,École maternelle les Fontinelles,École,Public,rue Pierre Mayan,13700,Marignane,04 42 88 70 98,ce.0132481B@ac-aix-marseille.fr,,Marignane,43.41762717036089,5.201989442695695,La Nerthe
0132482C,École élémentaire les Fontinelles,École,Public,boulevard de la Signore,13700,Marignane,04 42 88 27 34,ce.0132482C@ac-aix-marseille.fr,,Marignane,43.418030485529606,5.201939438873105,La Nerthe
0132483D,École élémentaire Savine,École,Public,99 boulevard de la Savine,13015,Marseille 15e  Arrondissement,04 91 65 50 27,ce.0132483D@ac-aix-marseille.fr,REP+,Marseille Aygalades,43.367644372834775,5.371509751090482,Marseille Madrague
0132484E,École maternelle Roy d'Espagne Granados,École,Public,allée Granados,13009,Marseille  9e  Arrondissement,04 91 73 36 37,ce.0132484E@ac-aix-marseille.fr,,Marseille Corniche,43.23686564702546,5.395154065806613,Marseille Calanques
0132485F,École élémentaire Pomme Sainte-Madeleine,École,Public,avenue Bernard Lecache,13011,Marseille 11e  Arrondissement,04 91 44 79 60,ce.0132485F@ac-aix-marseille.fr,,Marseille Saint Barnabé,43.29503392028154,5.449259580510568,Marseille Collines
0132486G,École élémentaire Jean Giono,École,Public,place des Baladins,13140,Miramas,04 90 58 06 71,ce.0132486G@ac-aix-marseille.fr,REP+,Miramas,43.59397980310334,5.008740141929274,La Crau
0132491M,Collège Alexandre Dumas,Collège,Public,37 traverse de Gibraltar,13014,Marseille,04 91 62 58 71,ce.0132491m@ac-aix-marseille.fr,REP+,Marseille - ASH,43.31616344291976,5.392300067094302,Marseille Vieux Port
0132492N,École maternelle Jean de la Fontaine,École,Public,quartier les Plantiers,13127,Vitrolles,04 42 89 70 27,ce.0132492N@ac-aix-marseille.fr,REP+,Vitrolles,43.444670211437966,5.252398763346314,La Nerthe
0132494R,Collège les Amandeirets,Collège,Public,6 avenue du Général Leclerc,13220,Châteauneuf-les-Martigues,04 42 79 87 10,ce.0132494r@ac-aix-marseille.fr,,Marseille - ASH,43.3802685986032,5.172566040875136,Cote Bleue
0132495S,Lycée Arthur Rimbaud,Lycée,Public,quartier des Salles,13808,Istres,04 42 41 10 96,ce.0132495S@ac-aix-marseille.fr,,,43.50288140166646,4.987239805751601,La Crau
0132496T,Collège Honoré Daumier,Collège,Public,allée Romain Rolland,13500,Martigues,04 42 80 56 10,ce.0132496T@ac-aix-marseille.fr,,Arles - ASH Ouest,43.4124157996639,5.013307423064944,Cote Bleue
0132497U,Collège la Carraire,Collège,Public,rue Carnot,13141,Miramas,04 90 58 01 39,ce.0132497U@ac-aix-marseille.fr,,Arles - ASH Ouest,43.58227085337761,5.003490518375512,La Crau
0132498V,École maternelle Solidarité 2,École,Public,54 route Vallon Dol,13015,Marseille 15e  Arrondissement,04 91 51 45 37,ce.0132498V@ac-aix-marseille.fr,REP+,Marseille Aygalades,43.38818281499693,5.372584113047815,Marseille Madrague
0132504B,École maternelle les Trois Lucs,École,Public,373 avenue des Poilus,13012,Marseille 12e  Arrondissement,04 91 93 71 46,ce.0132504B@ac-aix-marseille.fr,,Allauch Plan-de-Cuques Château Gombert,43.3155067982816,5.461599982298127,Marseille Huveaune
0132508F,École maternelle Joseph d'Arbaud,École,Public,rue Ch Rieu ZAC Jas de Bouffan,13090,Aix-en-Provence,04 42 20 09 36,ce.0132508F@ac-aix-marseille.fr,REP,Aix - Ste Victoire,43.52812535931783,5.413959530417623,Sainte Victoire
0132510H,École maternelle Petit Lac,École,Public,3 place des Écoles,13480,Cabriès,04 42 69 18 09,ce.0132510H@ac-aix-marseille.fr,,Gardanne,43.465903611392,5.351904062108126,Sainte Victoire
0132511J,École élémentaire Petit Lac,École,Public,ZAC du Petit Lac,13480,Cabriès,04 42 69 01 66,ce.0132511J@ac-aix-marseille.fr,,Gardanne,43.466028320905394,5.352378752675642,Sainte Victoire
0132512K,École maternelle Élise et Jean Mille,École,Public,rue des Pioutons,13800,Istres,04 13 29 51 61,ce.0132512K@ac-aix-marseille.fr,,Istres,43.49239249372445,4.987119438919727,La Crau
0132513L,École élémentaire Élise et Jean Mille,École,Public,avenue des Cardalines,13800,Istres,04 42 55 51 62,ce.0132513L@ac-aix-marseille.fr,,Istres,43.493163758225,4.987169591959303,La Crau
0132514M,École maternelle Marcel Pagnol,École,Public,boulevard Padovani,13340,Rognac,04 42 78 61 47,ce.0132514M@ac-aix-marseille.fr,,Aix - Vallée de l'Arc,43.4892643106903,5.223860505513174,La Nerthe
0132515N,École maternelle Lion d'Or Sud,École,Public,rue du Chêne Vert,13310,Saint-Martin-de-Crau,04 90 47 25 39,ce.0132515N@ac-aix-marseille.fr,,Saint Martin de Crau,43.63759026682853,4.818251377729733,Camargue
0132516P,École élémentaire Lion d'Or Sud,École,Public,rue du Chêne Vert,13310,Saint-Martin-de-Crau,04 90 47 11 60,ce.0132516P@ac-aix-marseille.fr,,Saint Martin de Crau,43.6375861230734,4.818499093711369,Camargue
0132527B,École maternelle Maurelle Jonquilles,École,Public,170 chemin des Jonquilles,13012,Marseille 12e  Arrondissement,04 91 93 78 36,ce.0132527B@ac-aix-marseille.fr,REP+,Marseille la Rose,43.32123488417294,5.438627886064894,Marseille Collines
0132529D,École maternelle Estaque Gare,École,Public,33 boulevard Fenouil,13016,Marseille 16e  Arrondissement,04 91 46 02 49,ce.0132529D@ac-aix-marseille.fr,REP,Marseille Estaque,43.3613449243876,5.320090423335684,Marseille Madrague
0132530E,École élémentaire Croix Rouge 2,École,Public,14 avenue Fournacle,13013,Marseille 13e  Arrondissement,04 91 68 69 91,ce.0132530E@ac-aix-marseille.fr,REP,Marseille la Rose,43.3320888485005,5.456609709262977,Marseille Étoile
0132531F,École maternelle Édouard Peisson,École,Public,quartier la Crémade,13122,Ventabren,04 42 28 95 77,ce.0132531F@ac-aix-marseille.fr,,Aix - Vallée de l'Arc,43.5388751162036,5.30160021410807,La Nerthe
0132532G,École maternelle Jean Giono,École,Public,avenue de la République,13880,Velaux,04 42 74 74 69,ce.0132532G@ac-aix-marseille.fr,,Aix - Vallée de l'Arc,43.52342431685089,5.255860472292297,La Nerthe
0132535K,École primaire les Deux Ormeaux,École,Public,avenue Jules Payot,13090,Aix-en-Provence,04 42 20 19 92,ce.0132535K@ac-aix-marseille.fr,,Aix - Touloubre,43.532185666276746,5.414010183096859,Sainte Victoire
0132536L,École élémentaire Henri Wallon,École,Public,quartier Barriol,13200,Arles,04 90 96 89 57,ce.0132536L@ac-aix-marseille.fr,REP+,Arles-Camargue,43.66816170064302,4.618900330049439,Camargue
0132537M,École maternelle Marie et Pierre Curie,École,Public,quartier la Croix du Prêtre,13220,Châteauneuf-les-Martigues,04 42 79 88 73,ce.0132537M@ac-aix-marseille.fr,,Châteauneuf,43.38758829021776,5.156440002449994,Cote Bleue
0132538N,École maternelle Olivier Guirou,École,Public,55 chemin de la Pomme de Pin,13580,La Fare-les-Oliviers,04 90 58 58 07,ce.0132538N@ac-aix-marseille.fr,,Aix - Vallée de l'Arc,43.54984832772817,5.221560225557957,Salon
0132539P,École maternelle Clos de la Roche,École,Public,allée Joseph Roumanille Rés Rassuen,13800,Istres,04 13 29 51 66,ce.0132539P@ac-aix-marseille.fr,,Istres,43.492979151330445,4.978365303556895,La Crau
0132543U,École maternelle Robert Daugey,École,Public,boulevard du groupe Manouchian,13500,Martigues,04 42 80 51 60,ce.0132543U@ac-aix-marseille.fr,,Martigues,43.41386248162105,5.028039915312967,Cote Bleue
0132545W,École maternelle la Couronne,École,Public,chemin du Phare,13500,Martigues,04 42 80 76 53,ce.0132545W@ac-aix-marseille.fr,,Châteauneuf,43.331614798320686,5.054080569257564,Cote Bleue
0132546X,École élémentaire Chantegrive,École,Public,avenue de la Camargue,13140,Miramas,04 90 58 12 45,ce.0132546X@ac-aix-marseille.fr,,Miramas,43.58998983973786,4.994579436588031,La Crau
0132547Y,École maternelle Chantegrive,École,Public,avenue de la Camargue,13140,Miramas,04 90 58 20 63,ce.0132547Y@ac-aix-marseille.fr,,Miramas,43.58969189507461,4.99512011016216,La Crau
0132553E,École maternelle les Cantarelles,École,Public,route Port Saint Louis Barriol,13200,Arles,04 90 93 96 99,ce.0132553E@ac-aix-marseille.fr,REP+,Arles-Camargue,43.66983606191384,4.62111119500352,Camargue
0132555G,École maternelle la Salle,École,Public,rue Victor Hugo,13320,Bouc-Bel-Air,04 42 22 27 15,ce.0132555G@ac-aix-marseille.fr,,Gardanne,43.44079742401083,5.422470540191206,Sainte Victoire
0132559L,École élémentaire Robert Daugey,École,Public,avenue du groupe Manouchian,13500,Martigues,04 42 80 51 62,ce.0132559L@ac-aix-marseille.fr,,Martigues,43.41435423285197,5.028259704345979,Cote Bleue
0132561N,Collège Anatole France,Collège,Public,8 cours Pierre Puget,13006,Marseille,04 91 33 12 31,ce.0132561n@ac-aix-marseille.fr,REP,Marseille - ASH,43.29057188713276,5.376909986946342,Marseille Vieux Port
0132565T,Collège Jacques Monod,Collège,Public,avenue du Capitaine Brutus,13170,Les Pennes-Mirabeau,04 91 51 00 26,ce.0132565t@ac-aix-marseille.fr,,Arles - ASH Ouest,43.39880027597978,5.335009663435603,La Nerthe
0132568W,Collège Auguste Mignet,Collège,Public,41 rue Cardinale,13601,Aix-en-Provence,04 42 93 63 00,ce.0132568W@ac-aix-marseille.fr,,Aix - ASH Est,43.52486802553077,5.448370128366818,Sainte Victoire
0132572A,Collège Ampère,Collège,Public,1 rue Ampère,13200,Arles,04 90 49 59 49,ce.0132572A@ac-aix-marseille.fr,REP+,Marseille - ASH,43.67347246794884,4.62668966743531,Camargue
0132573B,Collège Glanum,Collège,Public,avenue Théodore Aubanel,13533,Saint-Rémy-de-Provence,04 90 92 03 85,ce.0132573B@ac-aix-marseille.fr,,Arles - ASH Ouest,43.79494841867936,4.839050168098843,Camargue
0132574C,École élémentaire Soude,École,Public,30 avenue de la Martheline,13009,Marseille  9e  Arrondissement,04 91 40 03 23,ce.0132574C@ac-aix-marseille.fr,,Marseille Corniche,43.245443688100295,5.400754426334405,Marseille Calanques
0132575D,École maternelle la Soude,École,Public,13 avenue de la Soude,13009,Marseille  9e  Arrondissement,04 91 40 29 87,ce.0132575D@ac-aix-marseille.fr,,Marseille Corniche,43.24456098042131,5.399979077659277,Marseille Calanques
0132578G,École maternelle Rocher du Dragon,École,Public,avenue des Musiciens,13100,Aix-en-Provence,04 42 21 15 07,ce.0132578G@ac-aix-marseille.fr,,Aix - Touloubre,43.53452611589492,5.437439756020291,Sainte Victoire
0132579H,École élémentaire Joseph d'Arbaud,École,Public,rue Charloun Rieu ZAC,13090,Aix-en-Provence,04 42 20 17 42,ce.0132579H@ac-aix-marseille.fr,REP,Aix - Ste Victoire,43.52742418730707,5.414160163879721,Sainte Victoire
0132581K,École maternelle la Torse,École,Public,avenue des Ecoles Militaires,13100,Aix-en-Provence,04 42 21 42 63,ce.0132581K@ac-aix-marseille.fr,,Aix - Ste Victoire,43.52387630573269,5.46640000133762,Sainte Victoire
0132582L,École maternelle Logis Neuf,École,Public,avenue Lei Rima,13190,Allauch,04 91 68 21 89,ce.0132582L@ac-aix-marseille.fr,,Allauch Plan-de-Cuques Château Gombert,43.35742741089985,5.48710051569999,Marseille Étoile
0132584N,École maternelle Marie Mauron,École,Public,boulevard Victor,13400,Aubagne,04 42 03 37 37,ce.0132584N@ac-aix-marseille.fr,,Aubagne,43.28220286930395,5.537280237427988,Le Garlaban
0132585P,École élémentaire Jacques Prévert,École,Public,la Petite Candolle,13821,La Penne-sur-Huveaune,04 91 36 17 66,ce.0132585P@ac-aix-marseille.fr,,Marseille Huveaune,43.28048239421647,5.50889988156136,Marseille Huveaune
0132586R,École maternelle Jacques Prévert,École,Public,la Petite Candolle,13821,La Penne-sur-Huveaune,04 91 36 17 53,ce.0132586R@ac-aix-marseille.fr,,Marseille Huveaune,43.28003968375511,5.508779610278688,Marseille Huveaune
0132587S,École maternelle Roquecoquille,École,Public,avenue Jean Bouin,13160,Châteaurenard,04 90 90 02 19,ce.0132587S@ac-aix-marseille.fr,,Saint Rémy de Provence,43.88143686790492,4.866284684608033,Avignon
0132589U,École maternelle Camille Pierron,École,Public,allée Piboules quartier Prépaou,13800,Istres,04 42 55 50 61,ce.0132589U@ac-aix-marseille.fr,REP,Istres,43.49371818021215,4.984120515606214,La Crau
0132590V,École élémentaire Camille Pierron,École,Public,allée des Piboules le Prepaou,13800,Istres,04 13 29 50 60,ce.0132590V@ac-aix-marseille.fr,REP,Istres,43.49343914450613,4.984270351628635,La Crau
0132592X,École maternelle Marcel Pagnol,École,Public,Mas de Boussard,13310,Saint-Martin-de-Crau,04 90 47 13 28,ce.0132592X@ac-aix-marseille.fr,,Saint Martin de Crau,43.635204602516175,4.800770175160211,Camargue
0132593Y,École élémentaire Marcel Pagnol,École,Public,rue Gaston de Saporta,13310,Saint-Martin-de-Crau,04 90 47 12 36,ce.0132593Y@ac-aix-marseille.fr,,Saint Martin de Crau,43.63457399495892,4.800425709969965,Camargue
0132596B,École élémentaire Marcel Batlle,École,Public,4 chemin des Capucins,13150,Tarascon,04 90 91 13 36,ce.0132596B@ac-aix-marseille.fr,REP,Saint Rémy de Provence,43.80787502399958,4.664042496883133,Camargue
0132597C,École maternelle Marcel Batlle,École,Public,170 chemin Saint Georges,13150,Tarascon,04 90 91 36 63,ce.0132597C@ac-aix-marseille.fr,REP,Saint Rémy de Provence,43.8079548759779,4.663587442697747,Camargue
0132598D,École maternelle Centre,École,Public,rue des Ecoles,13770,Venelles,04 42 54 66 46,ce.0132598D@ac-aix-marseille.fr,,Aix - Touloubre,43.59830516344688,5.483729510604805,Sainte Victoire
0132599E,École élémentaire Martine Morin,École,Public,la Plaine,13127,Vitrolles,04 42 89 55 76,ce.0132599E@ac-aix-marseille.fr,,Vitrolles,43.4542344087254,5.240830167801719,La Nerthe
0132600F,École maternelle Martine Morin,École,Public,la Plaine,13127,Vitrolles,04 42 89 53 15,ce.0132600F@ac-aix-marseille.fr,,Vitrolles,43.4547506767869,5.24076009515105,La Nerthe
0132601G,École élémentaire la Batarelle,École,Public,38 rue de Lissandre,13014,Marseille 14e  Arrondissement,04 91 98 43 80,ce.0132601G@ac-aix-marseille.fr,,Marseille la Rose,43.35621662833064,5.410329984944196,Marseille Étoile
0132602H,École maternelle la Batarelle,École,Public,38 rue de Lissandre,13014,Marseille 14e  Arrondissement,04 91 98 38 59,ce.0132602H@ac-aix-marseille.fr,,Marseille la Rose,43.35598496740219,5.410628648101751,Marseille Étoile
0132603J,École élémentaire Parade,École,Public,chemin de Palama,13013,Marseille 13e  Arrondissement,04 91 68 50 00,ce.0132603J@ac-aix-marseille.fr,,Allauch Plan-de-Cuques Château Gombert,43.35738942596313,5.439118810113888,Marseille Étoile
0132604K,École maternelle Eydoux,École,Public,18 rue Eydoux,13006,Marseille  6e  Arrondissement,04 91 47 19 56,ce.0132604K@ac-aix-marseille.fr,,Marseille Mazargues,43.29087908340863,5.386940228478826,Marseille Vieux Port
0132605L,École élémentaire les Néréides,École,Public,113 rue Granière,13011,Marseille 11e  Arrondissement,04 91 35 38 01,ce.0132605L@ac-aix-marseille.fr,REP,Marseille Huveaune,43.28505777743372,5.460339669234752,Marseille Huveaune
0132606M,École maternelle les Néréides,École,Public,113 rue des Raymonds,13011,Marseille 11e  Arrondissement,04 91 35 32 46,ce.0132606M@ac-aix-marseille.fr,REP,Marseille Huveaune,43.28563331377492,5.461150207542423,Marseille Huveaune
0132610S,École élémentaire Solidarité,École,Public,48 chemin de la Bigotte,13015,Marseille 15e  Arrondissement,04 91 51 44 67,ce.0132610S@ac-aix-marseille.fr,REP+,Marseille Aygalades,43.38844127796908,5.371878983550972,Marseille Madrague
0132611T,École maternelle Solidarité 1,École,Public,chemin de la Bigote,13015,Marseille 15e  Arrondissement,04 91 51 46 17,ce.0132611T@ac-aix-marseille.fr,REP+,Marseille Aygalades,43.38800613935828,5.372021488521319,Marseille Madrague
0132625H,École maternelle Parade,École,Public,chemin de Palama,13013,Marseille 13e  Arrondissement,04 91 68 54 02,ce.0132625H@ac-aix-marseille.fr,,Allauch Plan-de-Cuques Château Gombert,43.35742586981662,5.439897441658735,Marseille Étoile
0132626J,École maternelle le Carestier,École,Public,rue Georges Bidault,13700,Marignane,04 42 88 36 83,ce.0132626J@ac-aix-marseille.fr,,Marignane,43.4043596345684,5.220929423575669,La Nerthe
0132627K,École maternelle Émile Vayssière 3,École,Public,rue de la Crau,13014,Marseille 14e  Arrondissement,04 91 98 34 42,ce.0132627K@ac-aix-marseille.fr,REP+,Marseille le Merlan,43.33528826664781,5.397060593035683,Marseille Étoile
0132629M,École maternelle Millière,École,Public,allée des Genévriers,13011,Marseille 11e  Arrondissement,04 91 36 24 50,ce.0132629M@ac-aix-marseille.fr,,Marseille Huveaune,43.28070510658352,5.503799791086985,Marseille Huveaune
0132630N,École maternelle Édouard Vaillant,École,Public,rue Belle Font,13920,Saint-Mitre-les-Remparts,04 42 44 01 40,ce.0132630N@ac-aix-marseille.fr,,Istres,43.45173561169998,5.014799966716379,La Crau
0132632R,École maternelle Prairial,École,Public,quartier les Hermes,13127,Vitrolles,04 42 89 12 92,ce.0132632R@ac-aix-marseille.fr,,Vitrolles,43.44943982443274,5.250649748862334,La Nerthe
0132634T,Collège André Malraux,Collège,Public,quartier la Jonquière,13777,Fos-sur-Mer,04 42 05 02 77,ce.0132634T@ac-aix-marseille.fr,,Marseille - ASH,43.44503312025707,4.9448397185494,La Crau
0132636V,École maternelle les Moulins,École,Public,3 chemin,13570,Barbentane,04 90 95 50 39,ce.0132636V@ac-aix-marseille.fr,,Saint Rémy de Provence,43.89957889914405,4.747279600379386,Avignon
0132637W,École élémentaire Émile Vayssière 2,École,Public,rue de la Crau,13014,Marseille 14e  Arrondissement,04 91 98 39 17,ce.0132637W@ac-aix-marseille.fr,REP+,Marseille le Merlan,43.33528280543808,5.3973069617093055,Marseille Étoile
0132638X,École élémentaire Cours Julien,École,Public,119 rue d'Aubagne,13006,Marseille  6e  Arrondissement,04 91 47 19 18,ce.0132638X@ac-aix-marseille.fr,,Marseille Longchamp,43.293005875364194,5.382610067339648,Marseille Vieux Port
0132640Z,École maternelle Jules Ferry,École,Public,rue Jules Ferry,13960,Sausset-les-Pins,04 42 44 77 32,ce.0132640Z@ac-aix-marseille.fr,,Châteauneuf,43.33026266297341,5.114799966841687,Cote Bleue
0132642B,École maternelle la Montade,École,Public,rue Robert Debré - la Montade,13380,Plan-de-Cuques,04 91 68 93 87,ce.0132642B@ac-aix-marseille.fr,,Allauch Plan-de-Cuques Château Gombert,43.359784224554375,5.468610333655265,Marseille Étoile
0132643C,École maternelle Gare,École,Public,avenue de la Gare,13490,Jouques,04 42 67 61 76,ce.0132643C@ac-aix-marseille.fr,,Peyrolles,43.63536934063941,5.638139903221377,Sainte Victoire
0132682V,École maternelle Mouries,École,Public,rue des Arènes,13890,Mouriès,04 90 47 57 59,ce.0132682V@ac-aix-marseille.fr,,Saint Martin de Crau,43.68966708022503,4.874080062654273,Camargue
0132683W,École maternelle Roger Delagnes,École,Public,rue Roger Delagnes,13460,Saintes-Maries-de-la-Mer,04 90 97 89 48,ce.0132683W@ac-aix-marseille.fr,,Arles-Camargue,43.45360939313164,4.43220996148944,Camargue
0132684X,École maternelle Pierre Armanet,École,Public,avenue Vent des Dames 4 Vents,13800,Istres,04 42 55 51 57,ce.0132684X@ac-aix-marseille.fr,,Istres,43.492344681172966,4.995799418759686,La Crau
0132691E,École maternelle Lucia Tichadou,École,Public,avenue Joseph Millat la Tranchée,13110,Port-de-Bouc,04 42 06 36 59,ce.0132691E@ac-aix-marseille.fr,REP,Martigues,43.41246842042041,4.987169578133295,Cote Bleue
0132694H,École maternelle Molleges,École,Public,route de Noves,13940,Mollégès,04 90 95 07 67,ce.0132694H@ac-aix-marseille.fr,,Saint Rémy de Provence,43.80793995461432,4.947630150169014,Luberon
0132696K,École primaire Gérard Philipe,École,Public,le Mas Neuf,13140,Miramas,04 90 58 25 57,ce.0132696K@ac-aix-marseille.fr,,Miramas,43.57740328683468,4.996510328627084,La Crau
0132697L,École maternelle Robert Desnos,École,Public,rue Robert Desnos,13500,Martigues,04 42 80 83 08,ce.0132697L@ac-aix-marseille.fr,REP,Martigues,43.41975477426657,5.047439917287038,Cote Bleue
0132698M,École maternelle les Aires,École,Public,avenue des Aires,13120,Gardanne,04 42 58 18 75,ce.0132698M@ac-aix-marseille.fr,,Gardanne,43.45511807950775,5.48031055633624,Sainte Victoire
0132699N,École maternelle Pierre Cornille,École,Public,quartier de la Feutrière,13780,Cuges-les-Pins,04 42 73 85 86,ce.0132699N@ac-aix-marseille.fr,,La Ciotat,43.27400503164164,5.704319855106387,Le Garlaban
0132700P,École maternelle Henri Bosco,École,Public,rue du Pouchon,13111,Coudoux,04 42 52 02 55,ce.0132700P@ac-aix-marseille.fr,,Aix - Vallée de l'Arc,43.55737768737786,5.2498304445553625,Salon
0132701R,École maternelle Jacques Prévert,École,Public,avenue Guillaume Dulac les Matagots,13600,La Ciotat,04 42 83 24 24,ce.0132701R@ac-aix-marseille.fr,,La Ciotat,43.194838960302285,5.612336268524908,Le Garlaban
0132704U,École maternelle les Magnanarelles,École,Public,route Port Stlouis Plan du Bourg,13200,Arles,04 90 93 97 20,ce.0132704U@ac-aix-marseille.fr,,Arles-Camargue,43.66299527045855,4.619234174304179,Camargue
0132705V,École maternelle Jules Payot,École,Public,boulevard de Grande Thumine,13090,Aix-en-Provence,04 42 20 17 21,ce.0132705V@ac-aix-marseille.fr,REP,Aix - Ste Victoire,43.523000661461786,5.414090527810673,Sainte Victoire
0132706W,École maternelle Célony,École,Public,chemin des Platrières,13090,Aix-en-Provence,04 42 23 34 08,ce.0132706W@ac-aix-marseille.fr,,Aix - Touloubre,43.55672064223314,5.4199705826797855,Sainte Victoire
0132710A,École élémentaire Jules Payot,École,Public,boulevard Grande Thumine ZAC,13090,Aix-en-Provence,04 42 20 00 61,ce.0132710A@ac-aix-marseille.fr,REP,Aix - Ste Victoire,43.52308203755632,5.413669650863085,Sainte Victoire
0132711B,École élémentaire Clos de la Roche,École,Public,allée Joseph Roumanille,13800,Istres,04 42 55 51 65,ce.0132711B@ac-aix-marseille.fr,,Istres,43.49243193433109,4.979550495985872,La Crau
0132712C,École élémentaire le Carestier,École,Public,1 rue G.Bidault,13700,Marignane,04 42 88 55 33,ce.0132712C@ac-aix-marseille.fr,,Marignane,43.404703803184375,5.221350051227661,La Nerthe
0132713D,École primaire Paul Cézanne,École,Public,place des Jonquilles,13140,Miramas,04 90 58 05 56,ce.0132713D@ac-aix-marseille.fr,REP+,Miramas,43.59757505216953,5.0096895818143645,La Crau
0132717H,École primaire Enjouvènes,École,Public,avenue du Général de Gaulle,13330,Pélissanne,04 90 55 03 60,ce.0132717H@ac-aix-marseille.fr,,Salon de Provence,43.631352732137465,5.156219800345688,Salon
0132718J,École maternelle la Buissonnière,École,Public,rue des Intimes,13118,Istres,04 13 29 56 96,ce.0132718J@ac-aix-marseille.fr,,Istres,43.59258195636893,4.935779977410361,La Crau
0132719K,École maternelle la Bergerie,École,Public,allée Bel Ombre,13320,Bouc-Bel-Air,04 42 22 49 44,ce.0132719K@ac-aix-marseille.fr,,Gardanne,43.46337859953134,5.416559888401772,Sainte Victoire
0132729W,École maternelle la Tour,École,Public,quartier la Tour,13105,Mimet,04 42 68 40 82,ce.0132729W@ac-aix-marseille.fr,,Gardanne,43.41655138473008,5.504789403666514,Sainte Victoire
0132730X,Collège Pytheas,Collège,Public,rue des Gardians,13014,Marseille,04 91 98 19 04,ce.0132730X@ac-aix-marseille.fr,REP+,Marseille - ASH,43.33378119396453,5.396350601944149,Marseille Vieux Port
0132732Z,Collège André Chénier,Collège,Public,23 rue de l'Aiguillette,13012,Marseille,04 91 93 35 95,ce.0132732Z@ac-aix-marseille.fr,,Marseille - ASH,43.31260882595861,5.42792956875862,Marseille Collines
0132733A,Lycée polyvalent Antonin Artaud,Lycée,Public,25 chemin Notre-Dame de la Consolation,13013,Marseille,04 91 12 22 50,ce.0132733a@ac-aix-marseille.fr,,,43.34044091495535,5.424230447928836,Marseille Étoile
0132739G,École maternelle Henri Wallon,École,Public,2 rue Ely,13090,Aix-en-Provence,04 42 20 18 12,ce.0132739G@ac-aix-marseille.fr,REP,Aix - Ste Victoire,43.52582318592268,5.419720340086768,Sainte Victoire
0132740H,École maternelle Bernard Palissy,École,Public,rue Bernard Palissy,13400,Aubagne,04 42 70 01 67,ce.0132740H@ac-aix-marseille.fr,,Aubagne,43.28930819695358,5.575150219038151,Le Garlaban
0132743L,École maternelle Olympe de Gouges,École,Public,avenue du Ponant,13140,Miramas,04 90 58 01 81,ce.0132743L@ac-aix-marseille.fr,REP+,Miramas,43.59133114779073,5.008340318489565,La Crau
0132746P,École maternelle Lucie Aubrac,École,Public,avenue Jean Etienne Constant,13127,Vitrolles,04 42 89 06 20,ce.0132746P@ac-aix-marseille.fr,REP+,Vitrolles,43.44018882243644,5.256860082676505,La Nerthe
0132747R,École maternelle Bastide Saint-Jean,École,Public,rue de la Boiseraie,13012,Marseille 12e  Arrondissement,04 91 34 75 50,ce.0132747R@ac-aix-marseille.fr,,Marseille Saint Barnabé,43.29728782061096,5.421809822624102,Marseille Collines
0132750U,École maternelle la Pounche,École,Public,place Jules Ferry,13190,Allauch,04 86 67 46 78,ce.0132750U@ac-aix-marseille.fr,,Allauch Plan-de-Cuques Château Gombert,43.34874657741472,5.462666419835519,Marseille Étoile
0132751V,École maternelle Victoria Lyles,École,Public,rue Marius Allard le Trebon,13200,Arles,04 90 96 89 31,ce.0132751V@ac-aix-marseille.fr,REP,Arles-Camargue,43.691400805730375,4.635259687797695,Camargue
0132752W,École maternelle Louis Aragon,École,Public,hameau de la Bardeline,13390,Auriol,04 42 04 79 03,ce.0132752W@ac-aix-marseille.fr,,Trets,43.372980829122014,5.644019638264178,Le Garlaban
0132754Y,École maternelle de l'Ancienne Gare,École,Public,le bourg,13760,Saint-Cannat,04 42 57 34 22,ce.0132754Y@ac-aix-marseille.fr,,Peyrolles,43.62374988842163,5.297635207244664,Sainte Victoire
0132755Z,École maternelle Bonneveine Zénatti,École,Public,109 avenue Zenatti,13008,Marseille  8e  Arrondissement,04 91 72 16 74,ce.0132755Z@ac-aix-marseille.fr,,Marseille Corniche,43.24620855582832,5.391430068190592,Marseille Calanques
0132757B,École maternelle Malpassé les Lauriers,École,Public,9 rue de Marathon,13013,Marseille 13e  Arrondissement,04 91 70 38 48,ce.0132757B@ac-aix-marseille.fr,REP+,Marseille Belle de Mai,43.32714707903651,5.41271025779708,Marseille Étoile
0132758C,École élémentaire Bonneveine Zénatti,École,Public,109 avenue Andre Zenatti,13008,Marseille  8e  Arrondissement,04 91 72 17 24,ce.0132758C@ac-aix-marseille.fr,,Marseille Corniche,43.24594663996764,5.391309648853549,Marseille Calanques
0132759D,École élémentaire Henri Wallon,École,Public,rue Hugo Ely Jas de Bouffan,13090,Aix-en-Provence,04 42 20 19 50,ce.0132759D@ac-aix-marseille.fr,REP,Aix - Ste Victoire,43.52600180059084,5.4199047676378,Sainte Victoire
0132760E,École élémentaire Louis Aragon,École,Public,hameau de la Bardeline,13390,Auriol,04 42 04 79 05,ce.0132760E@ac-aix-marseille.fr,,Trets,43.373056321595925,5.64454011356341,Le Garlaban
0132761F,École élémentaire Louis Vignol,École,Public,chemin de Virebelle,13600,La Ciotat,04 42 83 38 83,ce.0132761F@ac-aix-marseille.fr,,La Ciotat,43.18489697926607,5.6062304292365726,Le Garlaban
0132762G,École élémentaire Pierre Armanet,École,Public,avenue des Heures Claires,13800,Istres,04 42 55 51 56,ce.0132762G@ac-aix-marseille.fr,,Istres,43.49178038540676,4.997510450232377,La Crau
0132763H,École élémentaire Maria Fabry,École,Public,quartier des Séveriers,13600,La Ciotat,04 42 83 12 51,ce.0132763H@ac-aix-marseille.fr,,La Ciotat,43.20255276220956,5.606939968727085,Le Garlaban
0132764J,École élémentaire Robert Desnos,École,Public,rue Robert Desnos,13500,Martigues,04 42 80 82 57,ce.0132764J@ac-aix-marseille.fr,REP,Martigues,43.41944888286741,5.047530273211796,Cote Bleue
0132765K,École élémentaire Olympe de Gouges,École,Public,avenue du Ponant,13140,Miramas,04 90 58 24 06,ce.0132765K@ac-aix-marseille.fr,REP+,Miramas,43.59156503066807,5.008980045461133,La Crau
0132766L,École élémentaire la Clé des Champs,École,Public,Promenade Raymond Chevallier,13118,Istres,04 13 29 56 95,ce.0132766L@ac-aix-marseille.fr,,Istres,43.59690388902982,4.932090463661296,La Crau
0132782D,École élémentaire Prairial,École,Public,avenue Font Ségugne,13127,Vitrolles,04 42 89 40 92,ce.0132782D@ac-aix-marseille.fr,,Vitrolles,43.44996985061631,5.250740906473473,La Nerthe
0132785G,Collège Rosa Parks,Collège,Public,238 rue de Lyon,13015,Marseille,04 91 11 41 80,ce.0132785G@ac-aix-marseille.fr,REP+,Marseille - ASH,43.331237259962585,5.365677889611877,Marseille Madrague
0132786H,Collège les Matagots,Collège,Public,70 avenue Louis Perrimond,13600,La Ciotat,04 42 98 10 40,ce.0132786H@ac-aix-marseille.fr,,Marseille - ASH,43.193233962245976,5.612870086267111,Le Garlaban
0132788K,École maternelle Rognes,École,Public,Rognes,13840,Rognes,04 42 50 26 39,ce.0132788K@ac-aix-marseille.fr,,Peyrolles,43.65897699782207,5.347579938240084,Sainte Victoire
0132789L,Collège Viala Lacoste,Collège,Privé,76 avenue Gaston Cabrier,13300,Salon-de-Provence,04 90 56 89 69,ce.0132789L@ac-aix-marseille.fr,,,43.64094435886682,5.101529956956648,Salon
0132790M,Lycée professionnel privé Jacques Raynaud,Lycée,Privé,59 traverse Charles Susini,13013,Marseille 13e  Arrondissement,04 91 66 39 40,lppjraynaud@formationmetier.fr,,,43.33561655434258,5.418333489027968,Marseille Étoile
0132792P,École maternelle Marcel Pagnol,École,Public,avenue des Marquis,13124,Peypin,04 42 70 22 51,ce.0132792P@ac-aix-marseille.fr,,Trets,43.38550348677816,5.576539478277714,Sainte Victoire
0132793R,École maternelle Joseph d'Arbaud,École,Public,rue Joseph d'Arbaud,13650,Meyrargues,04 42 57 53 22,ce.0132793R@ac-aix-marseille.fr,,Peyrolles,43.635787593503366,5.526690477900679,Sainte Victoire
0132794S,École maternelle la Salis,École,Public,traverse Sécadou,13600,La Ciotat,04 42 83 08 13,ce.0132794S@ac-aix-marseille.fr,,La Ciotat,43.18505605457501,5.613270054367932,Le Garlaban
0132795T,École maternelle Centre,École,Public,rue Saint Pierre,13480,Cabriès,04 42 22 18 46,ce.0132795T@ac-aix-marseille.fr,,Gardanne,43.44091229641627,5.380420226185232,Sainte Victoire
0132796U,École maternelle les Pinchinades,École,Public,les Pinchinades,13127,Vitrolles,04 42 89 69 77,ce.0132796U@ac-aix-marseille.fr,,Vitrolles,43.427267304291725,5.283519596175105,La Nerthe
0132797V,École maternelle Jean Jaurès,École,Public,ZAC du Levun,13880,Velaux,04 42 87 99 80,ce.0132797V@ac-aix-marseille.fr,,Aix - Vallée de l'Arc,43.53547143404855,5.2477326012465815,La Nerthe
0132798W,École maternelle Charles Péguy,École,Public,avenue du Maréchal Juin,13640,La Roque-d'Anthéron,04 42 50 46 02,ce.0132798W@ac-aix-marseille.fr,,Peyrolles,43.717574001688064,5.304819870762281,Sainte Victoire
0132799X,École maternelle les Écureuils,École,Public,allée Jean Aicard,13410,Lambesc,04 42 17 00 73,ce.0132799X@ac-aix-marseille.fr,,Peyrolles,43.647203264028725,5.260819785236397,Salon
0132800Y,École maternelle Luminy,École,Public,33 avenue de Luminy,13009,Marseille  9e  Arrondissement,04 91 41 30 98,ce.0132800Y@ac-aix-marseille.fr,,Marseille Mazargues,43.24469778912515,5.438061296264233,Marseille Calanques
0132801Z,École maternelle Sainte-Catherine,École,Public,98 traverse Prat,13008,Marseille  8e  Arrondissement,04 91 73 35 60,ce.0132801Z@ac-aix-marseille.fr,,Marseille Corniche,43.238095133857335,5.373629915617372,Marseille Calanques
0132802A,École primaire Romain Rolland,École,Public,les Fregates,13340,Rognac,04 42 78 62 97,ce.0132802A@ac-aix-marseille.fr,,Aix - Vallée de l'Arc,43.49608753183568,5.232493403237842,La Nerthe
0132804C,École élémentaire les Pinchinades,École,Public,les Pinchinades,13127,Vitrolles,04 42 89 61 10,ce.0132804C@ac-aix-marseille.fr,,Vitrolles,43.426813994450015,5.283590516430892,La Nerthe
0132805D,École élémentaire Jean Jaurès,École,Public,ZAC Levun-Bastide Bertin,13880,Velaux,04 42 87 98 40,ce.0132805D@ac-aix-marseille.fr,,Aix - Vallée de l'Arc,43.535172549363296,5.2471703491751045,La Nerthe
0132806E,École primaire Jean Moulin,École,Public,place Jean Moulin quartier des Salles,13800,Istres,04 13 29 50 43,ce.0132806E@ac-aix-marseille.fr,,Istres,43.50214538442643,4.989390384292333,La Crau
0132807F,École élémentaire Louis Aragon,École,Public,Plan du Bourg,13200,Arles,04 90 93 96 97,ce.0132807F@ac-aix-marseille.fr,,Arles-Camargue,43.66285592446925,4.618679804162512,Camargue
0132808G,École maternelle Château Double,École,Public,rue Abbé de l'Epée,13100,Aix-en-Provence,04 42 20 18 97,ce.0132808G@ac-aix-marseille.fr,,Aix - Touloubre,43.53087230177741,5.421969478663736,Sainte Victoire
0132810J,Lycée Sainte-Marie,Lycée,Privé,13 rue Jeu de Ballon,13400,Aubagne,04 42 03 15 40,ce.0132810j@ac-aix-marseille.fr,,,43.29173819853701,5.571110148149407,Le Garlaban
0132828D,Lycée polyvalent la Cadenelle,Lycée,Privé,134 boulevard des Libérateurs,13012,Marseille,04 91 18 10 50,info@cadenelle.com,,,43.30199383825447,5.457140038782091,Marseille Huveaune
0132833J,Collège Georges Brassens,Collège,Public,366 rue Pythéas,13320,Bouc-Bel-Air,04 42 94 91 40,ce.0132833J@ac-aix-marseille.fr,,Marseille - ASH,43.4384864338652,5.408120247374388,Sainte Victoire
0132834K,Collège Charles Rieu,Collège,Public,avenue des Galoubets,13310,Saint-Martin-de-Crau,04 90 47 02 22,ce.0132834K@ac-aix-marseille.fr,,Marseille - ASH,43.642078967814335,4.807495043631044,Camargue
0132897D,École maternelle les Trois Sautets,École,Public,Cité du Val Saint André,13100,Aix-en-Provence,04 42 27 08 65,ce.0132897D@ac-aix-marseille.fr,,Aix - Ste Victoire,43.516503931264126,5.469649463220288,Sainte Victoire
0132898E,École élémentaire Château Double,École,Public,rue Abbé de l'Epée,13090,Aix-en-Provence,04 42 20 18 82,ce.0132898E@ac-aix-marseille.fr,,Aix - Touloubre,43.53005004710757,5.421020534793507,Sainte Victoire
0132899F,École maternelle la Garenne,École,Public,allée des Pins,13400,Aubagne,04 42 03 86 07,ce.0132899F@ac-aix-marseille.fr,REP,Aubagne,43.28175291569551,5.547146486895826,Le Garlaban
0132900G,École élémentaire Georges Brassens,École,Public,avenue des Aires,13120,Gardanne,04 42 51 13 73,ce.0132900G@ac-aix-marseille.fr,,Gardanne,43.45431241082535,5.479959500244733,Sainte Victoire
0132901H,École élémentaire la Carraire - George Sand,École,Public,ZAC la Carraire,13140,Miramas,04 90 50 13 56,ce.0132901H@ac-aix-marseille.fr,,Miramas,43.588832340619966,5.005529938179046,La Crau
0132902J,École maternelle la Carraire - George Sand,École,Public,la Carraire,13140,Miramas,04 90 50 13 73,ce.0132902J@ac-aix-marseille.fr,,Miramas,43.57535202094802,5.004770464208069,La Crau
0132903K,École maternelle les Jardins,École,Public,boulevard Montaigne,13340,Rognac,04 42 78 60 81,ce.0132903K@ac-aix-marseille.fr,,Aix - Vallée de l'Arc,43.48991048672827,5.221800011581389,La Nerthe
0132904L,École maternelle Mireille,École,Public,rue Mireille quartier Saint-Jean,13870,Rognonas,04 90 94 83 11,ce.0132904L@ac-aix-marseille.fr,,Saint Rémy de Provence,43.90424329760109,4.807027267612055,Avignon
0132905M,École maternelle Haïti,École,Public,83 avenue d'Haïti,13012,Marseille 12e  Arrondissement,04 91 34 21 31,ce.0132905M@ac-aix-marseille.fr,,Marseille Saint Barnabé,43.29825971537778,5.415016877140381,Marseille Collines
0132906N,École maternelle Malpassé les Floralies,École,Public,81 boulevard Barry,13013,Marseille 13e  Arrondissement,04 91 70 84 87,ce.0132906N@ac-aix-marseille.fr,,Marseille Longchamp,43.31975164898785,5.412150443427455,Marseille Collines
0132907P,Collège Sévigné,Collège,Privé,1 avenue de Saint-Jérôme,13388,Marseille,04 91 66 22 75,college.sevigne13@wanadoo.fr,,,43.32897911964102,5.418850135038053,Marseille Étoile
0132908R,Collège Yavné,Collège,Privé,44-46 boulevard Barry,13013,Marseille,04 91 66 14 77,direction@yavne-asso.com,,,43.31793086832463,5.409450005522031,Marseille Vieux Port
0132909S,Collège Cours Bastide,Collège,Privé,50 rue de Lodi,13006,Marseille,04 91 48 67 96,cours.bastide.13.secretariat@wanadoo.FR,,,43.28988579806962,5.386927448563106,Marseille Vieux Port
0132911U,Collège Notre-Dame de France,Collège,Privé,132 rue Breteuil,13253,Marseille,04 91 37 17 55,college@ndfrance.org,,,43.28474718576696,5.378020065449739,Marseille Calanques
0132913W,Collège de Provence,Collège,Privé,42 boulevard Émile Sicard,13272,Marseille,04 91 77 28 46,ce.0132913w@ac-aix-marseille.fr,,,43.270276865928,5.384506349927876,Marseille Calanques
0132914X,Collège Cluny,Collège,Privé,160 avenue du Prado,13295,Marseille,04 91 13 77 00,college.cluny@wanadoo.fr,,,43.27901607765229,5.387249913983511,Marseille Calanques
0132915Y,Collège la Nativité,Collège,Privé,8 rue Jean Andreani,13097,Aix-en-Provence,04 42 93 45 70,,,,43.511939705993534,5.433229984586823,Sainte Victoire
0132917A,Collège du Sacré-Coeur,Collège,Privé,29 cours des Arts Et Métiers,13100,Aix-en-Provence,04 42 38 03 74,ce.0132917a@ac-aix-marseille.fr,,,43.53184931516049,5.4575003001645,Sainte Victoire
0132919C,École primaire privée Sacré-Coeur Roucas Blanc,École,Privé,244 chemin du Roucas Blanc,13007,Marseille  7e  Arrondissement,04 91 52 60 88,sacre.coeur.roucas@numericable.fr,,Écoles privées,43.278778217111885,5.367220235198886,Marseille Calanques
0132921E,Collège Sainte-Marie,Collège,Privé,avenue Calderon,13700,Marignane,04 42 88 89 90,gestion.administrative-sm@stlouis-stemarie.fr,,,43.411789745920565,5.235593624746737,La Nerthe
0132922F,Lycée Saint-Jean,Lycée,Privé,76 avenue Georges Borel,13300,Salon-de-Provence,04 90 53 20 51,secretariat@lyceesaintjean.com,,,43.64054771608984,5.08214968008688,Salon
0132923G,Collège Chevreul Blancarde,Collège,Privé,1 rue Saint-François de Sales,13248,Marseille,04 91 49 10 73,secretariat@chevreulblancarde.com,,,43.30262303185718,5.4016395772832775,Marseille Collines
0132946G,Collège Saint-Charles Camas,Collège,Privé,21 rue du Camas,13392,Marseille,04 95 08 12 40,accueil.scc@eccoly.net,,,43.29802812169834,5.393020047110823,Marseille Vieux Port
0132947H,Collège Lacordaire,Collège,Privé,7 boulevard Lacordaire,13013,Marseille,04 91 12 20 81,ce.0132947h@ac-aix-marseille.fr,,,43.319935943497214,5.405737247799442,Marseille Vieux Port
0132949K,Collège Saint-Joseph de la Madeleine,Collège,Privé,172 bis boulevard de la Libération,13248,Marseille,04 96 12 13 60,contact@stjomadeleine.org,,,43.30071626858774,5.39440575873655,Marseille Vieux Port
0132950L,Collège du Sacré-Coeur,Collège,Privé,22 rue Barthélemy,13001,Marseille,04 91 48 05 92,secretariat@sacrecoeur-marseille.fr,,,43.29729863135994,5.386449444654575,Marseille Vieux Port
0132951M,Collège Sainte-Trinité,Collège,Privé,55 avenue de Lattre de Tassigny,13009,Marseille,04 91 41 11 98,ce.0132951m@ac-aix-marseille.fr,,,43.24731494078902,5.407169999887197,Marseille Calanques
0132954R,Collège Sainte-Marie-Blancarde,Collège,Privé,159 boulevard de la Blancarde,13248,Marseille,04 91 18 50 20,smb@eccoly.net,,,43.30460107104966,5.406298841750026,Marseille Collines
0132955S,Collège Sainte-Catherine de Sienne,Collège,Privé,20 rue Mignet,13100,Aix-en-Provence,04 42 23 48 98,e.c.l.saintecatherine@wanadoo.fr,,,43.53031171236209,5.450940483416305,Sainte Victoire
0132956T,Collège de Tour-Sainte,Collège,Privé,12 avenue de Tour-Sainte,13014,Marseille,04 91 21 53 00,toursainte@wanadoo.fr,,,43.344650459618165,5.3884627309628605,Marseille Étoile
0132958V,Collège Saint-Joseph les Maristes,Collège,Privé,24 rue Sainte-Victoire,13006,Marseille,04 96 10 13 30,norbertjoyeux@st-joseph-les-maristes.com,,,43.28631859499157,5.381980211099259,Marseille Calanques
0132965C,École privée Beth-Myriam (École Secondaire Générale),Lycée,Privé Hors Contrat,60 chemin Vallon de Toulouse,13010,Marseille 10e  Arrondissement,04 91 75 71 04,insfrh@yahoo.fr,,,43.26643617615144,5.425960386086436,Marseille Huveaune
0132973L,Collège Nina Simone,Collège,Public,1 chemin de Saint-Donat,13100,Aix-en-Provence,04 42 23 80 10,ce.0132973L@ac-aix-marseille.fr,,Aix - ASH Est,43.539248822542085,5.451323168537902,Sainte Victoire
0132974M,Lycée polyvalent Hôtelier régional Jean-Paul Passedat,Lycée,Public,114 avenue Zenatti,13295,Marseille,04 91 73 47 81,ce.0132974M@ac-aix-marseille.fr,,,43.24557318283892,5.392080820738188,Marseille Calanques
0132986A,École primaire Jean Giono,École,Public,avenue de la Plantade,13340,Rognac,04 42 78 61 77,ce.0132986A@ac-aix-marseille.fr,,Aix - Vallée de l'Arc,43.48340343872729,5.235140416019758,La Nerthe
0132988C,École élémentaire des Cabassols,École,Public,avenue des Galavards,13770,Venelles,04 42 54 10 00,ce.0132988C@ac-aix-marseille.fr,,Aix - Touloubre,43.59465343215128,5.479180605314006,Sainte Victoire
0132989D,École élémentaire Gilbert del Corso,École,Public,les Carabins Nord,13270,Fos-sur-Mer,04 42 47 70 96,ce.0132989D@ac-aix-marseille.fr,,Istres,43.46305133579579,4.938032270997636,La Crau
0132990E,École élémentaire Paul Langevin,École,Public,avenue Fernand Léger,13130,Berre-l'Etang,04 42 74 02 12,ce.0132990E@ac-aix-marseille.fr,REP,Miramas,43.488787106706944,5.172460180413281,La Nerthe
0132991F,École maternelle Coutheron Fontrousse,École,Public,Coutheron Fontrousse,13100,Aix-en-Provence,04 42 92 04 38,ce.0132991F@ac-aix-marseille.fr,,Aix - Touloubre,43.59923299996348,5.446616595438829,Sainte Victoire
0132992G,École maternelle Colline du Serre,École,Public,avenue Frédéric Mistral,13290,Aix-en-Provence,04 42 24 48 76,ce.0132992G@ac-aix-marseille.fr,,Aix - Vallée de l'Arc,43.50193260420594,5.390629590256504,Sainte Victoire
0132995K,École maternelle Saint-Henri Rabelais 2,École,Public,42 chemin de Saint Henri,13016,Marseille 16e  Arrondissement,04 91 46 50 66,ce.0132995K@ac-aix-marseille.fr,REP,Marseille Estaque,43.3580786960608,5.333612978622396,Marseille Madrague
0132999P,École primaire privée Institution Franco-Hébraïque,École,Privé,13 boulevard du Redon,13009,Marseille  9e  Arrondissement,04 91 75 20 98,ce.0132999P@ac-aix-marseille.fr,,Écoles privées,43.256725386180186,5.419549416774312,Marseille Calanques
0133002T,École maternelle Elsa Triolet,École,Public,ZAC Notre Dame,13120,Gardanne,04 42 51 13 31,ce.0133002T@ac-aix-marseille.fr,REP,Gardanne,43.4531988771458,5.487816520058787,Sainte Victoire
0133003U,École maternelle Plan de la Cour,École,Public,rue René Cassin,13127,Vitrolles,04 42 89 18 76,ce.0133003U@ac-aix-marseille.fr,,Vitrolles,43.44832678782691,5.245559856079116,La Nerthe
0133005W,AFASEC Académie de Cabriès - Métiers des Courses Hippiques,Lycée,Privé,les Plaines de l'Arbois,13822,Cabriès,04 42 22 41 45,ech-cabries@afasec.fr,,,43.435848828289686,5.344833211954116,Sainte Victoire
0133013E,École privée l'Olympique de Marseille (École Secondaire professionnelle),Lycée,Privé Hors Contrat,33 traverse de la Martine,13425,Marseille 12e  Arrondissement,04 91 93 40 77,alexandra.guennec@om.fr,,,43.30175759335932,5.462340103017173,Marseille Huveaune
0133015G,Lycée polyvalent Pierre Mendès-France,Lycée,Public,avenue Yitzhak Rabin,13741,Vitrolles,04 42 89 89 79,ce.0133015G@ac-aix-marseille.fr,,,43.44646031952453,5.246939689283613,La Nerthe
0133016H,Collège Louis Leprince- Ringuet,Collège,Public,avenue Louis de Brooglie,13580,La Fare-les-Oliviers,04 90 42 67 12,ce.0133016H@ac-aix-marseille.fr,,Marseille - ASH,43.54763875108778,5.189887564847717,Salon
0133018K,École maternelle Parc Berger,École,Public,avenue Campagne Berger,13009,Marseille  9e  Arrondissement,04 91 41 71 92,ce.0133018K@ac-aix-marseille.fr,,Marseille Capelette,43.260251298763805,5.422365708188351,Marseille Calanques
0133019L,École maternelle Li Pichounet,École,Public,avenue Jules Rollandin,13380,Plan-de-Cuques,04 91 68 36 48,ce.0133019L@ac-aix-marseille.fr,,Allauch Plan-de-Cuques Château Gombert,43.348390237347,5.462900311330508,Marseille Étoile
0133020M,École maternelle Gilbert Del Corso,École,Public,chemin du Gari,13270,Fos-sur-Mer,04 42 47 70 95,ce.0133020M@ac-aix-marseille.fr,,Istres,43.4628134698679,4.938450507451397,La Crau
0133021N,École élémentaire Saint Jean,École,Public,quartier Saint Jean,13530,Trets,04 42 20 51 94,ce.0133021N@ac-aix-marseille.fr,,Trets,43.43854625155845,5.68530039910743,Sainte Victoire
0133022P,École primaire la Culasse,École,Public,la Culasse,13420,Gémenos,04 42 32 12 13,ce.0133022P@ac-aix-marseille.fr,,La Ciotat,43.30420225026992,5.618040500025777,Le Garlaban
0133023R,École élémentaire Francine Claret Mateos,École,Public,quartier de Croze,13127,Vitrolles,04 42 75 28 04,ce.0133023R@ac-aix-marseille.fr,,Vitrolles,43.42271629645529,5.291850468823974,La Nerthe
0133024S,École primaire Val de Sibourg,École,Public,Vallée de Sibourg,13680,Lançon-Provence,04 90 57 64 35,ce.0133024S@ac-aix-marseille.fr,,Salon de Provence,43.58412100214502,5.212453624702143,Salon
0133025T,École maternelle Saint-Jean,École,Public,quartier Saint Jean,13530,Trets,04 42 20 51 07,ce.0133025T@ac-aix-marseille.fr,,Trets,43.43863639255813,5.685150190122961,Sainte Victoire
0133034C,École maternelle Virginie Dedieu,École,Public,chemin de la Transhumance,13320,Bouc-Bel-Air,04 42 22 17 91,ce.0133034C@ac-aix-marseille.fr,,Gardanne,43.43876728651773,5.409940341797193,Sainte Victoire
0133035D,École maternelle Sainte-Victoire,École,Public,allée Arsène Sari,13790,Châteauneuf-le-Rouge,04 42 58 68 15,ce.0133035D@ac-aix-marseille.fr,,Trets,43.48858018905936,5.5655295666314935,Sainte Victoire
0133039H,École maternelle Villette Fonscolombe,École,Public,7 rue André Chamson,13003,Marseille  3e  Arrondissement,04 91 50 38 60,ce.0133039H@ac-aix-marseille.fr,REP+,Marseille  la Joliette,43.31131899772986,5.3726495648745525,Marseille Vieux Port
0133040J,École élémentaire la Bergerie,École,Public,la Bergerie,13320,Bouc-Bel-Air,04 42 22 00 50,ce.0133040J@ac-aix-marseille.fr,,Gardanne,43.46421984091956,5.417302096052284,Sainte Victoire
0133041K,École élémentaire Vincent Van Gogh,École,Public,boulevard Jules Ferry,13410,Lambesc,04 42 92 78 34,ce.0133041K@ac-aix-marseille.fr,,Peyrolles,43.650127977641326,5.265140163986692,Salon
0133042L,École élémentaire Louise Michel,École,Public,impasse Louise Michel,13500,Martigues,04 42 42 11 00,ce.0133042L@ac-aix-marseille.fr,,Martigues,43.42307898495702,5.045450556931818,Cote Bleue
0133043M,École primaire la Maille 3,École,Public,avenue du Levant,13140,Miramas,04 90 58 06 62,ce.0133043M@ac-aix-marseille.fr,REP+,Miramas,43.592938684441854,5.010089402715292,La Crau
0133047S,École maternelle les Bouroumettes,École,Public,chemin de Pierrefeu,13170,Les Pennes-Mirabeau,04 91 65 79 44,ce.0133047S@ac-aix-marseille.fr,,Marignane,43.39338847218541,5.33433966697672,La Nerthe
0133048T,École élémentaire les Bouroumettes,École,Public,chemin de Pierrefeu,13170,Les Pennes-Mirabeau,04 91 51 25 09,ce.0133048T@ac-aix-marseille.fr,,Marignane,43.39401959087397,5.337500148847803,La Nerthe
0133049U,École maternelle Lapin Blanc,École,Public,70 avenue André Zenatti,13008,Marseille  8e  Arrondissement,04 91 72 36 07,ce.0133049U@ac-aix-marseille.fr,,Marseille Corniche,43.2456400261119,5.385805181869315,Marseille Calanques
0133052X,École élémentaire Pierre Mendès France,École,Public,place Marie Subil,13800,Istres,04 13 29 51 37,ce.0133052X@ac-aix-marseille.fr,,Istres,43.500010821132186,4.983630589585024,La Crau
0133053Y,École maternelle Pierre Mendès France,École,Public,place Marie Subil,13800,Istres,04 42 55 51 36,ce.0133053Y@ac-aix-marseille.fr,,Istres,43.50059994096854,4.984339569199528,La Crau
0133054Z,École élémentaire Plan de la Cour,École,Public,rue René Cassin,13127,Vitrolles,04 42 89 18 75,ce.0133054Z@ac-aix-marseille.fr,,Vitrolles,43.44831911272498,5.245930156118399,La Nerthe
0133055A,École maternelle Louise Michel,École,Public,impasse Louise Michel,13500,Martigues,04 42 42 13 27,ce.0133055A@ac-aix-marseille.fr,,Martigues,43.42285644761268,5.0459402307274255,Cote Bleue
0133057C,École maternelle Francine Claret Mateos,École,Public,Ferme Croze,13127,Vitrolles,04 42 75 28 35,ce.0133057C@ac-aix-marseille.fr,,Vitrolles,43.42318341551477,5.29168014865299,La Nerthe
0133058D,École élémentaire Josette Achhab,École,Public,ZAC Marcel Paul,13180,Gignac-la-Nerthe,04 42 30 44 41,ce.0133058D@ac-aix-marseille.fr,,Châteauneuf,43.389618212399,5.234510533051627,La Nerthe
0133059E,École maternelle Victor Hugo,École,Public,cours Victor Hugo,13980,Alleins,04 90 59 39 01,ce.0133059E@ac-aix-marseille.fr,,Peyrolles,43.703299897978816,5.1599498107623285,Salon
0133061G,École maternelle Jean Moulin,École,Public,avenue de Bretagne,13300,Salon-de-Provence,04 90 42 10 90,ce.0133061G@ac-aix-marseille.fr,REP,Salon de Provence,43.65300003061642,5.097589689262608,Salon
0133090N,École élémentaire la Cabro d'Or,École,Public,le bourg,13116,Vernègues,04 90 59 33 66,ce.0133090N@ac-aix-marseille.fr,,Peyrolles,43.687574295020895,5.199119881205691,Salon
0133093S,École maternelle Butte des Carmes,École,Public,rue des Grands Carmes,13002,Marseille  2e  Arrondissement,04 91 91 68 59,ce.0133093S@ac-aix-marseille.fr,REP+,Marseille  la Joliette,43.30122588423159,5.372889748783035,Marseille Vieux Port
0133095U,École maternelle du Mail,École,Public,Villa du Mail,13770,Venelles,04 42 54 93 30,ce.0133095U@ac-aix-marseille.fr,,Aix - Touloubre,43.59759892244056,5.483120480949687,Sainte Victoire
0133096V,École maternelle Georges Lapierre,École,Public,1 allée des Moissons ZAC Frescoul,13127,Vitrolles,04 42 89 67 40,ce.0133096V@ac-aix-marseille.fr,REP,Vitrolles,43.423630592044574,5.27889040451935,La Nerthe
0133097W,École élémentaire Pablo Picasso,École,Public,4 rue de la Bargelade,13127,Vitrolles,04 42 79 07 64,ce.0133097W@ac-aix-marseille.fr,REP,Vitrolles,43.42206781086261,5.27758014311949,La Nerthe
0133099Y,École élémentaire Victor Hugo,École,Public,rue Hector Berlioz,13960,Sausset-les-Pins,04 42 44 58 06,ce.0133099Y@ac-aix-marseille.fr,,Châteauneuf,43.33421042579697,5.109139453562962,Cote Bleue
0133100Z,École maternelle publique Ouviere,École,Public,quartier de l'Ouvière,13710,Fuveau,04 42 65 65 63,ce.0133100Z@ac-aix-marseille.fr,,Aix - Ste Victoire,43.452838795187255,5.553669846046841,Sainte Victoire
0133101A,École maternelle Coteaux de Veline,École,Public,rue Maurel Agricol,13120,Gardanne,04 42 58 22 30,ce.0133101A@ac-aix-marseille.fr,REP,Gardanne,43.45384409503256,5.472289959464819,Sainte Victoire
0133102B,École maternelle Josette Achhab,École,Public,avenue du Mail,13180,Gignac-la-Nerthe,04 42 30 40 10,ce.0133102B@ac-aix-marseille.fr,,Châteauneuf,43.38928726523478,5.234411303716327,La Nerthe
0133103C,École élémentaire Château Pitty,École,Public,ZAC Notre Dame,13120,Gardanne,04 42 51 45 86,ce.0133103C@ac-aix-marseille.fr,REP,Gardanne,43.45414527204096,5.4851330306665504,Sainte Victoire
0133105E,École maternelle Pierre Brosselette,École,Public,boulevard de la Gare,13821,La Penne-sur-Huveaune,04 91 36 17 46,ce.0133105E@ac-aix-marseille.fr,,Marseille Huveaune,43.282495256561866,5.515770331268539,Marseille Huveaune
0133110K,École maternelle Danielle Casanova,École,Public,impasse de l'Aviation,13130,Berre-l'Etang,04 42 74 03 34,ce.0133110K@ac-aix-marseille.fr,REP,Miramas,43.47524062092958,5.170939802375513,La Nerthe
0133111L,École maternelle Buzine,École,Public,Parc des 7 Collines,13011,Marseille 11e  Arrondissement,04 91 43 10 38,ce.0133111L@ac-aix-marseille.fr,,Allauch Plan-de-Cuques Château Gombert,43.293003759730986,5.499600022491949,Marseille Huveaune
0133114P,Collège Roger Carcassonne,Collège,Public,quartier Saint-Roch,13330,Pélissanne,04 90 55 05 20,ce.0133114P@ac-aix-marseille.fr,,Marseille - ASH,43.63265673107274,5.156415070201335,Salon
0133115R,Collège Marie Mauron,Collège,Public,avenue Raymond Martin,13480,Cabriès,04 42 22 15 10,ce.0133115R@ac-aix-marseille.fr,,Aix - ASH Est,43.44668398050652,5.35494770505299,Sainte Victoire
0133124A,École primaire Bonneveine2,École,Public,52 boulevard du Sablier,13008,Marseille  8e  Arrondissement,04 91 73 31 45,ce.0133124A@ac-aix-marseille.fr,,Marseille Corniche,43.25171856828826,5.382365416926628,Marseille Calanques
0133148B,IBS of Provence (École Secondaire Générale privée),Lycée,Privé Hors Contrat,500 route de Bouc Bel Air,13080,Aix-en-Provence,04 42 24 03 40,ibs@ibsofprovence.com,,,43.47553977063821,5.420719778391347,Sainte Victoire
0133177H,École maternelle Pont de Crau,École,Public,Pont de Crau - quartier Coste,13200,Arles,04 90 96 89 51,ce.0133177H@ac-aix-marseille.fr,,Arles-Camargue,43.6611780109011,4.65665231305304,Camargue
0133178J,École maternelle Victor Hugo,École,Public,quartier des Défensions,13400,Aubagne,04 42 84 94 49,ce.0133178J@ac-aix-marseille.fr,,Aubagne,43.30045746033799,5.573619833788727,Le Garlaban
0133179K,École élémentaire Victor Hugo,École,Public,rue Marcel Paul quartier Defensions,13400,Aubagne,04 42 84 94 48,ce.0133179K@ac-aix-marseille.fr,,Aubagne,43.30058292172321,5.574436304007088,Le Garlaban
0133180L,École maternelle Paul Éluard,École,Public,220 avenue Pierre Brossolette,13400,Aubagne,04 42 18 16 44,ce.0133180L@ac-aix-marseille.fr,REP,Aubagne,43.28727643690557,5.553130492309023,Le Garlaban
0133181M,École élémentaire Paul Éluard,École,Public,avenue Pierre Brossolette,13400,Aubagne,04 42 18 16 40,ce.0133181M@ac-aix-marseille.fr,REP,Aubagne,43.28748477536268,5.552959839793116,Le Garlaban
0133182N,École maternelle le Mazet,École,Public,rue du Mange Boue,13270,Fos-sur-Mer,04 42 47 71 79,ce.0133182N@ac-aix-marseille.fr,,Istres,43.458821993013984,4.944139790178309,La Crau
0133183P,École élémentaire le Mazet,École,Public,rue du Mange Boue,13270,Fos-sur-Mer,04 42 47 71 78,ce.0133183P@ac-aix-marseille.fr,,Istres,43.45908227486187,4.944630410329544,La Crau
0133185S,École primaire Marcel Pagnol,École,Public,Menage Neuf,13180,Gignac-la-Nerthe,04 42 30 52 22,ce.0133185S@ac-aix-marseille.fr,,Châteauneuf,43.39091587125588,5.233469959901077,La Nerthe
0133186T,École maternelle Gérald Kraemer,École,Public,262 avenue des Cyprès,13340,Rognac,04 42 78 61 83,ce.0133186T@ac-aix-marseille.fr,,Aix - Vallée de l'Arc,43.51024200852486,5.219331367082648,La Nerthe
0133187U,École maternelle Centre,École,Public,8 rue Chapelle Vieille,13190,Allauch,04 91 68 59 62,ce.0133187U@ac-aix-marseille.fr,,Allauch Plan-de-Cuques Château Gombert,43.3347947432825,5.484640291101296,Marseille Étoile
0133188V,École élémentaire Prado Plage,École,Public,122 rue Commandant Rolland,13008,Marseille  8e  Arrondissement,04 91 77 37 97,ce.0133188V@ac-aix-marseille.fr,,Marseille Corniche,43.26940053802474,5.380497097077468,Marseille Calanques
0133189W,École maternelle Aureille,École,Public,Aureille,13930,Aureille,04 90 59 97 61,ce.0133189W@ac-aix-marseille.fr,,Saint Martin de Crau,43.705365719626485,4.94822038340121,Salon
0133195C,Lycée Jean Cocteau,Lycée,Public,boulevard Saint-Exupéry,13141,Miramas,04 90 50 02 98,ce.0133195C@ac-aix-marseille.fr,,,43.58708262397055,5.009329552294081,La Crau
0133196D,Collège Simone de Beauvoir,Collège,Public,101 avenue Jean Monnet,13127,Vitrolles,04 42 15 92 00,ce.0133196D@ac-aix-marseille.fr,,Marseille - ASH,43.42794993215359,5.2775586078432255,La Nerthe
0133202K,École primaire privée Beth Sepher Ami,École,Privé,47 rue Saint Suffren,13006,Marseille  6e  Arrondissement,04 96 10 08 50,ce.0133202K@ac-aix-marseille.fr,,Écoles privées,43.28716575754336,5.381191033844207,Marseille Calanques
0133203L,Collège Louis Pasteur,Collège,Public,place Roger Salengro,13800,Istres,04 42 55 38 38,ce.0133203L@ac-aix-marseille.fr,,Arles - ASH Ouest,43.51007176052656,4.988399827365761,La Crau
0133206P,École maternelle Arc en Ciel,École,Public,chemin des Rompides,13820,Ensuès-la-Redonne,04 42 44 88 96,ce.0133206P@ac-aix-marseille.fr,,Châteauneuf,43.35390080269095,5.2006203310889125,La Nerthe
0133208S,École primaire privée Saint Ferréol,École,Privé Hors Contrat,40 chemin de Fondacle,13012,Marseille 12e  Arrondissement,04 91 87 00 50,13e.marseille@fsspx.fr,,Privé Hors Contrat,43.3158224587651,5.448969544491077,Marseille Collines
0133214Y,École maternelle l'Argelier,École,Public,rue d'Estienne d'Orves,13160,Châteaurenard,04 90 90 01 98,ce.0133214Y@ac-aix-marseille.fr,,Saint Rémy de Provence,43.87356919149083,4.854569400917821,Avignon
0133215Z,École élémentaire Jacqueline Auriol,École,Public,rue Roquepin la Romaniquette,13800,Istres,04 42 55 50 39,ce.0133215Z@ac-aix-marseille.fr,,Istres,43.5084341563926,4.997489683610712,La Crau
0133216A,École élémentaire la Conque,École,Public,quartier du Griffon,13127,Vitrolles,04 42 89 06 45,ce.0133216A@ac-aix-marseille.fr,,Vitrolles,43.428763060117554,5.282670056019246,La Nerthe
0133217B,École maternelle la Conque,École,Public,Parc du Griffon,13127,Vitrolles,04 42 89 09 10,ce.0133217B@ac-aix-marseille.fr,,Vitrolles,43.42873923772286,5.281750324113292,La Nerthe
0133219D,École maternelle Jacqueline Auriol,École,Public,rue Roquepin la Romaniquette,13800,Istres,04 13 29 50 40,ce.0133219D@ac-aix-marseille.fr,,Istres,43.50819536908202,4.997749706405438,La Crau
0133221F,École maternelle la Farandole,École,Public,Toits de la Pounche,13190,Allauch,04 86 67 46 77,ce.0133221F@ac-aix-marseille.fr,,Allauch Plan-de-Cuques Château Gombert,43.33506106909236,5.467900064877226,Marseille Étoile
0133223H,École primaire privée Louise de Marillac,École,Privé,route d'Allauch impasse Pont la Clue,13011,Marseille 11e  Arrondissement,04 91 43 12 93,ce.0133223H@ac-aix-marseille.fr,,Écoles privées,43.30957173152712,5.498607785137271,Marseille Huveaune
0133232T,École primaire privée la Nouvelle Alliance,École,Privé Hors Contrat,Resid Galice All Dr Bia,13090,Aix-en-Provence,04 42 95 08 19,ecolenouvall@gmail.com,,Privé Hors Contrat,43.52733035864289,5.431099721941739,Sainte Victoire
0133237Y,École maternelle Jean Moulin,École,Public,place des Ecoles,13950,Cadolive,04 42 72 40 54,ce.0133237Y@ac-aix-marseille.fr,,Trets,43.396416905218615,5.545089939434623,Sainte Victoire
0133238Z,École maternelle Auberge Neuve,École,Public,4 place des Ecoles,13124,Peypin,04 42 32 45 97,ce.0133238Z@ac-aix-marseille.fr,,Trets,43.3929322036398,5.55217990281043,Sainte Victoire
0133243E,Collège Font d'Aurumy,Collège,Public,Font d'Aurumy Et Masse,13710,Fuveau,04 42 68 02 77,ce.0133243e@ac-aix-marseille.fr,,Aix - ASH Est,43.4463151403387,5.559139787794172,Sainte Victoire
0133244F,Lycée polyvalent Marie-Madeleine Fourcade,Lycée,Public,avenue groupe Manouchian,13120,Gardanne,04 42 65 90 70,ce.0133244F@ac-aix-marseille.fr,,,43.454632639145615,5.4793394591594335,Sainte Victoire
0133246H,École maternelle Prado Plage,École,Public,122 rue du Commandant Rolland,13008,Marseille  8e  Arrondissement,04 91 77 37 99,ce.0133246H@ac-aix-marseille.fr,,Marseille Corniche,43.26922071083054,5.38048967596027,Marseille Calanques
0133248K,École maternelle la Destrousse,École,Public,la Destrousse,13112,La Destrousse,04 42 72 28 66,ce.0133248K@ac-aix-marseille.fr,,Trets,43.37697831700592,5.605199411852676,Le Garlaban
0133249L,École maternelle Anne Sylvestre,École,Public,14 avenue de la Petite Mer,13127,Vitrolles,04 42 75 09 70,ce.0133249L@ac-aix-marseille.fr,,Vitrolles,43.45750292474212,5.229154563772469,La Nerthe
0133250M,École maternelle Espelido,École,Public,Mallemort,13370,Mallemort,04 90 59 49 73,ce.0133250M@ac-aix-marseille.fr,,Peyrolles,43.72562332915129,5.180398102551648,Salon
0133252P,École maternelle les Colombes,École,Public,rue Marx Dormoy,13530,Trets,04 42 37 55 23,ce.0133252P@ac-aix-marseille.fr,,Trets,43.44829068537172,5.689439815780987,Sainte Victoire
0133254S,École élémentaire Gérald Kraemer,École,Public,avenue des Cyprès,13340,Rognac,04 42 78 63 49,ce.0133254S@ac-aix-marseille.fr,,Aix - Vallée de l'Arc,43.51104434954684,5.219488499736906,La Nerthe
0133255T,École élémentaire de la Touloubre,École,Public,rue Robespierre,13760,Saint-Cannat,04 42 50 62 14,ce.0133255T@ac-aix-marseille.fr,,Peyrolles,43.62414411256688,5.296359816290046,Sainte Victoire
0133263B,École primaire privée Hamaskaine,École,Privé,60 boulevard Pinatel,13012,Marseille 12e  Arrondissement,04 91 93 75 25,ce.0133263B@ac-aix-marseille.fr,,Écoles privées,43.31505389088208,5.441367678965537,Marseille Collines
0133274N,Lycée polyvalent Jeanne d'Arc - Campus Vincentien d'Arles,Lycée,Privé,15 rue Paul Lacroix,13632,Arles,04 90 52 08 42,contact@campus-vincentien13.com,,,43.6743584544753,4.643190286155779,Camargue
0133278T,Collège Notre-Dame de la Major,Collège,Privé,31-33 montée des Accoules,13002,Marseille,04 91 90 28 19,college.nd.major@wanadoo.fr,,,43.29770860498071,5.366289691530077,Marseille Vieux Port
0133286B,Lycée Belsunce,Lycée,Privé,13 rue Fauchier,13002,Marseille,04 91 90 51 14,ce.0133286b@ac-aix-marseille.fr,,,43.30445052435383,5.371247951478494,Marseille Vieux Port
0133287C,Collège Florence Arthaud ( Anciennement les Garrigues),Collège,Public,route de Saint-Cannat,13840,Rognes,04 42 50 16 32,ce.0133287C@ac-aix-marseille.fr,,Marseille - ASH,43.65440207531521,5.326983962979826,Sainte Victoire
0133288D,Lycée polyvalent Jean Monnet,Lycée,Public,boulevard Rhin Et Danube,13127,Vitrolles,04 42 15 14 60,ce.0133288D@ac-aix-marseille.fr,,,43.42503844739921,5.272326157185353,La Nerthe
0133296M,École élémentaire Victor Hugo,École,Public,rue Victor Hugo,13530,Trets,04 42 37 55 04,ce.0133296M@ac-aix-marseille.fr,,Trets,43.44786374433816,5.687890251899554,Sainte Victoire
0133305X,Lycée Clovis Hugues,Lycée,Privé,7 rue Fernand Dol,13100,Aix-en-Provence,04 42 38 15 11,ce.0133305X@ac-aix-marseille.fr,,,43.5259987628482,5.4521098282804505,Sainte Victoire
0133314G,Lycée Saint-Louis-Sainte-Marie,Lycée,Privé,allée Saint-Louis,13180,Gignac-la-Nerthe,04 42 31 73 00,secretariat.lycee@stlouis-stemarie.fr,,,43.39558579767486,5.234914965412307,La Nerthe
0133322R,École maternelle Esteou,École,Public,ZAC de l'Estéou,13700,Marignane,04 42 88 71 83,ce.0133322R@ac-aix-marseille.fr,,Marignane,43.41804866464484,5.202019152959769,La Nerthe
0133323S,École maternelle les Martégaux,École,Public,avenue des Olives,13013,Marseille 13e  Arrondissement,04 91 50 65 89,ce.0133323S@ac-aix-marseille.fr,,Marseille la Rose,43.32585605163582,5.440719479679138,Marseille Étoile
0133324T,École maternelle Jean Cocteau,École,Public,Colline Notre Dame,13730,Saint-Victoret,04 42 77 81 50,ce.0133324T@ac-aix-marseille.fr,,Marignane,43.41212107023274,5.237853379374623,La Nerthe
0133325U,École élémentaire du Cros,École,Public,chemin de la Croix,13510,Eguilles,09 61 62 42 71,ce.0133325U@ac-aix-marseille.fr,,Aix - Touloubre,43.56382560395976,5.352609953695288,Sainte Victoire
0133326V,École élémentaire Marie-Madeleine Fourcade,École,Public,ZAC de l'Estéou,13700,Marignane,04 42 88 73 93,ce.0133326V@ac-aix-marseille.fr,,Marignane,43.41758052859572,5.202025932163313,La Nerthe
0133327W,École élémentaire Lucie Aubrac,École,Public,23 avenue Etienne Constant,13127,Vitrolles,04 42 89 41 33,ce.0133327W@ac-aix-marseille.fr,REP+,Vitrolles,43.4398234510151,5.258240237766286,La Nerthe
0133332B,École primaire privée CIPEC Luynes,École,Privé Hors Contrat,route de Bouc Bel Air,13080,Aix-en-Provence,04 42 60 84 25,info@cipec.com,,Privé Hors Contrat,43.47759673654577,5.422120313184022,Sainte Victoire
0133333C,École élémentaire Jean Cocteau,École,Public,avenue Guillaume Apollinaire,13730,Saint-Victoret,06 75 29 64 88,ce.0133333C@ac-aix-marseille.fr,,Marignane,43.41519518095154,5.234250554311026,La Nerthe
0133334D,Lycée général et technologique ORT Léon Bramson,Lycée,Privé,9 rue des Forges,13010,Marseille,04 91 29 61 33,marseille@ort.asso.fr,,,43.279059508335,5.410545876268648,Marseille Huveaune
0133335E,Collège Saint-Augustin,Collège,Privé,avenue Jean-Auguste Ingres,13470,Carnoux-en-Provence,04 42 73 63 06,college@saintaugustin.eu,,,43.26320984326621,5.566008607763261,Le Garlaban
0133351X,Collège Jean de la Fontaine,Collège,Public,avenue César Baldacchini,13420,Gémenos,04 42 32 00 64,ce.0133351X@ac-aix-marseille.fr,,Aix - ASH Est,43.28862322336016,5.620413391160509,Le Garlaban
0133352Y,Collège Camille Claudel,Collège,Public,49 avenue du 8 Mai 1945,13127,Vitrolles,04 42 79 18 00,ce.0133352Y@ac-aix-marseille.fr,REP,Arles - ASH Ouest,43.42337543725372,5.275230197406973,La Nerthe
0133353Z,Collège Roquepertuse,Collège,Public,allée Évariste Galois,13880,Velaux,04 42 46 43 00,ce.0133353Z@ac-aix-marseille.fr,,Arles - ASH Ouest,43.53138272003809,5.249538371492993,La Nerthe
0133355B,École maternelle Montolieu,École,Public,10 rue Montolieu,13002,Marseille  2e  Arrondissement,04 91 56 24 04,ce.0133355B@ac-aix-marseille.fr,REP+,Marseille  la Joliette,43.30329625351174,5.372870219672278,Marseille Vieux Port
0133356C,École maternelle le Cros,École,Public,1 rue des Jardins Fleuris,13510,Eguilles,04 42 66 53 18,ce.0133356C@ac-aix-marseille.fr,,Aix - Touloubre,43.563661542685225,5.353285292174057,Sainte Victoire
0133357D,École maternelle Raimu,École,Public,rue Béranger ZAC la Tuilière,13127,Vitrolles,04 42 79 21 19,ce.0133357D@ac-aix-marseille.fr,REP,Vitrolles,43.42263979053529,5.273660085072468,La Nerthe
0133358E,École élémentaire Raimu,École,Public,rue Béranger ZAC la Tuilière,13127,Vitrolles,04 42 79 25 46,ce.0133358E@ac-aix-marseille.fr,REP,Vitrolles,43.42300363639837,5.2732200557473226,La Nerthe
0133374X,Collège Ami,Collège,Privé,47 rue Saint-Suffren,13006,Marseille,04 96 10 08 50,,,,43.287157620035245,5.381560280792709,Marseille Calanques
0133381E,Collège le Petit Prince,Collège,Public,chemin de la Fonse,13180,Gignac-la-Nerthe,04 42 30 50 88,ce.0133381E@ac-aix-marseille.fr,,Marseille - ASH,43.38869573591683,5.227304917570506,La Nerthe
0133389N,École élémentaire Arthur Rimbaud,École,Public,place Frédéric Mistral,13710,Fuveau,04 42 65 65 29,ce.0133389N@ac-aix-marseille.fr,,Aix - Ste Victoire,43.45479186678017,5.563400596064475,Sainte Victoire
0133390P,École élémentaire Auguste Boyer,École,Public,ZAC Saint-Joseph,13290,Aix-en-Provence,04 42 39 21 96,ce.0133390P@ac-aix-marseille.fr,,Aix - Vallée de l'Arc,43.50660080250629,5.391600440512031,Sainte Victoire
0133391R,École maternelle Auguste Boyer,École,Public,ZAC Saint-Joseph,13290,Aix-en-Provence,04 42 39 21 90,ce.0133391R@ac-aix-marseille.fr,,Aix - Vallée de l'Arc,43.50636916758859,5.391899960670575,Sainte Victoire
0133392S,École maternelle Plateau de l'Arbois,École,Public,9354 Jas de Marroc / Aire de Voyageurs,13290,Aix-en-Provence,04 13 91 15 13,ce.0133392S@ac-aix-marseille.fr,,Aix - Vallée de l'Arc,43.46607922217863,5.300062874515099,Sainte Victoire
0133395V,Lycée polyvalent Sainte-Marie,Lycée,Privé,2 rue de Jouques,13100,Aix-en-Provence,04 42 23 11 12,ce.0133395v@ac-aix-marseille.fr,,,43.5317759048794,5.446209973241101,Sainte Victoire
0133396W,Lycée polyvalent Don Bosco,Lycée,Privé,78 rue Stanislas Torrents,13006,Marseille,04 91 14 00 00,contact@donbosco-marseille.fr,,,43.28578684295234,5.379360141237068,Marseille Calanques
0133397X,Collège la Chesneraie,Collège,Privé,105 chemin de la Bosque,13540,Aix-en-Provence,04 42 92 11 55,secretariat@chesneraie.org,,,43.574597786392935,5.433830051264637,Sainte Victoire
0133404E,Centre National des Arts Techniques (École Secondaire professionnelle privée),Lycée,Privé Hors Contrat,5 boulevard Marcel Paul,13500,Martigues,04 42 42 12 48,contact@ecole-cnat.com,,,43.41430385920029,5.034399623926812,Cote Bleue
0133406G,Lycée polyvalent de la Méditerranée,Lycée,Public,avenue de la Méditerranée,13600,La Ciotat,04 42 08 80 20,ce.0133406G@ac-aix-marseille.fr,,,43.19118156746861,5.6135939615362815,Le Garlaban
0133424B,Lycée polyvalent Caucadis,Lycée,Privé,boulevard Alfred Casile,13127,Vitrolles,04 42 89 42 02,,,,43.45052809205652,5.240960014320492,La Nerthe
0133425C,Lycée polyvalent privé Célony,Lycée,Privé,4 bis avenue de Lattre de Tassigny,13090,Aix-en-Provence,04 42 23 59 65,administration@lyceecelony.com,,,43.52972143733798,5.437505553182978,Sainte Victoire
0133428F,École élémentaire Marcel Pagnol,École,Public,avenue Lacanau,13700,Marignane,04 42 89 04 89,ce.0133428F@ac-aix-marseille.fr,,Marignane,43.40463996255452,5.249810166136809,La Nerthe
0133430H,École primaire Plan de Clavel,École,Public,rue Georges Gros,13330,Pélissanne,04 90 55 17 90,ce.0133430H@ac-aix-marseille.fr,,Salon de Provence,43.636540986019895,5.144620067023607,Salon
0133431J,École maternelle Marcel Pagnol,École,Public,avenue Lacanau,13700,Marignane,04 42 75 09 09,ce.0133431J@ac-aix-marseille.fr,,Marignane,43.40427373021167,5.24985016372324,La Nerthe
0133432K,École maternelle des Tilleuls,École,Public,3bis chemin des Saules,13150,Boulbon,04 90 43 95 25,ce.0133432K@ac-aix-marseille.fr,,Saint Rémy de Provence,43.86033503425259,4.694089829497417,Camargue
0133445Z,Collège Vitagliano,Collège,Privé,5 rue Antoine Pons,13004,Marseille,04 95 08 01 40,anne.imbert@apprentis-auteuil.org,,,43.29720151973476,5.401923866900471,Marseille Collines
0133446A,Lycée Hamaskaïne,Lycée,Privé,60 boulevard Pinatel,13012,Marseille,04 91 93 75 25,secretariat@hamaskaine-france.com,,,43.31487406153795,5.441360062119766,Marseille Collines
0133449D,Collège Pierre Matraja,Collège,Public,route de Martigues,13960,Sausset-les-Pins,04 42 44 95 36,ce.0133449D@ac-aix-marseille.fr,,Arles - ASH Ouest,43.33874896704455,5.101543094031151,Cote Bleue
0133451F,Collège Jean Zay,Collège,Public,CD 56,13790,Rousset,04 42 29 00 40,ce.0133451F@ac-aix-marseille.fr,,Marseille - ASH,43.47875685440376,5.625558837218957,Sainte Victoire
0133474F,Lycée polyvalent Marie Gasquet,Lycée,Privé,38 rue des Electriciens,13012,Marseille,04 91 85 10 81,ce.0133474f@ac-aix-marseille.fr,,,43.30491597308443,5.4171935214377465,Marseille Collines
0133476H,Collège privé la Nouvelle Alliance,Collège,Privé Hors Contrat,allée du Docteur Bianchi,13540,Aix-en-Provence,04 42 95 08 19,nouvall@free.fr,,,43.52065723922644,5.372739576587394,Sainte Victoire
0133490Y,Collège Yves Montand,Collège,Public,121 chemin du Vallon Vert,13190,Allauch,04 91 10 41 00,ce.0133490Y@ac-aix-marseille.fr,,Aix - ASH Est,43.33620231988846,5.4641499746833455,Marseille Étoile
0133492A,Collège Jean Bernard,Collège,Public,boulevard de la Reine Jeanne,13300,Salon-de-Provence,04 90 56 82 40,ce.0133492A@ac-aix-marseille.fr,,Marseille - ASH,43.6345019269977,5.093480177912255,Salon
0133494C,Collège Hamaskaïne,Collège,Privé,60 boulevard Pinatel,13012,Marseille,04 91 93 75 25,ce.0133494c@ac-aix-marseille.fr,,,43.315062232876535,5.440998261909715,Marseille Collines
0133510V,Collège Ubelka,Collège,Public,avenue Anne Frank,13390,Auriol,04 42 70 89 20,ce.0133510V@ac-aix-marseille.fr,,Marseille - ASH,43.36991331197661,5.647770335573356,Le Garlaban
0133515A,École privée Collel (École Secondaire),Collège,Privé Hors Contrat,43 chemin du Vallon de Toulouse,13010,Marseille 10e  Arrondissement,04 91 75 28 64,ecolecollel@gmail.com,,,43.26688053462032,5.425088676493807,Marseille Huveaune
0133525L,Lycée International Georges Duby,Lycée,Public,200 rue Georges Duby,13080,Aix-en-Provence,04 42 60 86 00,ce.0133525L@ac-aix-marseille.fr,,,43.47970016002568,5.41167007890441,Sainte Victoire
0133544G,Collège Ort-Bramson,Collège,Privé,9 rue des Forges,13010,Marseille,04 91 29 61 33,marseille@ort.asso.fr,,,43.27924482597733,5.410307264246473,Marseille Huveaune
0133554T,Lycée technologique privé le Rocher,Lycée,Privé,42 boulevard Ledru Rollin,13300,Salon-de-Provence,04 90 56 13 79,ce.0133554t@ac-aix-marseille.fr,,,43.644765390953005,5.094670566431008,Salon
0133555U,Lycée Ami,Lycée,Privé,47 rue Saint-Suffren,13006,Marseille,04 96 10 08 50,gan-ami@wanadoo.fr,,,43.28733744967698,5.381567707555141,Marseille Calanques
0133558X,École maternelle la Cabro d'Or,École,Public,Domaine,13116,Vernègues,04 90 59 15 08,ce.0133558X@ac-aix-marseille.fr,,Peyrolles,43.69611590144985,5.206771428653612,Salon
0133559Y,École primaire privée Ades,École,Privé,77 rue Pierre Doize,13010,Marseille 10e  Arrondissement,04 91 45 33 34,ecoleh.m@gmail.com,,Écoles privées,43.278796976217365,5.428257793347817,Marseille Huveaune
0133621R,Collège Françoise Dolto,Collège,Public,1521 route Jean Moulin,13670,Saint-Andiol,04 32 61 04 00,ce.0133621R@ac-aix-marseille.fr,,Marseille - ASH,43.82172785383683,4.948129794161241,Luberon
0133631B,École élémentaire Camille Claudel,École,Public,avenue d'Agliana,13370,Mallemort,04 90 59 16 27,ce.0133631B@ac-aix-marseille.fr,,Peyrolles,43.724786626554135,5.17997027173933,Salon
0133633D,École élémentaire Arenc Bachas Extérieur,École,Public,61 lieu-dit traverse du Bachas,13015,Marseille 15e  Arrondissement,04 91 62 75 77,ce.0133633D@ac-aix-marseille.fr,REP+,Marseille  la Joliette,43.32021773069143,5.37036571042661,Marseille Madrague
0133653A,École maternelle Eugène Brémond,École,Public,quartier Rostolane,13540,Aix-en-Provence,04 42 28 05 68,ce.0133653A@ac-aix-marseille.fr,,Aix - Touloubre,43.577863772526186,5.423359621906157,Sainte Victoire
0133654B,École maternelle les Alpilles,École,Public,groupe Ch.Piquet -Av des Ecoles,13520,Maussane-les-Alpilles,04 90 54 51 09,ce.0133654B@ac-aix-marseille.fr,,Saint Martin de Crau,43.72197231459682,4.803180190282381,Camargue
0133655C,École élémentaire Maurice Korsec,École,Public,2 rue Maurice Korsec,13001,Marseille  1er Arrondissement,04 91 90 15 76,ce.0133655C@ac-aix-marseille.fr,REP+,Marseille St Charles,43.30051534684979,5.3794603079442975,Marseille Vieux Port
0133656D,École maternelle Fiolle-Falque,École,Public,69 bis rue du Docteur Fiolle,13006,Marseille  6e  Arrondissement,04 91 37 10 96,ce.0133656D@ac-aix-marseille.fr,,Marseille Mazargues,43.28409349008457,5.379179407203655,Marseille Calanques
0133660H,École primaire privée Gan M.Mordekhai,École,Privé,112 boulevard Barry,13013,Marseille 13e  Arrondissement,04 91 06 02 09,ce.0133660H@ac-aix-marseille.fr,,Écoles privées,43.319818923483474,5.413289767845025,Marseille Collines
0133665N,Collège Olympe de Gouges,Collège,Public,avenue Louis Pasteur,13380,Plan-de-Cuques,04 91 61 05 18,ce.0133665N@ac-aix-marseille.fr,,Aix - ASH Est,43.353171377224776,5.467160140678223,Marseille Étoile
0133676A,École élémentaire Eugène Brémond,École,Public,avenue Verte Campagne,13540,Aix-en-Provence,04 42 28 61 78,ce.0133676A@ac-aix-marseille.fr,,Aix - Touloubre,43.57837326068071,5.4233600870440215,Sainte Victoire
0133683H,École de Coiffure Leader (École Secondaire professionnelle privée),Lycée,Privé Hors Contrat,441 avenue du Prado,13008,Marseille  8e  Arrondissement,04 96 20 34 34,rogerpara.copieur@gmail.com,,,43.26685042654325,5.38293000489356,Marseille Calanques
0133762U,École primaire l'Olivier,École,Privé Hors Contrat,5 boulevard Giraud,13014,Marseille 14e  Arrondissement,04 91 58 17 53,ecole.olivier@sfr.fr,,Privé Hors Contrat,43.3253593806067,5.374630489697255,Marseille Madrague
0133765X,Collège Marc Ferrandi,Collège,Public,108 avenue du 8 Mai 1945,13240,Septèmes-les-Vallons,04 96 15 50 50,ce.0133765x@ac-aix-marseille.fr,,Marseille - ASH,43.40801926411576,5.37095999727625,Marseille Étoile
0133775H,Collège Marie Laurencin,Collège,Public,traverse du Colonel,13014,Marseille,04 91 84 01 40,ce.0133775H@ac-aix-marseille.fr,REP+,Marseille - ASH,43.32037096854043,5.38785964493626,Marseille Vieux Port
0133777K,École maternelle Saint Étienne du Gres,École,Public,rue de la République,13103,Saint-Etienne-du-Grès,04 90 49 15 31,ce.0133777K@ac-aix-marseille.fr,,Saint Rémy de Provence,43.78158425901759,4.72507031864044,Camargue
0133788X,Collège Jean-Claude Izzo,Collège,Public,2 place d'Espercieux,13002,Marseille,04 91 01 55 10,ce.0133788x@ac-aix-marseille.fr,REP+,Marseille - ASH,43.30735309691616,5.369271084312032,Marseille Vieux Port
0133789Y,Collège François Mitterrand,Collège,Public,406 bis route de Gardanne,13109,Simiane-Collongue,04 42 54 69 20,ce.0133789Y@ac-aix-marseille.fr,,Aix - ASH Est,43.43324181049773,5.439049694891097,Sainte Victoire
0133790Z,Collège Lucie Aubrac,Collège,Public,les Coudoulières,13430,Eyguières,04 90 17 47 80,ce.0133790z@ac-aix-marseille.fr,,Arles - ASH Ouest,43.68683289902781,5.02945061495791,Salon
0133799J,École Secondaire privée Or Aviv,Collège,Privé Hors Contrat,62 chemin des Campanules,13012,Marseille 12e  Arrondissement,04 91 76 09 84,associationparie@hotmail.fr,,,43.29906163466398,5.449249547721204,Marseille Collines
0133811X,École primaire privée GSBE,École,Privé,329 boulevard Michelet,13009,Marseille  9e  Arrondissement,04 91 32 05 20,administratif@bneielazar.fr,,Écoles privées,43.25763294390042,5.400009387087792,Marseille Calanques
0133818E,École primaire des Hameaux,École,Public,quartier du Pigeonnier,13720,La Bouilladisse,04 42 62 82 31,ce.0133818E@ac-aix-marseille.fr,,Aubagne,43.404019678249824,5.60987039332742,Le Garlaban
0133819F,École maternelle Desiree Clary,École,Public,24 rue Desirée Clary,13002,Marseille  2e  Arrondissement,04 91 31 66 49,ce.0133819F@ac-aix-marseille.fr,REP+,Marseille  la Joliette,43.308600415310174,5.370299639209793,Marseille Vieux Port
0133820G,École maternelle Château Gombert Athena,École,Public,rue Robert de Roux,13013,Marseille 13e  Arrondissement,04 91 61 81 52,ce.0133820G@ac-aix-marseille.fr,,Allauch Plan-de-Cuques Château Gombert,43.33734233463712,5.445409498473393,Marseille Étoile
0133821H,École élémentaire Château Gombert Athena,École,Public,13 rue Robert de Roux,13013,Marseille 13e  Arrondissement,04 91 61 81 60,ce.0133821H@ac-aix-marseille.fr,,Allauch Plan-de-Cuques Château Gombert,43.33777438457542,5.4469198335213,Marseille Étoile
0133822J,Lycée Saint-Jean de Garguier,Lycée,Privé,chemin du Puits,13420,Gémenos,04 42 18 88 18,,,,43.28476958119997,5.61787281633418,Le Garlaban
0133827P,École Secondaire Gan Mordekhaï,Collège,Privé,112 boulevard Barry,13013,Marseille,04 91 06 00 61,secretariat.general@jloubavitch.com,,,43.31983816243673,5.412427713883483,Marseille Collines
0133829S,École primaire International School of Marseille,École,Privé Hors Contrat,27 boulevard de la Corderie,13007,Marseille  7e  Arrondissement,04 91 53 00 00,schazot@ismarseille.com,,Privé Hors Contrat,43.29033732161884,5.369970276485392,Marseille Vieux Port
0133866G,École Secondaire privée Bnei Elazar,Collège,Privé,329 boulevard Michelet,13009,Marseille,04 91 320 520,bnei.elazar@wanadoo.fr,,,43.25956177093969,5.413931414270653,Marseille Calanques
0133881Y,Collège Germaine Tillion,Collège,Public,26 avenue des Caillols,13012,Marseille,04 91 43 49 70,ce.0133881Y@ac-aix-marseille.fr,,Marseille - ASH,43.3022932659492,5.424392241555207,Marseille Collines
0133894M,École maternelle Louise Michel,École,Public,quartier Beaudinard,13400,Aubagne,04 42 84 55 29,ce.0133894M@ac-aix-marseille.fr,,Aubagne,43.31602373611875,5.588739483722828,Le Garlaban
0133896P,École primaire Capelette Cap Est,École,Public,45 rue Charles Cerrato,13010,Marseille 10e  Arrondissement,04 91 16 72 20,ce.0133896P@ac-aix-marseille.fr,,Marseille Capelette,43.28156337351645,5.397880103420613,Marseille Huveaune
0133897R,École maternelle Lucie Aubrac,École,Public,436 chemin de la Chapelle,13300,Salon-de-Provence,04 90 42 54 39,ce.0133897R@ac-aix-marseille.fr,,Salon de Provence,43.643627748606285,5.059190141759417,Salon
0133898S,École maternelle François Moisson République,École,Public,26 rue François Moisson,13002,Marseille  2e  Arrondissement,04 91 52 77 73,ce.0133898S@ac-aix-marseille.fr,REP+,Marseille  la Joliette,43.3014400458173,5.369240032375082,Marseille Vieux Port
0133913H,Lycée technologique privé Hors Contrat Celony,Lycée,Privé,4 bis avenue Delattre de Tassigny,13100,Aix-en-Provence,,,,,43.53047702069064,5.43789021943843,Sainte Victoire
0133920R,École maternelle Bernard Cadenat,École,Public,7 rue Jobin,13003,Marseille  3e  Arrondissement,04 91 95 14 52,ce.0133920R@ac-aix-marseille.fr,REP+,Marseille Belle de Mai,43.31132492998784,5.388400637179717,Marseille Vieux Port
0133931C,Lycée Notre-Dame de la Viste,Lycée,Privé,111 chemin Henri Beyle,13314,Marseille,04 91 60 90 57,ecole-ndv@wanadoo.fr,,,43.35249203125562,5.358777092437762,Marseille Madrague
0133936H,École primaire Robert Schuman,École,Privé,128 rue Peyssonnel,13003,Marseille  3e  Arrondissement,09 64 44 94 80,ce.0133936H@ac-aix-marseille.fr,,Écoles privées,43.30839334607354,5.372190241269021,Marseille Vieux Port
0133938K,École Secondaire Haya Mouchka,Collège,Privé Hors Contrat,77 rue Pierre Doize,13010,Marseille 10e  Arrondissement,04 91 45 33 34,ecolehayamouchka@free.fr,,,43.27861715101339,5.428250222151841,Marseille Huveaune
0133948W,École primaire Juive d'Aix en Provence (EJAP),École,Privé,5 rue de Jérusalem,13080,Aix-en-Provence,04 42 54 56 80,ce.0133948W@ac-aix-marseille.fr,,Écoles privées,43.524618442032285,5.442990623606998,Sainte Victoire
0133949X,École primaire les Pinèdes,École,Public,quartier les Pinedes,13680,Lançon-Provence,04 90 45 50 45,ce.0133949X@ac-aix-marseille.fr,,Salon de Provence,43.59657137061597,5.134450496536433,Salon
0133950Y,École primaire Claire Dauphin,École,Public,Zone des Artauds,13390,Auriol,04 42 32 82 13,ce.0133950Y@ac-aix-marseille.fr,,Trets,43.36805730843893,5.643719547739203,Le Garlaban
0133951Z,École primaire Pierre Gilles de Gennes,École,Public,165 rue du Jas des Vaches,13100,Aix-en-Provence,04 42 39 20 42,ce.0133951Z@ac-aix-marseille.fr,,Aix - Vallée de l'Arc,43.48706118130705,5.344373484181059,Sainte Victoire
0133961K,École Silvya Terrade - Mirabeau,Lycée,Privé Hors Contrat,13 avenue Emile Zola,13170,Les Pennes-Mirabeau,04 42 09 23 19,mirabeau@groupe-terrade.com,,,43.41755871814545,5.288380525900713,La Nerthe
0133975A,École primaire Internationale de Méditerranée,École,Privé Hors Contrat,600 route de Marseille,13080,Aix-en-Provence,,ctambon@epim-mis.com,,Privé Hors Contrat,43.474730280656,5.409299862791423,Sainte Victoire
0133986M,Collège Ibn Khaldoun,Collège,Privé,50 boulevard Viala,13015,Marseille,04 91 48 95 68,,,,43.33507373147014,5.360909728147842,Marseille Madrague
0133992U,Collège Louis Philibert,Collège,Public,1 allée des Tilleuls,13610,le Puy-Sainte-Réparade,04 42 65 85 66,ce.0133992u@ac-aix-marseille.fr,,Aix - ASH Est,43.66554130210324,5.443965243672772,Sainte Victoire
0133994W,École primaire privée Boutons d'Or,École,Privé Hors Contrat,385 rue Serpentine,13510,Eguilles,04 42 24 14 18,info@steiner-aix.org,,Privé Hors Contrat,43.54596006906746,5.3625797209374655,Sainte Victoire
0133998A,École élémentaire Chevalier Paul,École,Public,74 rue Chevalier Paul,13002,Marseille  2e  Arrondissement,04 91 93 47 51,ce.0133998A@ac-aix-marseille.fr,REP+,Marseille  la Joliette,43.309465358422585,5.3692703984051136,Marseille Vieux Port
0134000C,Sainte Victoire International School,Lycée,Privé Hors Contrat,chemin de Maurel,13710,Fuveau,06 47 00 76 72,infos@sivis.fr,,,43.46346065999472,5.595830599782083,Sainte Victoire
0134001D,École primaire Club Amadeus,École,Privé Hors Contrat,90 chemin la Croix de Garlaban,13400,Aubagne,04 42 03 39 21,sandrinecorradi@hotmail.com,,Privé Hors Contrat,43.31299680860557,5.563170259743744,Le Garlaban
0134003F,Lycée polyvalent Nelson Mandela,Lycée,Public,rue Louis Reybaud,13012,Marseille,04 91 18 02 50,ce.0134003f@ac-aix-marseille.fr,,,43.29790520542149,5.42642444275718,Marseille Collines
0134004G,Lycée Saint-Charles,Lycée,Privé,9 rue de la Méditerranée,13310,Saint-Martin-de-Crau,04 90 18 59 03,ce.0134004g@ac-aix-marseille.fr,,,43.64037978650244,4.795270398766515,Camargue
0134010N,Académie d'Art Dentaire,Lycée,Privé Hors Contrat,2 rue Jean Andreani,13100,Aix-en-Provence,04 42 39 76 70,administration.aix@groupeipso.fr,,,43.51250223922286,5.436319836684815,Sainte Victoire
0134022B,Collège Louise Michel,Collège,Public,73 rue Alfred Curtel,13010,Marseille,04 96 20 61 70,ce.0134022b@ac-aix-marseille.fr,REP,Marseille - ASH,43.27658883799274,5.408539592042221,Marseille Huveaune
0134023C,SEGPA Collège Louise Michel,Collège,Public,73 rue Alfred Curtel,13362,Marseille 10e  Arrondissement,04 96 20 61 70,ce.0134023C@ac-aix-marseille.fr,,Aix - ASH Est,43.27658883799274,5.408539592042221,Marseille Huveaune
0134027G,École primaire Es-en-Ciel,École,Privé Hors Contrat,31 chemin Saint-Martin,13080,Aix-en-Provence,06 95 95 93 43,ecoleesenciel@hotmail.com,,Privé Hors Contrat,43.56443691640706,5.404370213437065,Sainte Victoire
0134028H,École primaire la Roque Martine,École,Public,1 chemin Lou Ben Dou Souda,13710,Fuveau,04 42 22 80 37,ce.0134028H@ac-aix-marseille.fr,,Aix - Ste Victoire,43.45807896855016,5.560250309187521,Sainte Victoire
0134030K,École primaire Val Saint André,École,Privé Hors Contrat,19 avenue,13080,Aix-en-Provence,04 42 27 14 47,ecolevsa@hotmail.fr,,Privé Hors Contrat,43.52487833919435,5.4309402716720045,Sainte Victoire
0134038U,École privée Pigier le Cours Messidoro,Lycée,Privé Hors Contrat,146 avenue de Toulon,13010,Marseille 10e  Arrondissement,04 95 05 18 80,marseille@pigier.com,,,43.28461714887101,5.392756741159417,Marseille Huveaune
0134040W,École primaire l'Université des Petits,École,Privé Hors Contrat,134 rue des Poivriers,13320,Bouc-Bel-Air,04 91 65 19 23,contact@universitedespetits.com,,Privé Hors Contrat,43.406896892986616,5.330249618002624,La Nerthe
0134042Y,École maternelle Mireille Feraud Foesser,École,Public,boulevard Mendès France,13220,Châteauneuf-les-Martigues,04 42 74 20 25,ce.0134042Y@ac-aix-marseille.fr,,Châteauneuf,43.38779613043626,5.170939862785587,Cote Bleue
0134043Z,École élémentaire Mireille Feraud Foesser,École,Public,boulevard Mendès France,13220,Châteauneuf-les-Martigues,04 42 74 20 20,ce.0134043Z@ac-aix-marseille.fr,,Châteauneuf,43.38840539190016,5.173989875654258,Cote Bleue
0134058R,École maternelle Maria-Fabry,École,Public,chemin de Roumagoua,13600,La Ciotat,04 42 83 29 79,ce.0134058R@ac-aix-marseille.fr,,La Ciotat,43.20236889300286,5.607100211397073,Le Garlaban
0134059S,École maternelle Saint Savournin,École,Public,62 rue Saint Savournin,13001,Marseille  1er Arrondissement,04 91 37 71 61,ce.0134059S@ac-aix-marseille.fr,,Marseille Longchamp,43.29742273012783,5.387350365200173,Marseille Vieux Port
0134062V,École élémentaire Ste Victoire International School,École,Privé Hors Contrat,Domaine Chateau l'Arc,13710,Fuveau,04 42 26 51 96,info@svis.fr,,Privé Hors Contrat,43.46357250429705,5.596159436401001,Sainte Victoire
0134086W,École maternelle privé Hors Contrat la Souris Verte,École,Privé Hors Contrat,30 impasse des Roses,13580,La Fare-les-Oliviers,06 68 16 93 33,associationlasourisverte@yahoo.fr,,Privé Hors Contrat,43.549802270249664,5.1890530998149735,Salon
0134090A,Établissement Secondaire privé Gan Mordekhai,Lycée,Privé Hors Contrat,112 boulevard Barry,13013,Marseille 13e  Arrondissement,04 91 06 00 61,accueil@jloubavitch.com,,,43.32017858749759,5.413304827775876,Marseille Collines
0134094E,Collège Sophie Germain,Collège,Public,90 rue Pierre Bartoletti,13080,Aix-en-Provence,04 42 28 29 50,ce.0134094E@ac-aix-marseille.fr,,Aix - ASH Est,43.48199961531119,5.411320312929174,Sainte Victoire
0134095F,École primaire Ahmed Litim,École,Public,12 rue Bugeaud,13003,Marseille  3e  Arrondissement,04 91 50 52 84,ce.0134095F@ac-aix-marseille.fr,REP+,Marseille St Charles,43.30720245545279,5.384430430012317,Marseille Vieux Port
0134096G,École primaire Michelet Foch,École,Public,21 avenue Maréchal Foch,13004,Marseille  4e  Arrondissement,04 91 09 96 28,ce.0134096G@ac-aix-marseille.fr,,Marseille Longchamp,43.30111820321003,5.39912964167192,Marseille Collines
0134097H,École primaire Mélinée et Missak Manouchian,École,Public,rue Edouard Alexander,13010,Marseille 10e  Arrondissement,04 13 94 80 18,ce.0134097H@ac-aix-marseille.fr,REP,Marseille Capelette,43.27881675350339,5.405689916386722,Marseille Huveaune
0134098J,HEDER privé KLC,Collège,Privé Hors Contrat,177 rue Paradis,13006,Marseille  6e  Arrondissement,04 84 18 89 53,enseignement.heder.klc@gmail.com,,,43.28560206354106,5.380149562602537,Marseille Calanques
0134101M,Lycée polyvalent privé Saint-Louis,Lycée,Privé,538 chemin de la Madrague-Ville,13015,Marseille,04 91 65 88 20,ce.0134101M@ac-aix-marseille.fr,,,43.34696856228714,5.355397620915075,Marseille Madrague
0134107U,Lycée général Ibn Khaldoun,Lycée,Privé,50 boulevard Viala,13015,Marseille,04 91 48 95 68,,,,43.33508448753786,5.360416985697404,Marseille Madrague
0134112Z,École Secondaire privée Domaine-Du-Possible,Collège,Privé Hors Contrat,route de la Volpelière,13104,Arles,06 11 96 77 23,accueil@ecole-domaine-du-possible.fr,,,43.58149326578188,4.707899819621541,Camargue
0134120H,École primaire Saint Ser,École,Privé Hors Contrat,10 avenue des Liberateurs,13080,Aix-en-Provence,06 23 17 51 08,direction@ecole-ser.org,,Privé Hors Contrat,43.483839062568805,5.419901122722556,Sainte Victoire
0134121J,École primaire privé Hors Contrat Cours Frédéric Ozanam,École,Privé Hors Contrat,61 rue Alphonse Daudet,13013,Marseille 13e  Arrondissement,04 84 26 90 22,ecole@coursozanam.fr,,Privé Hors Contrat,43.3193024878592,5.408519998833588,Marseille Vieux Port
0134129T,École primaire privée - Domaine du Possible,École,Privé,route de la Volpelière,13104,Arles,06 24 01 91 60,ce.0134129t@ac-aix-marseille.fr,,Écoles privées,43.66017268300747,4.751088504322111,Camargue
0134133X,École primaire des Gonagues,École,Public,chemin Gonagues,13190,Allauch,04 86 67 46 80,ce.0134133X@ac-aix-marseille.fr,,Allauch Plan-de-Cuques Château Gombert,43.35108371169709,5.486989425456371,Marseille Étoile
0134147M,Es en Ciel,Collège,Privé Hors Contrat,31 chemin St Martin,13080,Aix-en-Provence,06 95 95 93 43,contact@ecole-es-en-ciel.fr,,,43.56455883664877,5.404189634387999,Sainte Victoire
0134154V,École primaire privée de Frigolet,École,Privé Hors Contrat,route de Frigolet,13150,Tarascon,06 83 75 64 02,ecolefrigolet@gmail.com,,Privé Hors Contrat,43.85913512035173,4.72813002534355,Camargue
0134155W,Lycée polyvalent Simone Veil,Lycée,Public,avenue des Pâquerettes,13013,Marseille,04 91 81 59 11,ce.0134155w@ac-aix-marseille.fr,,,43.34564140278093,5.413880662607896,Marseille Étoile
0134157Y,École Internationale Montessori Esclaibes,École,Privé Hors Contrat,7 rue Gaston de Flotte,13012,Marseille 12e  Arrondissement,06 48 72 18 29,marseille@montessoriesclaibes.com,,Privé Hors Contrat,43.29674438962884,5.423970397615426,Marseille Collines
0134158Z,École maternelle privée Montessori Marseille 4,École,Privé Hors Contrat,16 rue Roussel Doria,13004,Marseille  4e  Arrondissement,09 50 89 69 22,info@montessori-marseille.fr,,Privé Hors Contrat,43.299098710333645,5.398599548163123,Marseille Collines
0134162D,École primaire privée Pot-en-Ciel,École,Privé Hors Contrat,36 avenue de la Babiole,13320,Bouc-Bel-Air,06 24 01 91 60,ce.0134162D@ac-aix-marseille.fr,,Privé Hors Contrat,43.43634513109925,5.403419794532036,Sainte Victoire
0134163E,École primaire privée de la Culture et de l'Éducation,École,Privé Hors Contrat,5 place Joseph Lanibois,13015,Marseille 15e  Arrondissement,09 53 97 47 45,ce.0134163e@ac-aix-marseille.fr,,Privé Hors Contrat,43.358716263938085,5.357300206442123,Marseille Madrague
0134167J,École primaire Rouet Charles Alle,École,Public,2 place Louis Ducreux,13008,Marseille  8e  Arrondissement,04 96 19 08 15,ce.0134167J@ac-aix-marseille.fr,,Marseille Mazargues,43.28021201226302,5.391650130061489,Marseille Calanques
0134168K,École primaire Sainte Marthe Audisio,École,Public,rue Gabriel Audisio,13014,Marseille 14e  Arrondissement,04 91 56 15 46,ce.0134168K@ac-aix-marseille.fr,,Marseille le Merlan,43.34286460891218,5.399289652541964,Marseille Étoile
0134169L,École primaire privée Hors Contrat Couleurs d'Avenir,École,Privé Hors Contrat,1 avenue de l'Homme À la Fenêtre,13220,Châteauneuf-les-Martigues,06 51 95 95 19,ce.0134169L@ac-aix-marseille.fr,,Privé Hors Contrat,43.39175800794538,5.144561466838908,Cote Bleue
0134225X,École primaire publique André Allar,École,Public,rue André Allar,13015,Marseille 15e  Arrondissement,04 13 94 80 01,ce.0134225X@ac-aix-marseille.fr,REP+,Marseille Madrague,43.32457577326678,5.364350457046066,Marseille Madrague
0134229B,École primaire publique Jean d'Ormesson,École,Public,impasse de la Grand Piece,13600,Ceyreste,04 42 70 58 60,ce.0134229B@ac-aix-marseille.fr,,La Ciotat,43.21198621031331,5.624550467074177,Le Garlaban
0134230C,École maternelle publique de l'Arcoule,École,Public,rue de l'Ancienne Gare,13520,Paradou,04 90 93 79 25,ce.0134230C@ac-aix-marseille.fr,,Saint Martin de Crau,43.72347427567978,4.7930604966513535,Camargue
0134231D,École élémentaire Madrague Ville Oddo,École,Public,141 chemin de la Madrague Ville,13002,Marseille  2e  Arrondissement,04 91 58 00 71,ce.0134231D@ac-aix-marseille.fr,REP+,Marseille Madrague,43.32697432684728,5.361422374670122,Marseille Madrague
0134232E,École primaire publique Simone Veil,École,Public,90 impasse de la Draille,13100,Aix-en-Provence,04 42 93 08 30,ce.0134232E@ac-aix-marseille.fr,,Aix - Vallée de l'Arc,43.49647977598763,5.352351774505515,Sainte Victoire
0134235H,École primaire privée Montessori 21 Marseille,École,Privé Hors Contrat,47 rue Falque,13006,Marseille  6e  Arrondissement,,christelle.zeller@montessouri21.org,,Privé Hors Contrat,43.28398428193232,5.381399667928402,Marseille Calanques
0134238L,École primaire privée des Graines d'Arc en Siècle,École,Privé Hors Contrat,21 rue Cougit,13015,Marseille 15e  Arrondissement,,ce.0134238L@ac-aix-marseille.fr,,Privé Hors Contrat,43.32182924770243,5.3683697180141285,Marseille Madrague
0134239M,École maternelle privée Hors Contrat IRISIA International School Luynes,École,Privé Hors Contrat,505 route de Bouc Bel Air,13090,Aix-en-Provence,06 62 53 35 06,ce.0134239M@ac-aix-marseille.fr,,Privé Hors Contrat,43.48073373651424,5.374431536154817,Sainte Victoire
0134240N,École élémentaire publique Révolution Vaillant,École,Public,45 rue Edouard Vaillant,13003,Marseille  3e  Arrondissement,04 91 47 81 72,ce.0134240N@ac-aix-marseille.fr,REP+,Marseille Belle de Mai,43.31577560462882,5.38018765563169,Marseille Vieux Port
0134244T,École primaire privée Hors Contrat Teranga Montessori,École,Privé Hors Contrat,387 avenue Plan de Campagne,13170,Les Pennes-Mirabeau,,terangamontessori@gmail.com,,Privé Hors Contrat,43.41089619267614,5.325330080296505,La Nerthe
0134245U,Collège privé Notre Dame,Collège,Privé,traverse Théodore Aubanel,13140,Miramas,06 44 32 46 45,admi-pres@wanadoo.fr,,,43.5879787995529,4.999737358043085,La Crau
0134250Z,Lycée général privé Bnei Elazar,Lycée,Privé,50-52 boulevard de la Gaye,13009,Marseille,04 91 20 29 13,,,,43.25763378834823,5.400011884859197,Marseille Calanques
0134252B,Lycée régional Jean d'Ormesson,Lycée,Public,860 avenue Jean Mermoz,13831,Châteaurenard,04 90 20 59 50,ce.0134252b@ac-aix-marseille.fr,,,43.88059032665315,4.86783258983226,Avignon
0134253C,Lycée régional Monte-Cristo,Lycée,Public,1920 avenue de Provence,13190,Allauch,04 91 64 19 23,ce.0134253c@ac-aix-marseille.fr,,,43.32395935535817,5.472779820483978,Marseille Étoile
0134267T,École maternelle Marie Mauron,École,Public,6 chemin de Vignon,13180,Gignac-la-Nerthe,04 42 30 59 54,ce.0134267T@ac-aix-marseille.fr,,Châteauneuf,43.38768689078569,5.215594518158449,La Nerthe
0134269V,École maternelle Nelson Mandela,École,Public,5 chemin des Minots,13180,Gignac-la-Nerthe,04 42 31 13 28,ce.0134269V@ac-aix-marseille.fr,,Châteauneuf,43.39102039395036,5.238648591547388,La Nerthe
0134270W,École élémentaire Marie Mauron,École,Public,avenue Jean Jaurès,13180,Gignac-la-Nerthe,07 86 39 38 90,ce.0134270W@ac-aix-marseille.fr,,Châteauneuf,43.393266240738406,5.237237671549035,La Nerthe
0134271X,École élémentaire Nelson Mandela,École,Public,1 chemin des Minots,13180,Gignac-la-Nerthe,04 42 31 13 27,ce.0134271X@ac-aix-marseille.fr,,Châteauneuf,43.3910127427876,5.239018524004881,La Nerthe
0134272Y,École primaire Arnaud Beltrame,École,Public,boulevard Danton,13300,Salon-de-Provence,04 90 56 82 72,ce.0134272Y@ac-aix-marseille.fr,,Salon de Provence,43.63926987234912,5.0871091153995645,Salon
0134273Z,École primaire Chanterelle,École,Public,33 rue Commandant Mages,13001,Marseille  1er Arrondissement,04 13 94 80 03,ce.0134273Z@ac-aix-marseille.fr,,Marseille Longchamp,43.3036337328235,5.390026569016359,Marseille Vieux Port
0134274A,École primaire Maurice Gouin,École,Public,chemin de Capeau,13800,Istres,04 13 29 56 93,ce.0134274A@ac-aix-marseille.fr,,Istres,43.50921492310262,4.967575466030364,La Crau
0134279F,École primaire les Graines du Savoir,École,Privé Hors Contrat,29 boulevard Jean Barbieri,13015,Marseille 15e  Arrondissement,07 69 18 20 50,ce.0134279F@ac-aix-marseille.fr,,Privé Hors Contrat,43.34958666963727,5.358247452315786,Marseille Madrague
0134282J,École primaire Montessori Internationale de Cabries,École,Privé Hors Contrat,avenue Raymond Martin,13480,Cabriès,06 10 03 30 78,ecolemontessoricabries@gmail.com,,Privé Hors Contrat,43.4458170805817,5.350394618073058,Sainte Victoire
0134283K,École primaire privée Gift School,École,Privé Hors Contrat,110 chemin de Peyres,13122,Ventabren,06 95 54 13 01,karineravel@yahoo.fr,,Privé Hors Contrat,43.544508635166586,5.326140323217971,La Nerthe
0134285M,Gift School,Collège,Privé Hors Contrat,chemin de la Peyres,13122,Ventabren,06 95 54 13 01,direction.giftschool@gmail.com,,,43.54420579826016,5.326074845770722,La Nerthe
0134320A,École élémentaire publique Antoine de Ruffi,École,Public,2 rue Urbain V,13002,Marseille  2e  Arrondissement,04 13 94 80 11,ce.0134320A@ac-aix-marseille.fr,REP+,Marseille  la Joliette,43.315471183370754,5.368478233866817,Marseille Vieux Port
0134326G,École maternelle publique Antoine de Ruffi,École,Public,2 rue Urbain V,13002,Marseille  2e  Arrondissement,04 13 94 80 10,ce.0134326G@ac-aix-marseille.fr,REP+,Marseille  la Joliette,43.31547927636632,5.3681088037496725,Marseille Vieux Port
0134341Y,École primaire privée IRISIA,École,Privé Hors Contrat,11 avenue Jean Et Marcel Fontenaille,13100,Aix-en-Provence,06 86 27 71 17,ce.0134341Y@ac-aix-marseille.fr,,Privé Hors Contrat,43.53311071812808,5.458798955408774,Sainte Victoire
0134342Z,Collège la Nativité Sainte-Victoire,Collège,Privé,175 rue Gabriel Lippmann,13100,Aix-en-Provence,04 42 93 45 70,secretariat@la-nativite.fr,,,43.483973462046166,5.345807559791777,Sainte Victoire
0134360U,LEAP Domaine du Possible d'Arles,Lycée,Privé,route de Volpeliere,13200,Arles,,,,,43.581493187943934,4.707904769254425,Camargue
0134388Z,École primaire privée Hors Contrat Montessori Internationale Salon de Provence,École,Privé Hors Contrat,boulevard Prince des Baux,13300,Salon-de-Provence,06 17 83 91 33,ce.0134388Z@ac-aix-marseille.fr,,Privé Hors Contrat,43.643979500323,5.089624430519554,Salon
0134391C,SEGPA du Collège Jean-Claude Izzo,Collège,Public,2 place d'Espercieux,13002,Marseille  2e  Arrondissement,04 91 01 55 10,ce.0133788X@ac-aix-marseille.fr,,Aix - ASH Est,43.30761793404817,5.368356455768494,Marseille Vieux Port
0134393E,École maternelle Marcel Pagnol,École,Public,avenue de la Régale,13560,Sénas,04 90 57 28 63,ce.0134393E@ac-aix-marseille.fr,,Saint Martin de Crau,43.74748325869962,5.076038364373422,Luberon
0134394F,École élémentaire Simone Veil,École,Public,avenue de la Régale,13560,Sénas,04 90 59 08 46,ce.0134394F@ac-aix-marseille.fr,,Saint Martin de Crau,43.74747616135199,5.076410621715031,Luberon
0134403R,École élémentaire Jean d'Ormesson,École,Public,ZAC de l'Héritière,13122,Ventabren,04 42 28 15 00,ce.0134403R@ac-aix-marseille.fr,,Aix - Vallée de l'Arc,43.54827203006697,5.297490929786532,La Nerthe
0134404S,École primaire Robert Lagier,École,Public,4 cours Sainte Victoire,13590,Meyreuil,04 65 26 10 99,ce.0134404S@ac-aix-marseille.fr,,Aix - Ste Victoire,43.47273071537573,5.482081481056276,Sainte Victoire
0134405T,École maternelle Emmanuel Nicaise,École,Public,rue Emmanuel Nicaise,13430,Eyguières,04 90 45 20 57,ce.0134405T@ac-aix-marseille.fr,,Saint Martin de Crau,43.692237159894255,5.030369012422358,Salon
0134423M,École primaire privée Hors Contrat Jean Baptiste Fouque,École,Privé Hors Contrat,14 rue Elemir Bourges,13004,Marseille  4e  Arrondissement,06 30 86 78 03,gc.chabaud@ecole-abbefouque.fr,,Privé Hors Contrat,43.29880734297342,5.40170982375179,Marseille Collines
0134430V,Lycée professionnel privé Hors Contrat UIMM Alpes Méditerranée,Lycée,Privé Hors Contrat,chemin des Bellons,13800,Istres,06 07 67 40 77,klouche@cfaiprovence.com,,,43.52812161577604,4.967395583155109,La Crau
0134431W,Collège Caroline Aigle,Collège,Public,275 route de Pélissanne,13680,Lançon-Provence,04 88 60 36 10,ce.0134431w@ac-aix-marseille.fr,,,43.59887721243803,5.129782827341684,Salon
0134435A,École de Production Fask Académy,Lycée,Privé Hors Contrat,35 boulevard Capitaine Gèze,13014,Marseille 14e  Arrondissement,06 23 78 40 04,vpintard@fask-academy.org,,,43.330741071138426,5.372428435734234,Marseille Madrague
0134443J,École maternelle Denise Toros Marter,École,Public,traverse Régny,13009,Marseille  9e  Arrondissement,04 13 94 80 16,ce.0134443J@ac-aix-marseille.fr,,Marseille Capelette,43.26403081708665,5.420573766950912,Marseille Huveaune
0134444K,École élémentaire Denise Toros Marter,École,Public,traverse Régny,13009,Marseille  9e  Arrondissement,04 13 94 80 17,ce.0134444K@ac-aix-marseille.fr,,Marseille Capelette,43.26367116978999,5.420558676370251,Marseille Huveaune
0134445L,École maternelle Jean d'Ormesson,École,Public,ZAC de l'Héritière,13122,Ventabren,04 42 28 15 00,ce.0134445L@ac-aix-marseille.fr,,Aix - Vallée de l'Arc,43.54827464748456,5.297367283955179,La Nerthe
0134457Z,Collège privé Saint Dominique Savio,Collège,Privé Hors Contrat,10 bis rue de l'Église,13090,Aix-en-Provence,,contact@collegesaintdominiquesavio.fr,,,43.50264397565609,5.3885335296982895,Sainte Victoire
0134466J,École Val Saint André,Collège,Privé Hors Contrat,19 avenue Henri Malacrida,13090,Aix-en-Provence,06 25 04 87 81,ecolevsa@hotmail.fr,,,43.51645712207376,5.4671971493744005,Sainte Victoire
0134470N,École de Production Nrsud,Lycée,Privé Hors Contrat,39 rue Joliot Curie,13013,Marseille 13e  Arrondissement,06 75 62 87 74,raphaelletricaud@yahoo.fr,,,43.341539313915256,5.436389691576922,Marseille Étoile
0134472R,Lycée Cité Internationale Jacques Chirac,Lycée,Public,rue Urbain V,13002,Marseille,04 86 83 09 40,ce.0134472R@ac-aix-marseille.fr,,,43.315272976099386,5.367337387272287,Marseille Vieux Port
0134479Y,Collège privé Hors Contrat le Frigolet,Collège,Privé Hors Contrat,Abbaye Saint Michel de Frigolet,13150,Tarascon,06 83 75 64 02,direction.frigolet@gmail.com,,,43.85828688057167,4.728093169474935,Camargue
0134485E,Association M2s Alternative School,Collège,Privé Hors Contrat,511 route de la Seds,13127,Vitrolles,06 01 14 35 49,sabria_oudjedi@hotmail.com,,,43.43071381525157,5.272507096383674,La Nerthe
0134487G,École maternelle publique Michel Serves,École,Public,chemin de la Pierre Vincent,13220,Châteauneuf-les-Martigues,06 24 04 37 47,ce.0134487G@ac-aix-marseille.fr,,Châteauneuf,43.38352707740204,5.155566065778935,Cote Bleue
0134498U,Collège International Esclaibes,Collège,Privé Hors Contrat,7 rue Gaston de Flotte,13012,Marseille 12e  Arrondissement,06 78 96 66 11,marseille@montessoriesclaibes.com,,,43.29591162117413,5.423661850047217,Marseille Collines
0134514L,Lycée privé Haya Mouchka,Lycée,Privé Hors Contrat,18 rue Liandier,13008,Marseille  8e  Arrondissement,04 91 45 33 34,ecolehayamouchka@free.fr,,,43.27763895170856,5.389700742808502,Marseille Calanques
0134522V,Lycée privé Hors Contrat Heder Kehila Lechem Chamaim (KLC),Lycée,Privé Hors Contrat,177 rue Paradis,13006,Marseille  6e  Arrondissement,04 84 18 89 53,,,,43.285626869039056,5.380249139203401,Marseille Calanques
0134529C,Collège Cité Internationale Jacques Chirac,Collège,Public,rue Urbain V,13002,Marseille,04 86 83 09 40,ce.0134472R@ac-aix-marseille.fr,,,43.315041441115234,5.367636011036744,Marseille Vieux Port
0134530D,École élémentaire publique Cité Internationale Jacques Chirac,École,Public,rue Urbain V,13002,Marseille  2e  Arrondissement,04 86 83 09 40,ce.0134530D@ac-aix-marseille.fr,,Marseille  la Joliette,43.31559445793996,5.368890039162675,Marseille Vieux Port
0134531E,École élémentaire publique Simone de Beauvoir,École,Public,1 rue Massena,13003,Marseille  3e  Arrondissement,04 13 94 86 94,ce.0134531E@ac-aix-marseille.fr,REP+,Marseille St Charles,43.30884315110716,5.384469949436123,Marseille Vieux Port
0134532F,École maternelle publique Simone de Beauvoir,École,Public,1 rue Massena,13003,Marseille  3e  Arrondissement,04 13 94 86 95,ce.0134532F@ac-aix-marseille.fr,REP+,Marseille St Charles,43.30885129869188,5.384100564034258,Marseille Vieux Port
0134533G,École maternelle publique les Nouvelles Raumettes,École,Public,3 rue de Provence,13700,Marignane,04 42 09 70 69,ce.0134533G@ac-aix-marseille.fr,REP,Marignane,43.4162551314755,5.224031875580171,La Nerthe
0134538M,Collège privé Hors Contrat CERENE Marseille,Collège,Privé Hors Contrat,18 avenue Jules Cantini,13006,Marseille  6e  Arrondissement,,jerome.gervais@cerene-education.fr,,,43.28452340189158,5.38625216376464,Marseille Calanques
0134539N,École élémentaire privée Hors Contrat CERENE Marseille,École,Privé Hors Contrat,18 avenue Jules Cantini,13006,Marseille  6e  Arrondissement,04 84 89 61 19,viescolaire13@cerene-education.fr,,Privé Hors Contrat,43.28429182020373,5.386550552427559,Marseille Calanques
0134545V,École primaire publique les Fabriques,École,Public,2 rue Pascal Posado,13015,Marseille 15e  Arrondissement,04 88 49 20 19,ce.0134545V@ac-aix-marseille.fr,REP+,Marseille Madrague,43.32504170193788,5.366542902224742,Marseille Madrague
0134547X,SEGPA privée Hors Contrat Ste Élisabeth,Collège,Privé,Vieille route de la Gavotte,13170,Les Pennes-Mirabeau,04 91 51 01 41,lpp@sainteelisabeth.org,,,43.402087666924274,5.352614512740092,Marseille Étoile
0134554E,École élémentaire privée Hors Contrat HEDER Kehila Lechem (KLC),École,Privé Hors Contrat,177 rue Paradis,13006,Marseille  6e  Arrondissement,04 84 18 89 53,,,Privé Hors Contrat,43.28544703954649,5.3802417167717,Marseille Calanques
0134555F,École maternelle privée Hors Contrat la Calendreta,École,Privé Hors Contrat,92 rue Ruffi,13003,Marseille  3e  Arrondissement,06 60 94 99 02,ecoleprovencale@france.fr,,Privé Hors Contrat,43.31373811075306,5.370148552446862,Marseille Vieux Port
0134559K,Collège privé Hors Contrat Jean Baptiste Fouque (AFEM),Collège,Privé Hors Contrat,5 place de l'Archange,13005,Marseille  5e  Arrondissement,06 30 86 78 03,gc.chabaud@ecole-abbefoucque.fr,,,43.296707008274645,5.394074153068848,Marseille Vieux Port
0134565S,Collège privé Hors Contrat l'école de la Culture et de l'Éducation,Collège,Privé Hors Contrat,5 place Joseph Lanibois,13015,Marseille 15e  Arrondissement,09 53 97 47 45,ce.0134565S@ac-aix-marseille.fr,,,43.358719914466384,5.357297888920599,Marseille Madrague
0134578F,École maternelle publique Michel Robert,École,Public,48 rue de l'École,13130,Berre-l'Etang,04 42 02 61 15,ce.0134578F@ac-aix-marseille.fr,REP,Miramas,43.50669814403768,5.135238439484755,La Nerthe
0134587R,Collège privé Hors Contrat Loyola,Collège,Privé Hors Contrat,15 boulevard de Vintimille,13015,Marseille 15e  Arrondissement,06 08 62 73 75,,,,43.32095182318743,5.365267054260603,Marseille Madrague
0134590U,École privée Pigier le Cours Messidoro Site d'Aix en Provence,Lycée,Privé Hors Contrat,580 avenue Tour Sextius le Bizet,13100,Aix-en-Provence,04 95 05 18 80,marseille@pigier.com,,,43.52501847227983,5.4408229675436806,Sainte Victoire
0134605K,Lycée général privé Hors Contrat Collel,Lycée,Privé Hors Contrat,43 chemin du Vallon de Toulouse,13010,Marseille 10e  Arrondissement,,ecolecollel@gmail.com,,,43.266888820693815,5.424719565492174,Marseille Huveaune
0840001V,Lycée polyvalent Charles de Gaulle,Lycée,Public,104 place Charles de Gaulle,84405,Apt,04 90 74 11 19,ce.0840001V@ac-aix-marseille.fr,,,43.87620539295645,5.4000690452277,Luberon
0840003X,Lycée Frédéric Mistral,Lycée,Public,37 rue d'Annanelle,84000,Avignon,04 90 80 45 00,ce.0840003X@ac-aix-marseille.fr,,,43.94722102577662,4.8015709342022594,Avignon
0840004Y,Lycée Théodore Aubanel,Lycée,Public,14 rue Palapharnerie,84025,Avignon,04 90 16 36 00,ce.0840004Y@ac-aix-marseille.fr,,,43.95192931326122,4.812281277118249,Avignon
0840005Z,Lycée polyvalent Philippe de Girard,Lycée,Public,138 route de Tarascon,84082,Avignon,04 13 95 10 00,ce.0840005z@ac-aix-marseille.fr,,,43.92691483931859,4.809175112989619,Avignon
0840006A,Collège Joseph Viala,Collège,Public,35 rue Guillaume Puy,84000,Avignon,04 90 80 71 00,ce.0840006A@ac-aix-marseille.fr,,ASH Vaucluse,43.94784133593764,4.814406607113876,Avignon
0840007B,Collège Joseph Roumanille,Collège,Public,17 avenue de la Croix Rouge,84000,Avignon,04 90 81 49 00,ce.0840007B@ac-aix-marseille.fr,REP+,,43.93454148011538,4.829056460492057,Avignon
0840011F,Collège Saint-Exupéry,Collège,Public,16 chemin de la Roquette,84370,Bédarrides,04 90 33 09 71,ce.0840011F@ac-aix-marseille.fr,,ASH Vaucluse,44.05162347811607,4.890675907945815,Haut Vaucluse
0840014J,Collège le Luberon,Collège,Public,chemin de Cucuron,84160,Cadenet,04 90 68 02 86,ce.0840014J@ac-aix-marseille.fr,,ASH Vaucluse,43.73980512999116,5.389094456484254,Sainte Victoire
0840015K,Lycée polyvalent Jean-Henri Fabre,Lycée,Public,387 avenue du Mont Ventoux,84208,Carpentras,04 90 63 05 83,ce.0840015K@ac-aix-marseille.fr,,,44.05654328568154,5.057632519430445,Ventoux
0840016L,Lycée polyvalent Victor Hugo,Lycée,Public,139 avenue Victor Hugo,84208,Carpentras,04 90 63 12 32,ce.0840016L@ac-aix-marseille.fr,,,44.0500751730786,5.048041481548485,Ventoux
0840017M,Lycée Ismaël Dauphin,Lycée,Public,rue Pierre Fabre,84300,Cavaillon,04 90 71 09 81,ce.0840017M@ac-aix-marseille.fr,,,43.8238520959238,5.038017439724799,Luberon
0840018N,Collège Paul Gauthier,Collège,Public,58 avenue Elsa Triolet,84300,Cavaillon,04 90 71 15 96,ce.0840018N@ac-aix-marseille.fr,REP+,ASH Vaucluse,43.8416380313376,5.048265999805911,Luberon
0840020R,Collège Clovis Hugues,Collège,Public,avenue Famille Jouve,84305,Cavaillon,04 90 06 61 00,ce.0840020R@ac-aix-marseille.fr,,ASH Vaucluse,43.83500193892284,5.047102900177587,Luberon
0840021S,Lycée polyvalent Alphonse Benoît,Lycée,Public,cours Victor Hugo,84803,L'Isle-sur-la-Sorgue,04 90 20 64 20,ce.0840021S@ac-aix-marseille.fr,,,43.9205563572843,5.046749648547318,Luberon
0840026X,Lycée de l'Arc,Lycée,Public,346 avenue des Etudiants,84106,Orange,04 90 11 83 00,ce.0840026X@ac-aix-marseille.fr,,,44.14341071327436,4.802253598271051,Haut Vaucluse
0840027Y,École maternelle la Colline,École,Public,Résidence Saint Michel,84400,Apt,04 90 04 82 59,ce.0840027Y@ac-aix-marseille.fr,,Apt,43.88085441724888,5.398200656301103,Luberon
0840028Z,Collège Charles Doche,Collège,Public,129 chemin du Puy,84210,Pernes-les-Fontaines,04 90 66 59 46,ce.0840028Z@ac-aix-marseille.fr,,ASH Vaucluse,43.99383915876848,5.060564013221748,Ventoux
0840029A,Collège Marcel Pagnol,Collège,Public,rue Jm Bonnemaison,84122,Pertuis,04 90 79 08 50,ce.0840029A@ac-aix-marseille.fr,,,43.69469233249835,5.508972722554812,Sainte Victoire
0840032D,Collège du Pays de Sault,Collège,Public,route des Cartouses,84390,Sault,04 90 64 08 77,ce.0840032D@ac-aix-marseille.fr,,,44.090659868006064,5.41577548139074,Ventoux
0840033E,Collège Voltaire,Collège,Public,avenue Georges Braque,84702,Sorgues,04 90 39 19 57,ce.0840033E@ac-aix-marseille.fr,REP,ASH Vaucluse,44.00987908595682,4.873883399735772,Avignon
0840035G,Collège Joseph d'Arbaud,Collège,Public,avenue Marcel Pagnol,84110,Vaison-la-Romaine,04 90 36 02 03,ce.0840035G@ac-aix-marseille.fr,,,44.244191602206016,5.0872487080120585,Ventoux
0840039L,Lycée professionnel Domaine d'Eguilles,Lycée,Public,840 avenue d'Eguilles,84271,Vedène,04 90 31 07 15,ce.0840039L@ac-aix-marseille.fr,,,43.985707818797,4.897722407972808,Avignon
0840041N,Lycée professionnel Maria Casarès,Lycée,Public,1 rue des Bavardages,84082,Avignon,04 90 13 45 45,ce.0840041N@ac-aix-marseille.fr,,,43.93526809572487,4.82910093269379,Avignon
0840042P,SEP Robert Schuman,Lycée,Public,138 avenue de Tarascon,84084,Avignon,04 13 95 10 00,ce.0840042P@ac-aix-marseille.fr,,,43.92691483931859,4.809175112989619,Avignon
0840044S,SEP Victor Hugo,Lycée,Public,139 avenue Victor Hugo,84201,Carpentras,04 90 63 12 32,ce.0840044S@ac-aix-marseille.fr,,,44.0500751730786,5.048041481548485,Ventoux
0840046U,Lycée professionnel Aristide Briand,Lycée,Public,7 cours Aristide Briand,84100,Orange,04 90 34 12 18,ce.0840046U@ac-aix-marseille.fr,,,44.13823516010202,4.804318544247096,Haut Vaucluse
0840051Z,Collège Jean Brunet,Collège,Public,51 chemin de Malpeigne,84036,Avignon,04 90 82 04 80,ce.0840051Z@ac-aix-marseille.fr,REP+,ASH Vaucluse,43.94704392595827,4.838470681218396,Avignon
0840058G,Collège Saint-Michel - Ensemble Scolaire Saint-Jean-Paul II,Collège,Privé,855 rue du Bon Vent,84140,Avignon,04 90 80 89 89,,,,43.925082475541664,4.854030449325651,Avignon
0840059H,Lycée Louis Pasteur,Lycée,Privé,13 rue du Pont Trouca,84011,Avignon,04 90 14 57 77,contact@lpasteur.org,,,43.94786995796547,4.813875485789238,Avignon
0840060J,Collège Saint-Jean-Baptiste de la Salle,Collège,Privé,9 rue Notre-Dame des 7 Douleurs,84008,Avignon,04 90 14 56 56,direction@lasalle84.org,,,43.94897315955031,4.815582701288856,Avignon
0840064N,Collège la Salle - Site Montesquieu,Collège,Privé,27 boulevard Montesquieu,84004,Avignon,04 90 14 56 56,,,,43.93584469705943,4.822662863884606,Avignon
0840066R,Collège Notre-Dame du Bon Accueil,Collège,Privé,22 rue Commandant Pellegrin,84170,Monteux,04 90 66 31 18,secretariat@ndba84.com,,,44.03535445574773,4.993367737132584,Ventoux
0840068T,Collège Marie Rivier,Collège,Privé,399 avenue Jules Verne,84700,Sorgues,04 90 39 70 70,college@marie-rivier.org,,,43.98669584314416,4.8879712404164914,Avignon
0840069U,Collège Notre-Dame,Collège,Privé,150 chemin du Val Joanis,84120,Pertuis,04 90 07 42 01,college.ndpertuis@gmail.com,,,43.69991786781127,5.476026873231521,Sainte Victoire
0840070V,Collège Jeanne d'Arc,Collège,Privé,61 rue Louis Rousset,84400,Apt,04 90 74 14 94,contact@collegejeannedarc.fr,,,43.8749014627452,5.3982779801316685,Luberon
0840072X,Lycée Saint-Joseph,Lycée,Privé,62 rue des Lices,84000,Avignon,04 90 14 56 00,secretariat@stjoavignon.com,,,43.94546932227025,4.810715488311415,Avignon
0840073Y,Collège Champfleury,Collège,Privé,88 avenue de Tarascon,84000,Avignon,04 90 16 47 60,ce.0840073y@ac-aix-marseille.fr,,,43.93612211638714,4.810146008559732,Avignon
0840075A,Lycée Saint-Louis,Lycée,Privé,Colline Saint-Eutrope,84100,Orange,04 90 34 01 50,secret-lycee@stlouis-orange.fr,,,44.12523545315745,4.805272181772356,Haut Vaucluse
0840077C,Groupe Belmont,Lycée,Privé Hors Contrat,95 allée Camille Claudel,84140,Avignon,04 90 82 15 00,i.brocourt@groupebelmont.fr,,,43.91551137581669,4.885850493488308,Avignon
0840078D,Lycée Marie Pila,Lycée,Privé,105 rue Duplessis,84200,Carpentras,04 90 63 00 93,contact@mariepila-carpentras.fr,,,44.05185812554274,5.045906038696957,Ventoux
0840079E,Collège Saint-Charles,Collège,Privé,197 cours Carnot,84300,Cavaillon,04 90 78 04 88,,,,43.83654394414477,5.035562471591708,Luberon
0840082H,Lycée professionnel Vincent de Paul,Lycée,Privé,1 rue Chiron,84000,Avignon,04 90 27 23 90,contact.lpp@vincentdepaul84.fr,,,43.95102388653488,4.805036673067247,Avignon
0840083J,École Hôtelière privée,Lycée,Privé Hors Contrat,allée des Fenaisons,84032,Avignon,04 90 13 86 33,academie.vaucluse@cci.fr,,,43.927566177048064,4.845788415898883,Avignon
0840108L,Collège Anselme Mathieu,Collège,Public,avenue Chevalier de Folard,84082,Avignon,04 90 87 42 16,ce.0840108L@ac-aix-marseille.fr,REP+,,43.93216415961474,4.817129263398616,Avignon
0840110N,Lycée d'enseignement général et technologique François Pétrarque,Lycée,Public,3592 route de Marseille,84911,Avignon,04 90 13 43 13,legta.avignon@educagri.fr,,,43.91028510026969,4.883433991006878,Avignon
0840113S,Lycée professionnel Alexandre Dumas,Lycée,Public,rue Alphonse Jauffret,84300,Cavaillon,04 90 06 34 50,ce.0840113S@ac-aix-marseille.fr,,,43.82877096141506,5.044115481758831,Luberon
0840114T,Collège François Raspail,Collège,Public,264 avenue André de Richard,84205,Carpentras,04 90 63 04 41,ce.0840114T@ac-aix-marseille.fr,REP,ASH Vaucluse,44.0628844411088,5.055179764114935,Ventoux
0840116V,Collège Jean Giono,Collège,Public,avenue Charles Dardun,84106,Orange,04 90 51 28 00,ce.0840116V@ac-aix-marseille.fr,,ASH Vaucluse,44.12822441870911,4.799358691386506,Haut Vaucluse
0840120Z,École élémentaire Beaumont du Ventoux,École,Public,place de la Mairie,84340,Beaumont-du-Ventoux,04 90 65 28 96,ce.0840120Z@ac-aix-marseille.fr,,Carpentras,44.184172642588734,5.166135275556678,Ventoux
0840121A,École primaire Daniel Cordier,École,Public,12 place de la Libération,84110,Villedieu,04 90 28 91 48,ce.0840121A@ac-aix-marseille.fr,,Carpentras,44.28409020804514,5.034017539546394,Ventoux
0840122B,École primaire Brantes,École,Public,le bourg,84390,Brantes,04 75 28 06 64,ce.0840122B@ac-aix-marseille.fr,,Carpentras,44.19449670501083,5.334433811024973,Ventoux
0840126F,École élémentaire Crestet,École,Public,quartier de la Gare,84110,Crestet,04 90 36 26 28,ce.0840126F@ac-aix-marseille.fr,,Carpentras,44.21822434297798,5.096939955301191,Ventoux
0840129J,École élémentaire Auguste Coullet,École,Public,rue de la Fontaine,84110,Faucon,04 90 46 42 28,ce.0840129J@ac-aix-marseille.fr,,Carpentras,44.26002230769225,5.145144816942872,Ventoux
0840131L,École primaire publique Grillon,École,Public,avenue du Comtat,84600,Grillon,04 90 37 37 12,ce.0840131L@ac-aix-marseille.fr,,Bollène,44.3926308175572,4.929635190983853,Haut Vaucluse
0840132M,École maternelle Malaucène,École,Public,route de Beaumont du Ventoux,84340,Malaucène,04 65 00 05 01,ce.0840132M@ac-aix-marseille.fr,,Carpentras,44.17483821354468,5.135172814378143,Ventoux
0840134P,École élémentaire la Rebeyrade,École,Public,avenue du Maquis,84340,Malaucène,04 90 65 11 51,ce.0840134P@ac-aix-marseille.fr,,Carpentras,44.17458026345925,5.134084694758021,Ventoux
0840137T,École maternelle Agricol Perdiguier,École,Public,86 rue Albert Calmette,84310,Morières-lès-Avignon,04 90 33 35 75,ce.0840137T@ac-aix-marseille.fr,,Avignon 2,43.939392621385934,4.904711848033093,Avignon
0840138U,École élémentaire Louis Pasteur,École,Public,5 avenue Louis Pasteur,84130,le Pontet,04 90 03 15 75,ce.0840138U@ac-aix-marseille.fr,,Avignon 3,43.95969742679667,4.857310600954733,Avignon
0840139V,École élémentaire Marie Curie,École,Public,23 avenue Gustave Goutarel,84130,le Pontet,04 90 03 18 15,ce.0840139V@ac-aix-marseille.fr,,Avignon 3,43.96343044950108,4.860920673473295,Avignon
0840140W,École maternelle Louis Pasteur,École,Public,5 avenue Louis Pasteur,84130,le Pontet,04 90 03 15 69,ce.0840140W@ac-aix-marseille.fr,,Avignon 3,43.95988160404456,4.857067348542993,Avignon
0840142Y,École élémentaire Louis Pergaud,École,Public,180 allée des Ecoles,84130,le Pontet,04 90 03 13 68,ce.0840142Y@ac-aix-marseille.fr,REP,Avignon 3,43.962843170194176,4.854902973789755,Avignon
0840143Z,École maternelle Louis Pergaud,École,Public,16 avenue Théophile Delorme,84130,le Pontet,04 90 03 12 46,ce.0840143Z@ac-aix-marseille.fr,REP,Avignon 3,43.96546941946784,4.858223997446036,Avignon
0840144A,École primaire Puymeras,École,Public,place du Pasquier,84110,Puyméras,04 90 46 41 86,ce.0840144A@ac-aix-marseille.fr,,Carpentras,44.27089415972711,5.126813138056131,Ventoux
0840147D,École primaire Richerenches,École,Public,cours du Mistral,84600,Richerenches,04 90 28 01 39,ce.0840147D@ac-aix-marseille.fr,,Bollène,44.36016929190472,4.911989736820476,Haut Vaucluse
0840148E,École primaire René Jouvent,École,Public,route d'Orange,84110,Roaix,04 90 36 19 28,ce.0840148E@ac-aix-marseille.fr,,Carpentras,44.24343985443468,5.016154743853399,Ventoux
0840150G,École primaire la Fontaine des Fées,École,Public,rue du Stade,84110,Sablet,04 90 46 90 46,ce.0840150G@ac-aix-marseille.fr,,Carpentras,44.19106833403365,5.006841350817591,Ventoux
0840151H,École primaire de l'Adret,École,Public,84 rue Magdeleine,84110,Saint-Marcellin-lès-Vaison,04 90 36 17 64,ce.0840151H@ac-aix-marseille.fr,,Carpentras,44.231259134826885,5.097440286551287,Ventoux
0840152J,École primaire St Romain en Viennois,École,Public,avenue de Verdun,84110,Saint-Romain-en-Viennois,04 90 46 41 82,ce.0840152J@ac-aix-marseille.fr,,Carpentras,44.25974561825062,5.110526660088854,Ventoux
0840153K,École primaire Jean Moulin,École,Public,route de Buisson,84290,Saint-Roman-de-Malegarde,04 90 28 91 52,ce.0840153K@ac-aix-marseille.fr,,Bollène,44.27088993268734,4.9646489935864935,Haut Vaucluse
0840158R,École élémentaire Jules Ferry,École,Public,avenue Jules Ferry,84110,Vaison-la-Romaine,04 90 28 71 28,ce.0840158R@ac-aix-marseille.fr,,Carpentras,44.24109730054157,5.07181913157029,Ventoux
0840159S,École élémentaire Émile Zola,École,Public,450 chemin du Brusquet,84110,Vaison-la-Romaine,04 90 28 78 55,ce.0840159S@ac-aix-marseille.fr,,Carpentras,44.2454792069548,5.082363267697508,Ventoux
0840160T,École maternelle Marcel Pagnol,École,Public,rue Anatole France,84600,Valréas,04 90 35 03 53,ce.0840160T@ac-aix-marseille.fr,REP,Bollène,44.38699435443459,4.989216670604061,Haut Vaucluse
0840161U,École élémentaire Marcel Pagnol,École,Public,avenue Anatole France,84600,Valréas,04 90 35 05 75,ce.0840161U@ac-aix-marseille.fr,REP,Bollène,44.38698528343699,4.989718634620851,Haut Vaucluse
0840162V,École élémentaire Jules Ferry,École,Public,rue Alphonse Daudet,84600,Valréas,04 90 37 40 82,ce.0840162V@ac-aix-marseille.fr,REP,Bollène,44.3814173034001,4.99471981991389,Haut Vaucluse
0840164X,École élémentaire Alphonse Daudet Groupe A,École,Public,avenue Marius Jouveau,84270,Vedène,04 90 31 06 58,ce.0840164X@ac-aix-marseille.fr,,Avignon 1,43.97629259413509,4.904688073258954,Avignon
0840165Y,École maternelle Alphonse Daudet,École,Public,avenue Marius Jouveau,84270,Vedène,04 90 31 18 93,ce.0840165Y@ac-aix-marseille.fr,,Avignon 1,43.97629910549715,4.904314301534787,Avignon
0840167A,École primaire publique Josette Constant,École,Public,71 rue des Ecoles,84820,Visan,04 90 41 95 52,ce.0840167A@ac-aix-marseille.fr,,Bollène,44.313843131708346,4.947028207637998,Haut Vaucluse
0840169C,École élémentaire Saint Exupéry,École,Public,Résidence Saint Michel,84400,Apt,04 90 04 75 11,ce.0840169C@ac-aix-marseille.fr,,Apt,43.88122672183754,5.398876021206144,Luberon
0840171E,École élémentaire la Croisière,École,Public,4 rue Esprit Requien,84000,Avignon,04 13 60 51 16,ce.0840171E@ac-aix-marseille.fr,,Avignon 3,43.95190614596003,4.832778347846231,Avignon
0840172F,École maternelle la Croisière,École,Public,boulevard Marcel Combe,84000,Avignon,04 13 60 51 14,ce.0840172F@ac-aix-marseille.fr,,Avignon 3,43.95268537230045,4.832906813282766,Avignon
0840173G,École primaire la Barthelasse,École,Public,Ile de la Barthelasse,84000,Avignon,04 90 82 19 23,ce.0840173G@ac-aix-marseille.fr,,Avignon 1,43.958235292322165,4.807549205778142,Avignon
0840178M,École élémentaire Jean Giono B,École,Public,quartier les Grès,84500,Bollène,04 90 30 36 72,ce.0840178M@ac-aix-marseille.fr,REP,Bollène,44.28432245330266,4.747940621617893,Haut Vaucluse
0840179N,École élémentaire Fernand Perrin,École,Public,3 rue des Ecoles,84510,Caumont-sur-Durance,04 90 23 07 08,ce.0840179N@ac-aix-marseille.fr,,Cavaillon,43.8946238921854,4.946535466922809,Luberon
0840181R,École élémentaire Jean Moulin Groupe B,École,Public,1 avenue Famille Jouve,84300,Cavaillon,04 90 71 04 87,ce.0840181R@ac-aix-marseille.fr,,Cavaillon,43.83508779582471,5.047420608485735,Luberon
0840183T,École primaire Castil Blaze,École,Public,rue Castil Blaze,84300,Cavaillon,04 90 71 32 30,ce.0840183T@ac-aix-marseille.fr,,Cavaillon,43.837283641078805,5.037312521091806,Luberon
0840184U,École élémentaire Charles de Gaulle,École,Public,213 rue Elsa Triolet,84300,Cavaillon,04 90 78 23 45,ce.0840184U@ac-aix-marseille.fr,REP+,Cavaillon,43.84286061841135,5.04744540193208,Luberon
0840187X,École primaire les Vignères,École,Public,rue des Ecoles,84300,Cavaillon,04 90 71 19 55,ce.0840187X@ac-aix-marseille.fr,,Cavaillon,43.88131312827281,5.005231880570798,Luberon
0840189Z,École maternelle Camille Claudel,École,Public,avenue de Weinheim,84300,Cavaillon,04 90 78 08 78,ce.0840189Z@ac-aix-marseille.fr,REP+,Cavaillon,43.84046165264361,5.045665490223611,Luberon
0840190A,École maternelle Louis Leprince-Ringuet,École,Public,chemin de la Planque,84300,Cavaillon,04 90 71 31 35,ce.0840190A@ac-aix-marseille.fr,,Cavaillon,43.82918091725976,5.039769271550608,Luberon
0840192C,École maternelle Jean Moulin,École,Public,avenue Famille Jouve,84300,Cavaillon,04 90 71 05 35,ce.0840192C@ac-aix-marseille.fr,,Cavaillon,43.83501126873546,5.046605792152575,Luberon
0840195F,École primaire Marius André,École,Public,28 rue des Ecoles,84460,Cheval-Blanc,04 90 71 46 75,ce.0840195F@ac-aix-marseille.fr,,Cavaillon,43.801192633824186,5.06422609339902,Luberon
0840196G,École primaire la Roquette,École,Public,hameau la Roquette,84460,Cheval-Blanc,04 90 72 81 30,ce.0840196G@ac-aix-marseille.fr,,Cavaillon,43.76105125784807,5.137116565629674,Luberon
0840198J,École primaire Arthur Rimbaud,École,Public,530 Grande rue,84660,Maubec,04 90 76 94 33,ce.0840198J@ac-aix-marseille.fr,,Apt,43.84482021460957,5.140995078176989,Luberon
0840206T,École primaire Louis Giraud,École,Public,place Louis Giraud,84210,Pernes-les-Fontaines,04 90 61 37 13,ce.0840206T@ac-aix-marseille.fr,,L'Isle sur la Sorgue,43.99743440439277,5.058919307521554,Ventoux
0840207U,École élémentaire Jean Moulin,École,Public,355 boulevard Jean Moulin,84210,Pernes-les-Fontaines,04 90 61 60 80,ce.0840207U@ac-aix-marseille.fr,,L'Isle sur la Sorgue,44.00038684623021,5.053680404963496,Ventoux
0840208V,École élémentaire les Micocouliers,École,Public,avenue de la Gare,84440,Robion,04 90 76 57 72,ce.0840208V@ac-aix-marseille.fr,,Apt,43.8514408823012,5.103964411444523,Luberon
0840210X,École primaire la Roque sur Pernes,École,Public,118 chemin des Amandiers,84210,La Roque-sur-Pernes,04 90 66 53 09,ce.0840210X@ac-aix-marseille.fr,,L'Isle sur la Sorgue,43.98022867004099,5.109044647813919,Ventoux
0840212Z,École élémentaire St Didier,École,Public,70 allée de la Gardette,84210,Saint-Didier,04 90 66 01 12,ce.0840212Z@ac-aix-marseille.fr,,L'Isle sur la Sorgue,44.009224349918185,5.10804722395231,Ventoux
0840217E,École primaire Venasque,École,Public,81 route de l'Appie,84210,Venasque,04 90 66 07 94,ce.0840217E@ac-aix-marseille.fr,,L'Isle sur la Sorgue,43.9941382801436,5.14872868012913,Ventoux
0840218F,Lycée professionnel Agricole,Lycée,Public,2260 route du Grès,84100,Orange,04 90 51 48 00,lpa.orange@educagri.fr,,,44.10264609448201,4.80327101675756,Haut Vaucluse
0840219G,École primaire le Farigoulet,École,Public,route des Etangs de la Bonde,84240,Ansouis,04 90 09 83 82,ce.0840219G@ac-aix-marseille.fr,,Pertuis,43.73889372653105,5.468330744101559,Sainte Victoire
0840220H,École élémentaire Vertes Rives,École,Public,147 boulevard des Ecoles,84140,Avignon,04 13 60 53 73,ce.0840220H@ac-aix-marseille.fr,,Avignon 2,43.93532933916001,4.874402114181958,Avignon
0840223L,École maternelle Camille Claudel,École,Public,300 boulevard des Ecoles,84140,Avignon,04 13 60 51 00,ce.0840223L@ac-aix-marseille.fr,,Avignon 2,43.935638718056886,4.876254715851892,Avignon
0840225N,École maternelle Persil,École,Public,3 place Louis Gastin,84000,Avignon,04 13 60 53 42,ce.0840225N@ac-aix-marseille.fr,,Avignon 1,43.95204994831897,4.814342367007624,Avignon
0840226P,École élémentaire Pouzaraque,École,Public,5 place Louis Gastin,84000,Avignon,04 13 60 53 61,ce.0840226P@ac-aix-marseille.fr,,Avignon 1,43.951870002674646,4.814336642793928,Avignon
0840227R,École maternelle Saint Jean,École,Public,chemin Saint Jean,84000,Avignon,04 13 60 53 37,ce.0840227R@ac-aix-marseille.fr,REP+,Avignon 1,43.945143261947166,4.823879471460849,Avignon
0840229T,École élémentaire Saint Jean,École,Public,43 ter chemin Saint-Jean,84000,Avignon,04 13 60 53 35,ce.0840229T@ac-aix-marseille.fr,REP+,Avignon 1,43.945287768683,4.825576056150488,Avignon
0840231V,École élémentaire Stuart Mill B,École,Public,1 rue Robert de Geneve,84000,Avignon,04 13 60 53 31,ce.0840231V@ac-aix-marseille.fr,REP+,Avignon 3,43.94850199387196,4.833450204651004,Avignon
0840232W,École maternelle Stuart Mill,École,Public,1 rue Robert de Geneve,84000,Avignon,04 13 60 53 30,ce.0840232W@ac-aix-marseille.fr,REP+,Avignon 3,43.94850617251238,4.833201139576708,Avignon
0840234Y,École élémentaire Simone Veil,École,Public,1 rue des Ecoles,84000,Avignon,04 13 60 53 69,ce.0840234Y@ac-aix-marseille.fr,,Avignon 1,43.94737979482853,4.815799866983824,Avignon
0840235Z,École maternelle Simone Veil,École,Public,43 rue Thiers,84000,Avignon,04 13 60 53 55,ce.0840235Z@ac-aix-marseille.fr,,Avignon 1,43.94687324032576,4.815621767367081,Avignon
0840236A,École primaire Édouard Arniaud,École,Public,6 rue du Stade,84240,La Bastide-des-Jourdans,04 90 77 80 68,ce.0840236A@ac-aix-marseille.fr,,Pertuis,43.785280093654485,5.635165935537956,Sainte Victoire
0840237B,École primaire la Bastidonne,École,Public,rue Ferrages,84120,La Bastidonne,04 90 07 57 00,ce.0840237B@ac-aix-marseille.fr,,Pertuis,43.70020301492448,5.567777359057047,Sainte Victoire
0840238C,École primaire les Grands Ferrages,École,Public,cours Nalin,84120,Beaumont-de-Pertuis,04 90 08 00 48,ce.0840238C@ac-aix-marseille.fr,,Pertuis,43.7387724116202,5.687590563153029,Sainte Victoire
0840239D,École élémentaire Jacques Prévert,École,Public,18 rue des Ecoles,84370,Bédarrides,04 90 33 04 61,ce.0840239D@ac-aix-marseille.fr,,Orange,44.04064394171221,4.895921309217126,Haut Vaucluse
0840241F,École maternelle Frédéric Mistral,École,Public,chemin des Aires,84370,Bédarrides,04 90 33 04 63,ce.0840241F@ac-aix-marseille.fr,,Orange,44.04030401722871,4.901089314767533,Haut Vaucluse
0840242G,École primaire des Vergers,École,Public,2 rue des Ecoles,84240,Cabrières-d'Aigues,04 90 77 60 83,ce.0840242G@ac-aix-marseille.fr,,Pertuis,43.782513608560215,5.49766753164174,Sainte Victoire
0840243H,École maternelle Jean Mace,École,Public,12 chemin de la Calade,84230,Châteauneuf-du-Pape,04 90 83 71 20,ce.0840243H@ac-aix-marseille.fr,,Orange,44.05454041699776,4.832599457110813,Haut Vaucluse
0840246L,École maternelle Val Seille,École,Public,place André Malraux,84350,Courthézon,04 90 70 78 97,ce.0840246L@ac-aix-marseille.fr,,Orange,44.08648627869396,4.883766717107509,Haut Vaucluse
0840247M,École élémentaire Jean Vilar,École,Public,place André Malraux,84350,Courthézon,04 90 70 73 84,ce.0840247M@ac-aix-marseille.fr,,Orange,44.086477689708445,4.8842660473586745,Haut Vaucluse
0840249P,École primaire Grambois,École,Public,101 chemin du Barraban,84240,Grambois,04 90 77 91 60,ce.0840249P@ac-aix-marseille.fr,,Pertuis,43.76283099880319,5.588620218737366,Sainte Victoire
0840250R,École primaire Mirabeau,École,Public,175 route de Beaumont,84120,Mirabeau,04 90 77 02 81,ce.0840250R@ac-aix-marseille.fr,,Pertuis,43.70705216638181,5.657630402052478,Sainte Victoire
0840251S,École primaire les Cerisiers,École,Public,Parc Reybaud,84240,La Motte-d'Aigues,04 90 07 74 80,ce.0840251S@ac-aix-marseille.fr,,Pertuis,43.77413994230067,5.522197707107238,Sainte Victoire
0840252T,École maternelle du Parc,École,Public,rue Samat Mikaelly,84120,Pertuis,04 90 79 13 44,ce.0840252T@ac-aix-marseille.fr,,Pertuis,43.69310866763335,5.502605386024477,Sainte Victoire
0840253U,École maternelle le Clos Fleuri,École,Public,rue Jean-Marie Bonnemaison,84120,Pertuis,04 90 79 15 92,ce.0840253U@ac-aix-marseille.fr,,Pertuis,43.69401580392226,5.506882193697853,Sainte Victoire
0840254V,École élémentaire la Burlière,École,Public,rue Didier Daurat,84120,Pertuis,04 90 79 14 04,ce.0840254V@ac-aix-marseille.fr,,Pertuis,43.69184543577297,5.508943551010752,Sainte Victoire
0840256X,École élémentaire Peypin d'Aigues,École,Public,28 rue des Ecoles,84240,Peypin-d'Aigues,04 90 77 65 03,ce.0840256X@ac-aix-marseille.fr,,Pertuis,43.78741410692445,5.568995432970336,Sainte Victoire
0840257Y,École primaire la Burlière,École,Public,cours du Mont Libre,84760,Saint-Martin-de-la-Brasque,04 90 77 68 92,ce.0840257Y@ac-aix-marseille.fr,,Pertuis,43.76953693300285,5.536257529250464,Sainte Victoire
0840259A,École élémentaire Jean Jaurès,École,Public,avenue du 8 Mai 1945,84700,Sorgues,04 90 39 58 51,ce.0840259A@ac-aix-marseille.fr,,Avignon 3,44.00822597159763,4.872584211770572,Avignon
0840260B,École élémentaire Maillaude,École,Public,216 rue des Chênes Verts,84700,Sorgues,04 90 39 42 03,ce.0840260B@ac-aix-marseille.fr,,Avignon 3,44.00782603138276,4.88407875594967,Avignon
0840261C,École maternelle la Pinède,École,Public,216 rue des Chênes Verts,84700,Sorgues,04 90 32 57 31,ce.0840261C@ac-aix-marseille.fr,,Avignon 3,44.007830325544816,4.883829435374761,Avignon
0840262D,École maternelle les Bécassières,École,Public,35 chemin des Daulands,84700,Sorgues,04 90 39 63 38,ce.0840262D@ac-aix-marseille.fr,,Avignon 3,43.99036756670613,4.88020727160736,Avignon
0840263E,École élémentaire les Bécassières,École,Public,35 chemin des Daulands,84700,Sorgues,04 90 39 41 61,ce.0840263E@ac-aix-marseille.fr,,Avignon 3,43.990363280841606,4.880456516083405,Avignon
0840264F,École maternelle du Parc,École,Public,106 rue Saint Hubert,84700,Sorgues,04 90 39 54 96,ce.0840264F@ac-aix-marseille.fr,,Avignon 3,44.00747847085393,4.870707405214342,Avignon
0840265G,École primaire Sévigné,École,Public,impasse Sévigné,84700,Sorgues,04 90 39 59 16,ce.0840265G@ac-aix-marseille.fr,REP,Avignon 3,44.011163166845705,4.873496531443916,Avignon
0840266H,École maternelle l'Orangerie,École,Public,235 boulevard de la République,84240,La Tour-d'Aigues,04 90 07 44 68,ce.0840266H@ac-aix-marseille.fr,,Pertuis,43.72744051567803,5.549795609587582,Sainte Victoire
0840267J,École élémentaire Lucie Aubrac,École,Public,235 boulevard de la République,84240,La Tour-d'Aigues,04 90 07 40 45,ce.0840267J@ac-aix-marseille.fr,,Pertuis,43.72726064137342,5.549787597273514,Sainte Victoire
0840272P,École élémentaire Alexandre Blanc,École,Public,avenue Théodore Aubanel,84500,Bollène,04 90 30 36 50,ce.0840272P@ac-aix-marseille.fr,,Bollène,44.296850358096165,4.752493856622535,Haut Vaucluse
0840274S,École maternelle Alexandre Blanc,École,Public,avenue Saint-Pierre,84500,Bollène,04 90 30 36 52,ce.0840274S@ac-aix-marseille.fr,,Bollène,44.30145538041106,4.752342825249215,Haut Vaucluse
0840275T,École primaire les Tamaris,École,Public,quartier de l'Ecluse,84500,Bollène,04 90 30 36 61,ce.0840275T@ac-aix-marseille.fr,,Bollène,44.31689744448581,4.745719710616992,Haut Vaucluse
0840277V,École primaire le Grand Geas,École,Public,159 chemin des Ecoliers,84220,Cabrières-d'Avignon,04 90 76 92 48,ce.0840277V@ac-aix-marseille.fr,,Apt,43.889000620747424,5.151267316973422,Luberon
0840278W,École primaire Coustellet,École,Public,145 chemin des Ecoles,84220,Cabrières-d'Avignon,04 90 76 97 69,ce.0840278W@ac-aix-marseille.fr,,Apt,43.8683651271498,5.14558346694184,Luberon
0840281Z,École élémentaire les Amandiers,École,Public,route de Murs,84220,Gordes,04 90 72 03 38,ce.0840281Z@ac-aix-marseille.fr,,Apt,43.91923944417369,5.202421465055499,Luberon
0840283B,École maternelle la Borie,École,Public,213 chemin de la Maison Blanche,84220,Gordes,04 90 76 80 67,ce.0840283B@ac-aix-marseille.fr,,Apt,43.88583412721298,5.169248062335026,Luberon
0840284C,École primaire Petit Palais,École,Public,hameau de Petit Palais,84800,L'Isle-sur-la-Sorgue,04 90 38 07 96,ce.0840284C@ac-aix-marseille.fr,,L'Isle sur la Sorgue,43.8762962774838,5.078084362930573,Luberon
0840286E,École maternelle Centre,École,Public,rue Denfert-Rochereau,84800,L'Isle-sur-la-Sorgue,04 90 38 03 99,ce.0840286E@ac-aix-marseille.fr,,L'Isle sur la Sorgue,43.920924607282,5.049627456886963,Luberon
0840287F,École élémentaire Augustin Mourna Groupe B,École,Public,avenue Fabre de Sérignan,84800,L'Isle-sur-la-Sorgue,04 90 38 00 03,ce.0840287F@ac-aix-marseille.fr,,L'Isle sur la Sorgue,43.92202133546625,5.051246148790164,Luberon
0840288G,École élémentaire Augustin Mourna Groupe A,École,Public,avenue Fabre de Sérignan,84800,L'Isle-sur-la-Sorgue,04 90 38 04 82,ce.0840288G@ac-aix-marseille.fr,,L'Isle sur la Sorgue,43.922014322087286,5.0516195476521055,Luberon
0840293M,École primaire les Javones,École,Public,rue des Ecoles,84450,Jonquerettes,04 90 22 56 98,ce.0840293M@ac-aix-marseille.fr,,Avignon 2,43.9498680010458,4.934159642978843,Avignon
0840297S,École primaire Lou Fourniguie,École,Public,route des Agas,84390,Saint-Christol,04 90 75 02 47,ce.0840297S@ac-aix-marseille.fr,,Apt,44.02968189734475,5.485799767387745,Ventoux
0840300V,École primaire St Pierre de Vassols,École,Public,41 impasse des Ecoliers,84330,Saint-Pierre-de-Vassols,04 90 62 41 12,ce.0840300V@ac-aix-marseille.fr,,L'Isle sur la Sorgue,44.09960196444903,5.137471712402319,Ventoux
0840302X,École maternelle la Cardelina,École,Public,33 avenue de la Gare,84450,Saint-Saturnin-lès-Avignon,04 90 22 03 98,ce.0840302X@ac-aix-marseille.fr,,Avignon 2,43.955490348924485,4.931542662718712,Avignon
0840303Y,École élémentaire Jean Moulin,École,Public,243 avenue de la Gare,84450,Saint-Saturnin-lès-Avignon,04 90 22 48 10,ce.0840303Y@ac-aix-marseille.fr,,Avignon 2,43.95503092206148,4.932782002646129,Avignon
0840308D,École primaire Jean-Henri Fabre,École,Public,400 route de Lagnes,84800,Saumane-de-Vaucluse,04 90 20 39 64,ce.0840308D@ac-aix-marseille.fr,,L'Isle sur la Sorgue,43.93542829254899,5.066276656199568,Luberon
0840309E,École élémentaire Suzette,École,Public,route de Malaucène,84190,Suzette,04 90 62 92 95,ce.0840309E@ac-aix-marseille.fr,,Carpentras,44.168672663658064,5.06805016222845,Ventoux
0840310F,École élémentaire la Passerelle,École,Public,cours Gambetta,84250,le Thor,04 90 33 80 59,ce.0840310F@ac-aix-marseille.fr,,Cavaillon,43.92845073703041,4.99290021455735,Luberon
0840312H,École maternelle la Garance,École,Public,cours Gambetta,84250,le Thor,04 90 33 81 70,ce.0840312H@ac-aix-marseille.fr,,Cavaillon,43.92810843731213,4.993010328528336,Luberon
0840317N,École primaire Villes sur Auzon,École,Public,2 place de la Mairie,84570,Villes-sur-Auzon,04 90 61 99 05,ce.0840317N@ac-aix-marseille.fr,,L'Isle sur la Sorgue,44.05750163271862,5.23372533331567,Ventoux
0840321T,École primaire Martignan,École,Public,chemin du Planas de Meyne,84100,Orange,04 90 51 38 42,ce.0840321T@ac-aix-marseille.fr,,Orange,44.144473079058606,4.774489907911591,Haut Vaucluse
0840324W,École élémentaire Joliot-Curie,École,Public,216 avenue Général de Gaulle,84420,Piolenc,04 90 29 60 94,ce.0840324W@ac-aix-marseille.fr,,Orange,44.176559234910805,4.766820238887219,Haut Vaucluse
0840325X,École élémentaire le Petit Prince,École,Public,509 chemin des Ecoliers,84290,Sainte-Cécile-les-Vignes,04 90 70 34 50,ce.0840325X@ac-aix-marseille.fr,,Bollène,44.235495866012045,4.887898288546312,Haut Vaucluse
0840328A,École élémentaire publique Jean-Henri Fabre,École,Public,rue du Béal,84830,Sérignan-du-Comtat,04 90 40 81 07,ce.0840328A@ac-aix-marseille.fr,,Bollène,44.18848044644583,4.845186443310583,Haut Vaucluse
0840329B,École maternelle Pierre de Loye,École,Public,426 route Lagarde Paréol,84830,Sérignan-du-Comtat,04 90 70 09 25,ce.0840329B@ac-aix-marseille.fr,,Bollène,44.1911683358534,4.845644147945805,Haut Vaucluse
0840330C,École primaire les Vignes,École,Public,place Jean Moulin,84850,Travaillan,04 90 37 23 29,ce.0840330C@ac-aix-marseille.fr,,Bollène,44.182074409243526,4.90109423428608,Haut Vaucluse
0840331D,École primaire la Galle,École,Public,place de la Mairie,84100,Uchaux,04 90 40 69 96,ce.0840331D@ac-aix-marseille.fr,,Orange,44.20948876999377,4.800245181095407,Haut Vaucluse
0840334G,École élémentaire Fernand Boyer,École,Public,cours Rigot,84150,Violès,04 90 70 92 51,ce.0840334G@ac-aix-marseille.fr,,Bollène,44.16236316979904,4.9531101977798935,Haut Vaucluse
0840335H,École élémentaire Pourtoules,École,Public,cours Pourtoules,84100,Orange,04 90 51 38 28,ce.0840335H@ac-aix-marseille.fr,,Orange,44.13493086642425,4.811210342712306,Haut Vaucluse
0840341P,École élémentaire Albert Camus,École,Public,rue Joachim du Bellay,84100,Orange,04 90 51 38 32,ce.0840341P@ac-aix-marseille.fr,REP,Orange,44.14911189978981,4.806107979378927,Haut Vaucluse
0840343S,École primaire Duffaud,École,Public,avenue Emile Lachaux,84500,Bollène,04 90 30 11 91,ce.0840343S@ac-aix-marseille.fr,,Bollène,44.27875698005877,4.7776034008848765,Haut Vaucluse
0840344T,École maternelle Jean Giono,École,Public,rue du 19 Mars 1962,84500,Bollène,04 90 30 36 73,ce.0840344T@ac-aix-marseille.fr,REP,Bollène,44.28424101583784,4.748928251776427,Haut Vaucluse
0840348X,École élémentaire Frédéric Mistral,École,Public,avenue Pierre de Coubertin,84150,Jonquières,04 90 70 62 55,ce.0840348X@ac-aix-marseille.fr,,Orange,44.11408720895583,4.904415276233664,Haut Vaucluse
0840349Y,École élémentaire Docteur Alphonse Boucher,École,Public,21 avenue de la Libération,84150,Jonquières,04 13 07 20 10,ce.0840349Y@ac-aix-marseille.fr,,Orange,44.11505088934055,4.902114407484366,Haut Vaucluse
0840350Z,École primaire Lagarde Paréol,École,Public,rue de la Mairie,84290,Lagarde-Paréol,04 90 30 71 97,ce.0840350Z@ac-aix-marseille.fr,,Bollène,44.227933418052416,4.851168106590018,Haut Vaucluse
0840356F,École élémentaire publique Jean Moulin,École,Public,quartier les Grès,84430,Mondragon,04 90 40 81 54,ce.0840356F@ac-aix-marseille.fr,,Bollène,44.23554185851483,4.715939652875896,Haut Vaucluse
0840358H,École maternelle Albert Camus,École,Public,rue Joachim du Bellay,84100,Orange,04 90 51 19 85,ce.0840358H@ac-aix-marseille.fr,REP,Orange,44.1492918656652,4.806113697405564,Haut Vaucluse
0840359J,École élémentaire la Deymarde,École,Public,377 rue Rodolphe d'Aymard,84100,Orange,04 90 51 38 40,ce.0840359J@ac-aix-marseille.fr,,Orange,44.13458264945639,4.817399583561572,Haut Vaucluse
0840360K,École élémentaire le Castel,École,Public,avenue Charles de Gaulle,84100,Orange,04 90 51 38 21,ce.0840360K@ac-aix-marseille.fr,,Orange,44.13513202635309,4.801132385140828,Haut Vaucluse
0840362M,École maternelle le Castel,École,Public,3 avenue Félix Ripert,84100,Orange,04 90 51 38 22,ce.0840362M@ac-aix-marseille.fr,,Orange,44.130565079757005,4.800241492141745,Haut Vaucluse
0840363N,École maternelle Jean Moulin,École,Public,quartier les Grès,84430,Mondragon,04 90 40 87 37,ce.0840363N@ac-aix-marseille.fr,,Bollène,44.23510562606828,4.715970294007038,Haut Vaucluse
0840367T,École maternelle Pourtoules,École,Public,cours Pourtoules,84100,Orange,04 90 51 38 66,ce.0840367T@ac-aix-marseille.fr,,Orange,44.1351183590481,4.81185010479298,Haut Vaucluse
0840368U,École élémentaire Jean Moulin,École,Public,8 avenue Emmanuel Vitria,84860,Caderousse,04 90 51 91 04,ce.0840368U@ac-aix-marseille.fr,,Orange,44.104266054231424,4.753665431547961,Haut Vaucluse
0840370W,École maternelle Jean-Henri Fabre,École,Public,163 route de Tarascon,84000,Avignon,04 13 60 50 25,ce.0840370W@ac-aix-marseille.fr,REP+,Avignon 2,43.93013947466345,4.810089484364571,Avignon
0840371X,École élémentaire Jean-Henri Fabre A,École,Public,163 ter avenue de Tarascon,84000,Avignon,04 13 60 50 29,ce.0840371X@ac-aix-marseille.fr,REP+,Avignon 2,43.93023497874217,4.810844850375821,Avignon
0840372Y,École élémentaire Frédéric Mistral,École,Public,8 rue Frédéric Mistral,84000,Avignon,04 13 60 53 58,ce.0840372Y@ac-aix-marseille.fr,,Avignon 1,43.94582700881892,4.806835804802889,Avignon
0840373Z,École maternelle Roland Scheppler,École,Public,1 rue Jean Baptiste Marcet,84000,Avignon,04 13 60 53 43,ce.0840373Z@ac-aix-marseille.fr,REP,Avignon 1,43.93596023795919,4.799346772518903,Avignon
0840375B,École élémentaire Roland Scheppler,École,Public,2 rue Jean de Louvres,84000,Avignon,04 13 60 53 63,ce.0840375B@ac-aix-marseille.fr,REP,Avignon 1,43.93685616049454,4.798348548141511,Avignon
0840377D,École maternelle la Trillade,École,Public,95 avenue des Sources,84000,Avignon,04 13 60 50 08,ce.0840377D@ac-aix-marseille.fr,REP+,Avignon 2,43.93208493563756,4.821616002675429,Avignon
0840379F,École maternelle Sixte Isnard,École,Public,31 ter avenue de la Trillade,84000,Avignon,04 13 60 53 46,ce.0840379F@ac-aix-marseille.fr,,Avignon 2,43.94062148258227,4.817671494668188,Avignon
0840381H,École élémentaire Sixte Isnard,École,Public,31 ter avenue de la Trillade,84000,Avignon,04 13 60 53 66,ce.0840381H@ac-aix-marseille.fr,,Avignon 2,43.94061733935106,4.8179205264565415,Avignon
0840382J,École élémentaire Saint Gabriel,École,Public,378 chemin des Cris Verts,84000,Avignon,04 90 88 52 05,ce.0840382J@ac-aix-marseille.fr,,Avignon 2,43.92397342995937,4.8360173632864525,Avignon
0840383K,École élémentaire Saint Ruf,École,Public,2 place Saint-Ruf,84000,Avignon,04 13 60 53 33,ce.0840383K@ac-aix-marseille.fr,,Avignon 1,43.93590569746996,4.810385793145591,Avignon
0840384L,École élémentaire Jean-Henri Fabre B,École,Public,163 ter route de Tarascon,84000,Avignon,04 13 60 50 34,ce.0840384L@ac-aix-marseille.fr,REP+,Avignon 2,43.92940288229844,4.809560414666128,Avignon
0840385M,École maternelle les Rotondes,École,Public,10 boulevard du Midi,84000,Avignon,04 13 60 53 45,ce.0840385M@ac-aix-marseille.fr,REP+,Avignon 2,43.93617565529007,4.8252159606808025,Avignon
0840387P,École élémentaire les Rotondes,École,Public,2 impasse des Ecoles,84000,Avignon,04 13 60 53 64,ce.0840387P@ac-aix-marseille.fr,REP+,Avignon 2,43.936528734568704,4.825365533121749,Avignon
0840388R,École maternelle Frédéric Mistral,École,Public,8 rue Frédéric Mistral,84000,Avignon,04 13 60 53 40,ce.0840388R@ac-aix-marseille.fr,,Avignon 1,43.9460069542165,4.806841504751841,Avignon
0840390T,École élémentaire Bouquerie,École,Public,6 rue Pourquery de Boisserin,84000,Avignon,04 13 60 53 56,ce.0840390T@ac-aix-marseille.fr,,Avignon 1,43.9465174066846,4.8047146511875285,Avignon
0840391U,École primaire Courtine,École,Public,65 chemin de Gigognan,84000,Avignon,04 90 82 02 64,ce.0840391U@ac-aix-marseille.fr,,Avignon 1,43.92887921907022,4.779737689517631,Avignon
0840392V,École maternelle l'Arrousaire,École,Public,46 avenue de l'Arrousaire,84000,Avignon,04 13 60 51 10,ce.0840392V@ac-aix-marseille.fr,,Avignon 1,43.93806710920551,4.8137481761999545,Avignon
0840396Z,École élémentaire Grands Cyprès A,École,Public,4 rue du Duc de Cumberland,84000,Avignon,04 13 60 52 40,ce.0840396Z@ac-aix-marseille.fr,REP+,Avignon 2,43.93053335815012,4.82892174313768,Avignon
0840397A,École élémentaire Grands Cyprès B,École,Public,4 rue du Duc de Cumberland,84000,Avignon,04 13 60 52 41,ce.0840397A@ac-aix-marseille.fr,REP+,Avignon 2,43.9303534155556,4.8289159751101565,Avignon
0840398B,École maternelle Grands Cyprès,École,Public,2 rue du Duc de Cumberland,84000,Avignon,04 13 60 52 43,ce.0840398B@ac-aix-marseille.fr,REP+,Avignon 2,43.92959212641447,4.829114531772079,Avignon
0840399C,École élémentaire Louis Gros,École,Public,46 impasse Monplaisir,84000,Avignon,04 13 60 50 52,ce.0840399C@ac-aix-marseille.fr,REP,Avignon 1,43.93474188625144,4.799807866729082,Avignon
0840401E,École maternelle Louis Gros,École,Public,avenue Monplaisir,84000,Avignon,04 13 60 50 53,ce.0840401E@ac-aix-marseille.fr,REP,Avignon 1,43.936678077020176,4.802381580569078,Avignon
0840402F,École primaire Marcel Perrin,École,Public,22 avenue Monclar,84000,Avignon,04 13 60 51 36,ce.0840402F@ac-aix-marseille.fr,,Avignon 1,43.93922500294967,4.80574468879639,Avignon
0840405J,École maternelle les Ortolans,École,Public,rue des Ortolans,84000,Avignon,04 90 82 25 49,ce.0840405J@ac-aix-marseille.fr,,Avignon 1,43.94709116514673,4.804967044221,Avignon
0840406K,École maternelle Jacques Prévert,École,Public,301 boulevard Saint Roch,84320,Entraigues-sur-la-Sorgue,04 90 83 17 01,ce.0840406K@ac-aix-marseille.fr,,Avignon 3,44.0023582287799,4.92715341241678,Avignon
0840407L,École élémentaire Marie Mauron,École,Public,229 boulevard Saint Roch,84320,Entraigues-sur-la-Sorgue,04 90 83 18 58,ce.0840407L@ac-aix-marseille.fr,,Avignon 3,44.0012934856643,4.926882934156753,Avignon
0840408M,École élémentaire Robert Desnos,École,Public,82 allée des Jonquilles,84320,Entraigues-sur-la-Sorgue,04 90 83 15 71,ce.0840408M@ac-aix-marseille.fr,,Avignon 3,43.99859383910924,4.927840489118195,Avignon
0840411R,École maternelle Sénateur Béraud,École,Public,114 place du Sénateur Béraud,84170,Monteux,04 90 66 28 82,ce.0840411R@ac-aix-marseille.fr,,L'Isle sur la Sorgue,44.03669590812357,5.000077701308586,Ventoux
0840412S,École primaire Marcel Pagnol,École,Public,avenue Edouard Grangier,84170,Monteux,04 90 66 28 58,ce.0840412S@ac-aix-marseille.fr,,L'Isle sur la Sorgue,44.03809630518011,5.002515595808996,Ventoux
0840413T,École élémentaire Sénateur Béraud,École,Public,180 place du Sénateur Béraud,84170,Monteux,04 90 66 22 58,ce.0840413T@ac-aix-marseille.fr,,L'Isle sur la Sorgue,44.03657567347564,4.998971506110119,Ventoux
0840414U,École maternelle des P'tits Mousses,École,Public,boulevard du Couvent,84260,Sarrians,04 90 12 21 12,ce.0840414U@ac-aix-marseille.fr,,L'Isle sur la Sorgue,44.08312059559036,4.972315374596791,Ventoux
0840415V,École élémentaire Paul Cézanne,École,Public,boulevard du Couvent,84260,Sarrians,04 90 12 21 11,ce.0840415V@ac-aix-marseille.fr,,L'Isle sur la Sorgue,44.08307736684875,4.974564567839368,Ventoux
0840416W,École élémentaire Marie Mauron,École,Public,boulevard du Couvent,84260,Sarrians,04 90 12 21 10,ce.0840416W@ac-aix-marseille.fr,,L'Isle sur la Sorgue,44.083111603021806,4.972814661644102,Ventoux
0840417X,École élémentaire Henri Bosco,École,Public,boulevard Camille Pelletan,84400,Apt,04 90 04 68 83,ce.0840417X@ac-aix-marseille.fr,,Apt,43.87339236698513,5.398078939104083,Luberon
0840418Y,École élémentaire Jean Giono,École,Public,boulevard Camille Pelletan,84400,Apt,04 90 04 88 82,ce.0840418Y@ac-aix-marseille.fr,,Apt,43.873384168443344,5.398451973899913,Luberon
0840419Z,École maternelle la Ruche,École,Public,rue Gambetta,84400,Apt,04 90 04 69 52,ce.0840419Z@ac-aix-marseille.fr,,Apt,43.87493863887563,5.396011825081057,Luberon
0840422C,École maternelle Joliot-Curie,École,Public,20 boulevard Maréchal Leclerc,84500,Bollène,04 90 40 51 28,ce.0840422C@ac-aix-marseille.fr,REP,Bollène,44.28048218152925,4.7431977498862095,Haut Vaucluse
0840424E,École élémentaire Bonnieux,École,Public,avenue Aristide Briand,84480,Bonnieux,04 90 75 85 56,ce.0840424E@ac-aix-marseille.fr,,Apt,43.82301196534754,5.3055480266092125,Luberon
0840428J,École maternelle du Cèdre,École,Public,boulevard de la Liberté,84160,Cadenet,04 90 68 02 54,ce.0840428J@ac-aix-marseille.fr,,Pertuis,43.73445384230445,5.377257450533759,Sainte Victoire
0840430L,École élémentaire Caseneuve,École,Public,le bourg,84750,Caseneuve,04 90 75 25 97,ce.0840430L@ac-aix-marseille.fr,,Apt,43.886964692963815,5.484082501692826,Luberon
0840432N,École primaire Robert Fauque,École,Public,102 chemin du Stade,84160,Cucuron,04 90 77 22 74,ce.0840432N@ac-aix-marseille.fr,,Pertuis,43.77652865514668,5.439041091417962,Sainte Victoire
0840434R,École élémentaire les Ocres,École,Public,400 avenue des Cordiers,84400,Gargas,04 90 74 15 05,ce.0840434R@ac-aix-marseille.fr,,Apt,43.90160974138414,5.358002218518913,Luberon
0840437U,Collège Henri Boudon,Collège,Public,1 rue Jules Ferry,84500,Bollène,04 90 30 56 48,ce.0840437U@ac-aix-marseille.fr,,ASH Vaucluse,44.2914897082735,4.751134854041985,Haut Vaucluse
0840438V,École primaire les Couleaux,École,Public,73 route de la Sainte,84220,Joucas,04 90 05 70 05,ce.0840438V@ac-aix-marseille.fr,,Apt,43.92517887306483,5.255573347088707,Luberon
0840439W,École primaire Lacoste,École,Public,route de Bonnieux,84480,Lacoste,04 90 75 88 67,ce.0840439W@ac-aix-marseille.fr,,Apt,43.83092580932774,5.273240894736071,Luberon
0840441Y,École maternelle des Aires,École,Public,rue Louis Mourre,84360,Lauris,04 90 08 35 72,ce.0840441Y@ac-aix-marseille.fr,,Pertuis,43.747843230711645,5.31729119096481,Sainte Victoire
0840444B,École élémentaire Lioux,École,Public,quartier de la Combe,84220,Lioux,04 90 05 65 24,ce.0840444B@ac-aix-marseille.fr,,Apt,43.94653072504269,5.301349716746709,Luberon
0840447E,École primaire Merindol,École,Public,19 rue des Ecoles,84360,Mérindol,04 90 72 83 85,ce.0840447E@ac-aix-marseille.fr,,Cavaillon,43.752692080396415,5.20222974489109,Luberon
0840449G,École élémentaire Murs,École,Public,le Bourg,84220,Murs,04 90 72 63 19,ce.0840449G@ac-aix-marseille.fr,,Apt,43.95172538426216,5.241860361936023,Luberon
0840453L,École primaire,École,Public,2 impasse,84400,Rustrel,04 90 04 91 42,ce.0840453L@ac-aix-marseille.fr,,Apt,43.92336906637128,5.4832134435430895,Luberon
0840454M,École primaire Jean Milon,École,Public,route Auribeau,84400,Saignon,04 90 74 39 81,ce.0840454M@ac-aix-marseille.fr,,Apt,43.861781079386006,5.430126238673093,Luberon
0840456P,École élémentaire St Martin de Castillon,École,Public,184 rue du Brador,84750,Saint-Martin-de-Castillon,04 90 75 27 67,ce.0840456P@ac-aix-marseille.fr,,Apt,43.851132865715925,5.5189036508020255,Luberon
0840457R,École maternelle le Boisset,École,Public,hameau le Boisset,84750,Saint-Martin-de-Castillon,04 90 75 27 96,ce.0840457R@ac-aix-marseille.fr,,Apt,43.84958322821954,5.518167218138623,Luberon
0840459T,École primaire Empereur,École,Public,quartier Gravière,84490,Saint-Saturnin-lès-Apt,04 90 75 40 67,ce.0840459T@ac-aix-marseille.fr,,Apt,43.94221691630705,5.38242578103506,Luberon
0840460U,École primaire la Tuilière,École,Public,la Tuiliere,84490,Saint-Saturnin-lès-Apt,09 71 55 66 34,ce.0840460U@ac-aix-marseille.fr,,Apt,43.93055045166078,5.3175794741332725,Luberon
0840461V,École primaire Vaugines,École,Public,89 cours Saint-Louis,84160,Vaugines,04 90 77 21 21,ce.0840461V@ac-aix-marseille.fr,,Pertuis,43.7785489133012,5.415767341278456,Sainte Victoire
0840462W,École primaire Viens,École,Public,quartier Blaquieres rue G Bonnefoy,84750,Viens,04 90 75 23 91,ce.0840462W@ac-aix-marseille.fr,,Apt,43.89391216610676,5.564208611285715,Luberon
0840463X,École primaire Villars,École,Public,rue Grande Fontaine,84400,Villars,04 90 75 40 55,ce.0840463X@ac-aix-marseille.fr,,Apt,43.92284004352421,5.405269531740083,Luberon
0840466A,École élémentaire Marius Richard,École,Public,160 avenue Jean Moulin,84530,Villelaure,04 90 09 95 53,ce.0840466A@ac-aix-marseille.fr,,Pertuis,43.70922492655824,5.432837179495411,Sainte Victoire
0840467B,École élémentaire Simone Veil,École,Public,rue André de Richaud,84210,Althen-des-Paluds,04 90 62 00 29,ce.0840467B@ac-aix-marseille.fr,,Avignon 1,44.00233206855349,4.962043387654109,Avignon
0840468C,École élémentaire la Trillade B,École,Public,75 avenue des Sources,84000,Avignon,04 13 60 53 77,ce.0840468C@ac-aix-marseille.fr,REP+,Avignon 2,43.93282670587556,4.82031929687043,Avignon
0840469D,École élémentaire la Garenne,École,Public,109 allée Nicolas Mignard,84810,Aubignan,04 90 62 61 19,ce.0840469D@ac-aix-marseille.fr,,Carpentras,44.09975508440857,5.023546624557605,Ventoux
0840471F,École maternelle Aubignan,École,Public,109 allée Nicolas Mignard,84810,Aubignan,04 90 62 72 34,ce.0840471F@ac-aix-marseille.fr,,Carpentras,44.09976200253192,5.02317205584836,Ventoux
0840473H,École primaire le Barroux,École,Public,40 chemin Neuf,84330,le Barroux,04 90 62 53 66,ce.0840473H@ac-aix-marseille.fr,,Carpentras,44.13542472116012,5.099912102360851,Ventoux
0840474J,École élémentaire Jacques Prévert,École,Public,35 allée Saint-Roch,84190,Beaumes-de-Venise,04 90 62 90 48,ce.0840474J@ac-aix-marseille.fr,,Carpentras,44.11947215147031,5.030383543122752,Ventoux
0840481S,École primaire St-Esteve (Blauvac),École,Public,69 chemin de Saint Esteve,84570,Blauvac,04 90 61 95 46,ce.0840481S@ac-aix-marseille.fr,,L'Isle sur la Sorgue,44.040261854765234,5.21798000796099,Ventoux
0840483U,École élémentaire Caromb,École,Public,90 avenue Charles de Gaulle,84330,Caromb,04 90 62 41 92,ce.0840483U@ac-aix-marseille.fr,,Carpentras,44.112414340890815,5.10776916937134,Ventoux
0840484V,École élémentaire Émile Bouche,École,Public,6 rue de Cohorn,84200,Carpentras,04 90 63 06 45,ce.0840484V@ac-aix-marseille.fr,REP+,Carpentras,44.0531697900193,5.046778344818369,Ventoux
0840485W,École élémentaire Canton Nord Groupe A,École,Public,120 boulevard Alfred Rogier,84200,Carpentras,04 90 63 04 26,ce.0840485W@ac-aix-marseille.fr,,Carpentras,44.05739602761491,5.050572055164468,Ventoux
0840486X,École élémentaire Canton Nord Groupe B,École,Public,169 boulevard Alfred Rogier,84200,Carpentras,04 90 63 08 68,ce.0840486X@ac-aix-marseille.fr,,Carpentras,44.05712315460436,5.051152747431505,Ventoux
0840489A,École maternelle la Roseraie,École,Public,27 rue Alfred de Vigny,84200,Carpentras,04 90 63 08 77,ce.0840489A@ac-aix-marseille.fr,,Carpentras,44.05816479696895,5.045765630916394,Ventoux
0840492D,École maternelle la Quintine,École,Public,205 rue Marie-Therese Chalon,84200,Carpentras,04 90 63 14 75,ce.0840492D@ac-aix-marseille.fr,REP+,Carpentras,44.05471928565357,5.038815561886223,Ventoux
0840493E,École élémentaire les Amandiers B,École,Public,30 impasse Seghers,84200,Carpentras,04 90 63 21 32,ce.0840493E@ac-aix-marseille.fr,REP,Carpentras,44.05128032373423,5.042327543237472,Ventoux
0840494F,École élémentaire les Amandiers A,École,Public,30 impasse Seghers,84200,Carpentras,04 90 63 02 89,ce.0840494F@ac-aix-marseille.fr,REP,Carpentras,44.05104957537291,5.042631346713245,Ventoux
0840495G,École maternelle les Amandiers,École,Public,56 impasse Seghers,84200,Carpentras,04 90 63 08 64,ce.0840495G@ac-aix-marseille.fr,REP,Carpentras,44.0539818163643,5.033206382595028,Ventoux
0840496H,École élémentaire Alice Reynaud,École,Public,287 chemin de l'Hermitage,84200,Carpentras,04 90 63 29 47,ce.0840496H@ac-aix-marseille.fr,,Carpentras,44.082869461068256,5.065690161567592,Ventoux
0840499L,École élémentaire Gandie,École,Public,50 rue Ev. Bernardi de Valernes,84200,Carpentras,04 90 63 09 82,ce.0840499L@ac-aix-marseille.fr,,Carpentras,44.0503754814506,5.0451736839029095,Ventoux
0840500M,École maternelle Gandié,École,Public,50 rue Evariste Bernardi de Valernes,84200,Carpentras,04 90 63 16 95,ce.0840500M@ac-aix-marseille.fr,,Carpentras,44.05010556709027,5.045163988715426,Ventoux
0840501N,École maternelle Cité Verte,École,Public,146 chemin Saint Labre,84200,Carpentras,04 90 63 15 52,ce.0840501N@ac-aix-marseille.fr,,Carpentras,44.05350547486884,5.052555424616401,Ventoux
0840502P,École maternelle Allée des Soupirs,École,Public,120 allée des Soupirs,84200,Carpentras,04 90 63 18 67,ce.0840502P@ac-aix-marseille.fr,REP+,Carpentras,44.05338971751072,5.043102299345169,Ventoux
0840503R,École primaire les Garrigues,École,Public,route de Velleron,84200,Carpentras,04 90 63 11 18,ce.0840503R@ac-aix-marseille.fr,,Carpentras,44.02262230082591,5.035963681474304,Ventoux
0840506U,École primaire Flassan,École,Public,103 le Nouveau cours,84410,Flassan,04 90 61 84 08,ce.0840506U@ac-aix-marseille.fr,,L'Isle sur la Sorgue,44.09913380947529,5.2416635890012655,Ventoux
0840508W,École primaire Gigondas,École,Public,83 rue de la Libération,84190,Gigondas,04 90 65 67 62,ce.0840508W@ac-aix-marseille.fr,,Carpentras,44.16481527646241,5.0058129176247474,Ventoux
0840511Z,École élémentaire Félix Gras,École,Public,150 route de Méthamis,84570,Malemort-du-Comtat,04 90 69 72 17,ce.0840511Z@ac-aix-marseille.fr,,L'Isle sur la Sorgue,44.0152777409589,5.166177536077898,Ventoux
0840514C,École maternelle la Condamine,École,Public,394 chemin des Ecoliers,84380,Mazan,04 90 69 72 10,ce.0840514C@ac-aix-marseille.fr,,L'Isle sur la Sorgue,44.05582032011851,5.126322152900667,Ventoux
0840515D,École primaire Methamis,École,Public,chemin de Bel Air,84570,Méthamis,04 90 61 83 20,ce.0840515D@ac-aix-marseille.fr,,L'Isle sur la Sorgue,44.01273888230162,5.224447507299851,Ventoux
0840516E,École élémentaire Modène,École,Public,83 route de St Pierre,84330,Modène,04 90 62 53 69,ce.0840516E@ac-aix-marseille.fr,,L'Isle sur la Sorgue,44.10320620229388,5.124554833359043,Ventoux
0840518G,École élémentaire Mormoiron,École,Public,321 avenue la Venue de Mazan,84570,Mormoiron,04 90 61 76 11,ce.0840518G@ac-aix-marseille.fr,,L'Isle sur la Sorgue,44.06577438740289,5.179444946114575,Ventoux
0840538D,École primaire privée Champfleury,École,Privé,88 avenue de Tarascon,84000,Avignon,04 90 16 47 60,d.ecole@trinitaires84.org,,Avignon 1,43.936302060582,4.810151717978192,Avignon
0840539E,École primaire privée Notre Dame du Sourire,École,Privé,Croix de Pierre,84370,Bédarrides,04 90 33 02 19,ce.0840539E@ac-aix-marseille.fr,,Orange,44.039823062881766,4.89533986119162,Haut Vaucluse
0840542H,École primaire privée St Andéol,École,Privé,place Saint Andéol,84850,Camaret-sur-Aigues,04 90 37 25 59,ce.0840542H@ac-aix-marseille.fr,,Orange,44.16400627256015,4.873690172321309,Haut Vaucluse
0840545L,École primaire privée Notre-Dame du Sacré-Coeur,École,Privé,boulevard Gambetta,84350,Courthézon,04 90 70 84 29,ce.0840545L@ac-aix-marseille.fr,,Orange,44.08487875329775,4.887143262185924,Haut Vaucluse
0840547N,École primaire privée Saint Joseph,École,Privé,avenue Jean Jaurès,84210,Pernes-les-Fontaines,04 90 61 30 54,ce.0840547N@ac-aix-marseille.fr,,L'Isle sur la Sorgue,43.997032034979895,5.056188488806439,Ventoux
0840553V,École primaire privée Marie Rivier,École,Privé,215 avenue du Griffon,84700,Sorgues,04 90 39 70 71,direction.ecole.marie.rivier@wanadoo.fr,,Avignon 3,44.01137319155739,4.874742092324758,Avignon
0840555X,École primaire privée St Jean le Baptiste,École,Privé,20 rue Jean Xxiii,84600,Valréas,04 90 35 03 28,ecolesaintgabriel@orange.fr,,Bollène,44.380770864633455,4.9880450357525685,Haut Vaucluse
0840556Y,École primaire privée Notre-Dame,École,Privé,240 boulevard Edouard Daladier,84100,Orange,04 90 34 10 93,ce.0840556Y@ac-aix-marseille.fr,,Orange,44.13834783979058,4.808898908903931,Haut Vaucluse
0840558A,École élémentaire privée de Causans,École,Privé,hameau de Causans,84150,Jonquières,04 90 70 61 65,ce.0840558A@ac-aix-marseille.fr,,Orange,44.11979889457414,4.909479418410712,Haut Vaucluse
0840563F,École primaire privée Notre-Dame,École,Privé,28 boulevard de la Libération,84150,Jonquières,04 90 70 61 17,ce.0840563F@ac-aix-marseille.fr,,Orange,44.11514219640596,4.901262685049246,Haut Vaucluse
0840574T,École maternelle les Vallades,École,Public,quartier les Vallades,84800,L'Isle-sur-la-Sorgue,04 90 38 00 51,ce.0840574T@ac-aix-marseille.fr,,L'Isle sur la Sorgue,43.92821433461309,5.053490470624542,Luberon
0840575U,École élémentaire Joliot-Curie,École,Public,chemin de la Planque,84300,Cavaillon,04 90 71 09 57,ce.0840575U@ac-aix-marseille.fr,,Cavaillon,43.829450796910855,5.039778903801482,Luberon
0840583C,Collège Denis Diderot,Collège,Public,579 avenue G-A Michel,84701,Sorgues,04 90 39 22 16,ce.0840583C@ac-aix-marseille.fr,,ASH Vaucluse,44.008722158521294,4.886459609512724,Avignon
0840585E,Collège Jean Bouin,Collège,Public,avenue Jean Bouin,84802,L'Isle-sur-la-Sorgue,04 90 38 02 55,ce.0840585E@ac-aix-marseille.fr,,ASH Vaucluse,43.92200061427671,5.0448136337951714,Luberon
0840587G,École maternelle Frédéric Mistral,École,Public,avenue Pierre de Coubertin,84150,Jonquières,04 90 70 61 48,ce.0840587G@ac-aix-marseille.fr,,Orange,44.1140937198857,4.90404059909777,Haut Vaucluse
0840592M,École élémentaire des Aires,École,Public,rue Louis Mourre,84360,Lauris,04 90 08 26 13,ce.0840592M@ac-aix-marseille.fr,,Pertuis,43.74783530889013,5.317663418994868,Sainte Victoire
0840593N,École élémentaire Public Françoise Dolto,École,Public,rue des Bourgades,84550,Mornas,04 90 37 01 10,ce.0840593N@ac-aix-marseille.fr,,Bollène,44.201282137838575,4.729433267028886,Haut Vaucluse
0840594P,École primaire le Grès,École,Public,2557 route du Grès,84100,Orange,04 90 51 38 38,ce.0840594P@ac-aix-marseille.fr,,Orange,44.10803937690319,4.802522370170887,Haut Vaucluse
0840595R,École primaire les Sables,École,Public,rue des Pyrénées,84100,Orange,04 90 51 38 44,ce.0840595R@ac-aix-marseille.fr,,Orange,44.12662469746616,4.825108333889721,Haut Vaucluse
0840598U,École primaire de la Combe,École,Public,134 chemin Vallon de la Combe,84300,Taillades,04 90 71 11 76,ce.0840598U@ac-aix-marseille.fr,,Cavaillon,43.83437669048375,5.089939957149394,Luberon
0840606C,Lycée professionnel Agricole la Ricarde,Lycée,Public,1016 avenue Jean Bouin,84800,L'Isle-sur-la-Sorgue,04 90 38 03 35,lpa.sorgue@educagri.fr,,,43.92517448266341,5.03567903623877,Luberon
0840607D,Lycée d'enseignement général et technologique Agricole Louis Giraud,Lycée,Public,310 chemin de l'Hermitage,84200,Carpentras,04 90 60 80 80,legta.carpentras@educagri.fr,,,44.08347592574415,5.0638948203435525,Ventoux
0840613K,École primaire privée la Nativité,École,Privé,5 rue Capty,84100,Orange,04 90 34 88 03,ce.0840613K@ac-aix-marseille.fr,,Orange,44.1384427083634,4.815957781459201,Haut Vaucluse
0840614L,Ensemble Scolaire Notre Dame,École,Privé,150 chemin de Val Joanis,84120,Pertuis,04 90 07 42 01,ce.0840614L@ac-aix-marseille.fr,,Pertuis,43.723999529913634,5.548181186215115,Sainte Victoire
0840615M,École primaire privée Saint Charles,École,Privé,197 cours Carnot,84300,Cavaillon,04 90 78 04 88,dir-primaire@stcharles84.org,,Cavaillon,43.83627406293253,5.035552858054381,Luberon
0840617P,École primaire privée Notre-Dame du Bon Accueil,École,Privé,22 rue du Commandant Pellegrin,84170,Monteux,04 90 66 31 18,ce.0840617P@ac-aix-marseille.fr,,L'Isle sur la Sorgue,44.03536354175424,4.992868871924815,Ventoux
0840621U,École primaire privée Marie Pila,École,Privé,18 rue des Marins,84200,Carpentras,04 90 63 17 31,ce.0840621U@ac-aix-marseille.fr,,Carpentras,44.053964724168495,5.049042785423306,Ventoux
0840622V,École primaire privée Sainte Marie,École,Privé,boulevard Victor Hugo,84500,Bollène,04 90 30 44 98,ce.0840622V@ac-aix-marseille.fr,,Bollène,44.28049728028851,4.751704081531511,Haut Vaucluse
0840623W,École primaire privée Saint Sébastien,École,Privé,quartier des Moulins,84190,Beaumes-de-Venise,04 90 65 03 28,ecolesaintsebastien@orange.fr,,Carpentras,44.12267380081397,5.035624902004558,Ventoux
0840628B,École primaire privée du Sacré-Coeur,École,Privé,boulevard National,84400,Apt,04 90 74 23 72,ce.0840628B@ac-aix-marseille.fr,,Apt,43.87409017968495,5.39606832546397,Luberon
0840630D,École primaire privée Charles de Foucauld,École,Privé,303 allée de Cassagne,84130,le Pontet,04 90 31 11 66,ce.0840630D@ac-aix-marseille.fr,,Avignon 3,43.96215294548515,4.873992633898376,Avignon
0840631E,École primaire privée Saint Jean-Baptiste de la Salle-Charles Péguy,École,Privé,rue Notre Dame des Sept Douleurs,84000,Avignon,04 90 14 56 56,ce.0840631E@ac-aix-marseille.fr,,Avignon 1,43.94817893541946,4.8160308943981365,Avignon
0840634H,École primaire privée Saint Joseph,École,Privé,8 bis rue Marquis de Palun,84140,Avignon,04 90 23 91 24,ce.0840634H@ac-aix-marseille.fr,,Avignon 2,43.93785360072257,4.87733415156436,Avignon
0840635J,École primaire privée Saint Laurent,École,Privé,7 rue Reboutade,84800,L'Isle-sur-la-Sorgue,04 90 38 14 88,ce.0840635J@ac-aix-marseille.fr,,L'Isle sur la Sorgue,43.91904073633381,5.0494165670785245,Luberon
0840636K,École primaire privée Saint Charles,École,Privé,route Nationale,84470,Châteauneuf-de-Gadagne,04 90 22 43 22,ce.0840636K@ac-aix-marseille.fr,,Cavaillon,43.9203371725792,4.948228338690535,Luberon
0840637L,École primaire privée Saint Joseph,École,Privé,avenue de la Retanque,84450,Saint-Saturnin-lès-Avignon,04 90 22 47 42,ce.0840637L@ac-aix-marseille.fr,,Avignon 2,43.95735669112949,4.932450817239241,Avignon
0840642S,École élémentaire Saint Roch,École,Public,112 avenue Monclar,84000,Avignon,04 13 60 53 67,ce.0840642S@ac-aix-marseille.fr,REP,Avignon 1,43.928008209259225,4.799168246726446,Avignon
0840643T,École maternelle Saint Roch,École,Public,112 avenue Monclar,84000,Avignon,04 13 60 53 49,ce.0840643T@ac-aix-marseille.fr,REP,Avignon 1,43.92818815316113,4.799173920718899,Avignon
0840645V,École maternelle des Nevons,École,Public,cours René Char,84800,L'Isle-sur-la-Sorgue,04 90 20 69 71,ce.0840645V@ac-aix-marseille.fr,,L'Isle sur la Sorgue,43.91543615715328,5.056120411526471,Luberon
0840647X,École maternelle Croix Rouge,École,Public,rue Pierre Corneille,84100,Orange,04 90 51 38 36,ce.0840647X@ac-aix-marseille.fr,REP,Orange,44.15196319474229,4.799314876736402,Haut Vaucluse
0840648Y,École élémentaire Croix Rouge,École,Public,7 rue Pierre Corneille,84100,Orange,04 90 51 38 35,ce.0840648Y@ac-aix-marseille.fr,REP,Orange,44.15178322825889,4.799309179962946,Haut Vaucluse
0840650A,École primaire Clovis Hugues,École,Public,377 route de Cavaillon,84560,Ménerbes,04 90 72 37 03,ce.0840650A@ac-aix-marseille.fr,,Apt,43.83257051849304,5.20448855506091,Luberon
0840651B,École primaire les Valayans,École,Public,1248 route du Thor,84210,Pernes-les-Fontaines,04 90 62 07 50,ce.0840651B@ac-aix-marseille.fr,,L'Isle sur la Sorgue,43.98088737864365,4.969325673928738,Ventoux
0840653D,École primaire Val des Fees,École,Public,avenue de la Burlière,84220,Roussillon,04 90 05 60 29,ce.0840653D@ac-aix-marseille.fr,,Apt,43.90002899876258,5.294012481873452,Luberon
0840654E,École élémentaire Pierre Goujon,École,Public,233 chemin Caumont,84470,Châteauneuf-de-Gadagne,04 90 22 42 03,ce.0840654E@ac-aix-marseille.fr,,Cavaillon,43.9252953119095,4.945719732156648,Luberon
0840655F,École élémentaire Christian Tallieux,École,Public,rue des Ecoles,84800,Fontaine-de-Vaucluse,04 90 20 50 08,ce.0840655F@ac-aix-marseille.fr,,L'Isle sur la Sorgue,43.9229210821548,5.125430374528529,Luberon
0840656G,École primaire Gabriel Péri,École,Public,113 avenue de la Gare,84500,Bollène,04 90 30 20 74,ce.0840656G@ac-aix-marseille.fr,,Bollène,44.27178672045533,4.7061394902797336,Haut Vaucluse
0840658J,École maternelle Gérard Philipe,École,Public,130 avenue Pablo Picasso,84700,Sorgues,04 90 39 14 11,ce.0840658J@ac-aix-marseille.fr,,Avignon 3,43.99347646124853,4.886563529657835,Avignon
0840659K,École primaire privée Saint Dominique,École,Privé,place du 11 Novembre,84380,Mazan,04 90 69 84 23,ecolestdominiquemazan@gmail.com,,L'Isle sur la Sorgue,44.05739589192556,5.126231181060104,Ventoux
0840660L,École primaire René Char,École,Public,140 chemin des Ecoles,84220,Goult,04 90 72 21 36,ce.0840660L@ac-aix-marseille.fr,,Apt,43.86158068935744,5.244746424123175,Luberon
0840664R,Collège Jules Verne,Collège,Public,Domaine de Fargues,84134,le Pontet,04 90 31 50 00,ce.0840664R@ac-aix-marseille.fr,REP,ASH Vaucluse,43.959249941349086,4.862076609008712,Avignon
0840669W,École primaire Elsa Triolet,École,Public,boulevard Jean Cocteau,84700,Sorgues,04 90 39 13 36,ce.0840669W@ac-aix-marseille.fr,,Avignon 3,44.017615482668525,4.863469061781353,Avignon
0840670X,École maternelle la Souleiado,École,Public,avenue du Général de Gaulle,84850,Camaret-sur-Aigues,09 71 21 46 79,ce.0840670X@ac-aix-marseille.fr,,Orange,44.16346504167096,4.8808514933207965,Haut Vaucluse
0840671Y,École maternelle Sainte-Catherine,École,Public,rue des Rêveuses,84140,Avignon,04 13 60 51 01,ce.0840671Y@ac-aix-marseille.fr,,Avignon 2,43.92500455097623,4.875101699878281,Avignon
0840672Z,École élémentaire Sainte Catherine,École,Public,rue des Rêveuses,84140,Avignon,04 13 60 51 05,ce.0840672Z@ac-aix-marseille.fr,,Avignon 2,43.92500027691041,4.875350659286936,Avignon
0840673A,École maternelle Mise Pouzol,École,Public,176 impasse Mise Pouzol,84200,Carpentras,04 90 63 20 12,ce.0840673A@ac-aix-marseille.fr,REP+,Carpentras,44.04529190324352,5.0490452446913,Ventoux
0840674B,École élémentaire la Condamine,École,Public,90 chemin des Rossignols,84380,Mazan,04 90 69 71 79,ce.0840674B@ac-aix-marseille.fr,,L'Isle sur la Sorgue,44.052112340632654,5.126804117298741,Ventoux
0840675C,École primaire Oppède,École,Public,99 place Félix Autard,84580,Oppède,04 90 76 93 45,ce.0840675C@ac-aix-marseille.fr,,Apt,43.8433934225812,5.168514908865683,Luberon
0840676D,École primaire la Calade,École,Public,quartier Dessus la Garde,84110,Séguret,04 90 46 90 76,ce.0840676D@ac-aix-marseille.fr,,Carpentras,44.20789188206871,5.020779647647489,Ventoux
0840677E,École primaire Rasteau,École,Public,6 rue des Ecoles,84110,Rasteau,04 90 46 13 93,ce.0840677E@ac-aix-marseille.fr,,Bollène,44.23075672812936,4.985825421444149,Haut Vaucluse
0840678F,École élémentaire Cassini,École,Public,94 rue Marguerite Tauriac,84310,Morières-lès-Avignon,04 90 33 36 04,ce.0840678F@ac-aix-marseille.fr,,Avignon 2,43.9402395823597,4.904255494505281,Avignon
0840679G,École élémentaire les Amandiers,École,Public,17 avenue du Mont Ventoux,84850,Camaret-sur-Aigues,09 61 35 89 39,ce.0840679G@ac-aix-marseille.fr,,Orange,44.16334921872295,4.873784826335529,Haut Vaucluse
0840680H,École élémentaire Lucie Aubrac,École,Public,hameau Saint-Antoine,84800,L'Isle-sur-la-Sorgue,04 90 21 12 11,ce.0840680H@ac-aix-marseille.fr,,L'Isle sur la Sorgue,43.936480832696375,5.0658413661134025,Luberon
0840681J,École élémentaire Jean Beys,École,Public,hameau de Velorgues,84800,L'Isle-sur-la-Sorgue,04 90 38 04 03,ce.0840681J@ac-aix-marseille.fr,,L'Isle sur la Sorgue,43.89796920185137,5.049532805580092,Luberon
0840682K,E.E.Pu groupe scolaire les Micocouliers,École,Public,114 route de Carpentras,84190,Vacqueyras,04 90 65 85 72,ce.0840682K@ac-aix-marseille.fr,,Carpentras,44.13732247925058,4.985459925620664,Ventoux
0840683L,École primaire publique Yann Arthus Bertrand,École,Public,5 place du Général de Gaulle,84290,Cairanne,04 90 30 81 54,ce.0840683L@ac-aix-marseille.fr,,Bollène,44.22983296978532,4.931412986045043,Haut Vaucluse
0840684M,École primaire Philippe de Girard,École,Public,avenue Philippe de Girard,84160,Lourmarin,04 90 68 02 90,ce.0840684M@ac-aix-marseille.fr,,Pertuis,43.76483779741383,5.362936352568013,Sainte Victoire
0840686P,École primaire privée les Jardins de Notre Dame,École,Privé,rue des Jardins,84420,Piolenc,04 90 29 60 61,ce.0840686P@ac-aix-marseille.fr,,Orange,44.17618786967288,4.761753543775077,Haut Vaucluse
0840691V,École maternelle les Cordeliers,École,Public,avenue de Viton,84400,Apt,04 90 74 53 68,ce.0840691V@ac-aix-marseille.fr,,Apt,43.88019584634911,5.4104798216276375,Luberon
0840692W,École maternelle la Colline,École,Public,avenue Général de Gaulle,84300,Cavaillon,04 90 71 16 90,ce.0840692W@ac-aix-marseille.fr,REP+,Cavaillon,43.84199379807544,5.039368482845776,Luberon
0840696A,École maternelle Henri Bosco,École,Public,420 allée de Cassagne,84130,le Pontet,04 90 03 13 01,ce.0840696A@ac-aix-marseille.fr,,Avignon 3,43.96155280574119,4.8747094734916825,Avignon
0840697B,Collège Joseph Vernet,Collège,Public,34 rue Joseph Vernet,84000,Avignon,04 32 74 35 80,ce.0840697B@ac-aix-marseille.fr,,ASH Vaucluse,43.94832075856264,4.803281514538856,Avignon
0840698C,Collège Alphonse Silve,Collège,Public,258 avenue Édouard Grangier,84170,Monteux,04 90 66 31 33,ce.0840698C@ac-aix-marseille.fr,,,44.037724494666,5.001727505690719,Ventoux
0840699D,Collège Paul Éluard,Collège,Public,83 rue Honoré Daumier,84503,Bollène,04 90 30 55 04,ce.0840699D@ac-aix-marseille.fr,REP,,44.2755115177164,4.745288125657382,Haut Vaucluse
0840700E,Lycée professionnel Ferdinand Revoul,Lycée,Public,route de Nyons,84601,Valréas,04 90 35 03 68,ce.0840700E@ac-aix-marseille.fr,,,44.38524645200465,4.999611221005836,Haut Vaucluse
0840703H,École élémentaire les Olivades,École,Public,9 rue du Docteur Geoffroy,84000,Avignon,04 13 60 51 06,ce.0840703H@ac-aix-marseille.fr,REP+,Avignon 2,43.92830436383541,4.81576203660825,Avignon
0840704J,École primaire Entrechaux,École,Public,122 rue des Ecoles,84340,Entrechaux,04 90 46 00 36,ce.0840704J@ac-aix-marseille.fr,,Carpentras,44.218130954015066,5.133746046000195,Ventoux
0840705K,École maternelle les Olivades,École,Public,7 rue du Docteur Geoffroy,84000,Avignon,04 13 60 51 03,ce.0840705K@ac-aix-marseille.fr,REP+,Avignon 2,43.92840563415045,4.816222376842795,Avignon
0840706L,École élémentaire les Santolines,École,Public,254 rue de la République,84800,Lagnes,04 90 20 30 05,ce.0840706L@ac-aix-marseille.fr,,Apt,43.8924984434203,5.114297563978276,Luberon
0840707M,École élémentaire Marcel Pagnol,École,Public,avenue Marcel Pagnol,84310,Morières-lès-Avignon,04 90 33 37 73,ce.0840707M@ac-aix-marseille.fr,,Avignon 2,43.94394349147559,4.896053890894539,Avignon
0840708N,École élémentaire Henri Bosco,École,Public,77 allée de l'Offante,84130,le Pontet,04 90 03 13 18,ce.0840708N@ac-aix-marseille.fr,,Avignon 3,43.96159563517859,4.872210808150429,Avignon
0840712T,École maternelle les Croisières,École,Public,47 rue Francois Jouve,84200,Carpentras,04 90 63 23 99,ce.0840712T@ac-aix-marseille.fr,,Carpentras,44.048791948208695,5.028669600322913,Ventoux
0840714V,Collège Saint-Jean le Baptiste,Collège,Privé,1 place Pie,84600,Valréas,04 90 35 01 65,contact@college-saintgabriel.com,,,44.38448899001104,4.990627888698302,Haut Vaucluse
0840716X,Collège Vallis Aeria,Collège,Public,avenue Jean Moulin,84600,Valréas,04 90 35 54 00,ce.0840716X@ac-aix-marseille.fr,REP,,44.387896326262734,5.005314177299518,Haut Vaucluse
0840738W,Collège Alphonse Tavan,Collège,Public,950 chemin de la Verdiere,84140,Avignon,04 90 31 37 18,ce.0840738W@ac-aix-marseille.fr,,ASH Vaucluse,43.94212366305125,4.877366289329071,Avignon
0840740Y,École primaire Velleron,École,Public,avenue Joseph Liotier,84740,Velleron,04 90 20 00 63,ce.0840740Y@ac-aix-marseille.fr,,L'Isle sur la Sorgue,43.959636366647416,5.030019619664466,Luberon
0840746E,Lycée professionnel Acaf-Msa,Lycée,Privé,19 Quai Pasteur,84110,Vaison-la-Romaine,04 90 36 01 41,contact@acaf-msa.net,,,44.24024947676323,5.071322253023891,Ventoux
0840747F,Lycée professionnel Saint-Jean le Baptiste,Lycée,Privé,rue des Ursulines,84600,Valréas,04 90 35 03 40,lyceepro@saintjean84.cneap.fr,,,44.38561585509898,4.989560004910413,Haut Vaucluse
0840758T,Collège Frédéric Mistral,Collège,Public,rue d'Annanelle,84000,Avignon,04 90 80 45 00,ce.0840758T@ac-aix-marseille.fr,REP,,43.94704107997609,4.801565250756268,Avignon
0840759U,Collège Charles de Gaulle,Collège,Public,104 place Charles de Gaulle,84400,Apt,04 90 74 11 19,ce.0840759U@ac-aix-marseille.fr,,ASH Vaucluse,43.876194452197126,5.40056644904602,Luberon
0840760V,Collège Jean Henri Fabre,Collège,Public,387 avenue du Mont Ventoux,84200,Carpentras,04 90 63 05 83,ce.0840760V@ac-aix-marseille.fr,,ASH Vaucluse,44.05841430881113,5.058343116953661,Ventoux
0840761W,Collège Alphonse Daudet,Collège,Public,4 rue Jean Monnet,84201,Carpentras,04 90 60 49 00,ce.0840761w@ac-aix-marseille.fr,REP+,ASH Vaucluse,44.047555366708046,5.031266819380827,Ventoux
0840762X,Collège Barbara Hendricks,Collège,Public,226 rue du Limousin,84106,Orange,04 90 11 18 00,ce.0840762X@ac-aix-marseille.fr,REP,ASH Vaucluse,44.14299591349081,4.798565972229485,Haut Vaucluse
0840763Y,Lycée professionnel de l'Argensol,Lycée,Public,80 rue Henri Dunant,84106,Orange,04 90 34 46 10,ce.0840763Y@ac-aix-marseille.fr,,,44.131943458938345,4.827389077071996,Haut Vaucluse
0840764Z,Collège Arausio,Collège,Public,rue Henri Dunant,84106,Orange,04 90 34 52 52,ce.0840764z@ac-aix-marseille.fr,,ASH Vaucluse,44.131962210138624,4.832898497396608,Haut Vaucluse
0840767C,École maternelle la Deymarde,École,Public,377 avenue Rodolphe d'Aymard,84100,Orange,04 90 51 38 41,ce.0840767C@ac-aix-marseille.fr,,Orange,44.13458679195072,4.817149702301104,Haut Vaucluse
0840768D,École maternelle Marcel Pagnol,École,Public,330 avenue Marcel Pagnol,84310,Morières-lès-Avignon,04 90 33 30 67,ce.0840768D@ac-aix-marseille.fr,,Avignon 2,43.943832482408354,4.895188025683503,Avignon
0840769E,École maternelle Saint Roch,École,Public,rue Saint-Roch,84120,Pertuis,04 90 79 13 22,ce.0840769E@ac-aix-marseille.fr,,Pertuis,43.688501236098304,5.505375400962329,Sainte Victoire
0840770F,École maternelle les Jardins,École,Public,15 allée de la Rabassière,84270,Vedène,04 90 32 00 15,ce.0840770F@ac-aix-marseille.fr,,Avignon 1,43.98338618561959,4.908578178862493,Avignon
0840771G,École maternelle Antoine de Saint-Exupéry,École,Public,14 rue Antoine de Saint-Exupéry,84000,Avignon,04 13 60 53 48,ce.0840771G@ac-aix-marseille.fr,REP+,Avignon 2,43.93111050826544,4.846945664115347,Avignon
0840772H,École élémentaire Pierre de Coubertin,École,Public,13 avenue Pierre de Coubertin,84000,Avignon,04 13 60 53 59,ce.0840772H@ac-aix-marseille.fr,REP+,Avignon 2,43.930466430200696,4.845959468608757,Avignon
0840781T,École élémentaire de la Résistance (Sault),École,Public,avenue de la Résistance,84390,Sault,04 90 64 04 79,ce.0840781T@ac-aix-marseille.fr,,Apt,44.09327137463982,5.410167809799215,Ventoux
0840782U,École élémentaire les Pins,École,Public,10 rue de l'Eglise,84870,Loriol-du-Comtat,04 90 12 91 13,ce.0840782U@ac-aix-marseille.fr,,Carpentras,44.0769312597156,5.001229451660516,Ventoux
0840783V,École élémentaire Joliot Curie,École,Public,230 avenue du Maréchal Leclerc,84500,Bollène,04 90 40 51 27,ce.0840783V@ac-aix-marseille.fr,REP,Bollène,44.279457473213895,4.745133834876383,Haut Vaucluse
0840784W,École élémentaire de la République (Bedoin),École,Public,2 place de la République,84410,Bédoin,04 90 65 69 14,ce.0840784W@ac-aix-marseille.fr,,L'Isle sur la Sorgue,44.123690975729446,5.181458496464228,Ventoux
0840785X,École élémentaire la Roseraie,École,Public,quartier la Roseraie,84200,Carpentras,04 90 63 04 65,ce.0840785X@ac-aix-marseille.fr,,Carpentras,44.05876323353685,5.046551213170105,Ventoux
0840786Y,École maternelle Jean Moulin,École,Public,2 avenue Emmanuel Vitria,84860,Caderousse,04 90 51 90 49,ce.0840786Y@ac-aix-marseille.fr,,Orange,44.10108191222948,4.753997044140291,Haut Vaucluse
0840788A,Centre Forestier de la Région PACA,Lycée,Privé,Domaine de Pié de Gâche,84240,La Bastide-des-Jourdans,04 90 77 80 01,courrier@centre-forestier.org,,,43.77103293703787,5.655100189581094,Sainte Victoire
0840789B,École maternelle les Neuf Peyres,École,Public,rue Annibal de Ceccano,84000,Avignon,04 13 60 53 38,ce.0840789B@ac-aix-marseille.fr,REP+,Avignon 1,43.94401517068812,4.83136861872145,Avignon
0840790C,École maternelle Clos de la Murette,École,Public,378 chemin des Cris Verts,84000,Avignon,04 13 60 51 07,ce.0840790C@ac-aix-marseille.fr,,Avignon 2,43.926673859597685,4.825176069138811,Avignon
0840792E,École maternelle Jean de la Fontaine,École,Public,503 chemin du Canal Crillon,84130,le Pontet,04 90 03 16 71,ce.0840792e@ac-aix-marseille.fr,,Avignon 3,43.9635159946453,4.882734400167517,Avignon
0840794G,École maternelle Jules Ferry,École,Public,rue Alphonse Daudet,84600,Valréas,04 90 37 37 35,ce.0840794G@ac-aix-marseille.fr,REP,Bollène,44.38089595996742,4.994569616833993,Haut Vaucluse
0840795H,École élémentaire les Jardins,École,Public,310 chemin des Jardins,84270,Vedène,04 90 32 02 15,ce.0840795H@ac-aix-marseille.fr,,Avignon 1,43.98344110426841,4.907701031783919,Avignon
0840797K,Lycée d'enseignement professionnel et technologique les Chênes,Lycée,Privé,524 avenue du Pont des Fontaines,84200,Carpentras,04 90 63 07 70,contact@lycee-leschenes.fr,,,44.06094262325023,5.0555054491241975,Ventoux
0840798L,École maternelle Marcel Pagnol,École,Public,195 allée Marcel Pagnol,84420,Piolenc,04 90 29 61 06,ce.0840798L@ac-aix-marseille.fr,,Orange,44.17447939100176,4.765095585887468,Haut Vaucluse
0840799M,École élémentaire Jean de la Fontaine,École,Public,chemin du Canal Crillon,84130,le Pontet,04 90 03 16 65,ce.0840799M@ac-aix-marseille.fr,,Avignon 3,43.95975480722136,4.883102498710511,Avignon
0840803S,Collège Lou Vignares,Collège,Public,avenue Charles de Gaulle,84270,Vedène,04 90 32 39 58,ce.0840803s@ac-aix-marseille.fr,,,43.9748491014054,4.91038667596326,Avignon
0840847P,École maternelle Pauline Kergomard,École,Public,19 chemin de la Loge,84510,Caumont-sur-Durance,04 90 23 03 41,ce.0840847P@ac-aix-marseille.fr,,Cavaillon,43.89539967986265,4.955110527166484,Luberon
0840848R,École maternelle les Ratacans,École,Public,avenue Pierre Mendès France,84300,Cavaillon,04 90 71 12 60,ce.0840848R@ac-aix-marseille.fr,,Cavaillon,43.84802176283593,5.042054010088837,Luberon
0840849S,École élémentaire Ratacan,École,Public,avenue Pierre Mendès France,84300,Cavaillon,04 90 71 46 54,ce.0840849S@ac-aix-marseille.fr,,Cavaillon,43.84801245369104,5.042551232034332,Luberon
0840850T,École élémentaire François Jouve Pou du Plan,École,Public,82 rue Robert Lacoste,84200,Carpentras,04 90 60 11 28,ce.0840850T@ac-aix-marseille.fr,REP+,Carpentras,44.04653426520757,5.054332503051866,Ventoux
0840851U,Collège Marie Pila (Filles),Collège,Privé,459 avenue Jean Moulin,84208,Carpentras,04 90 63 07 54,contact@mariepila-carpentras.fr,,,44.06053222524821,5.057941505838562,Ventoux
0840852V,Collège Marie Pila (Garçons),Collège,Privé,459 avenue Jean Moulin,84208,Carpentras,04 90 63 07 54,contact@mariepila-carpentras.fr,,,44.06052518842243,5.058315812225726,Ventoux
0840853W,Collège Saint-Louis,Collège,Privé,Colline Saint-Eutrope,84100,Orange,04 90 34 01 50,secret-lycee@stlouis-orange.fr,,,44.12505548954409,4.805266468826725,Haut Vaucluse
0840871R,École maternelle Pierre Goujon,École,Public,place des Acacias,84470,Châteauneuf-de-Gadagne,04 90 22 11 48,ce.0840871R@ac-aix-marseille.fr,,Cavaillon,43.92818794314306,4.9447982323461055,Luberon
0840872S,École élémentaire Mistral,École,Public,107 boulevard Jean Cocteau,84700,Sorgues,04 90 39 59 42,ce.0840872S@ac-aix-marseille.fr,REP,Avignon 3,44.01575270132089,4.860252015030606,Avignon
0840878Y,École maternelle Jean-Louis Ayme,École,Public,route de Carpentras,84330,Caromb,04 90 62 40 11,ce.0840878Y@ac-aix-marseille.fr,,Carpentras,44.097725188427326,5.100159753825329,Ventoux
0840881B,École élémentaire Joseph Marie Marsily,École,Public,277 rue Giraud,84120,Pertuis,04 90 79 52 57,ce.0840881B@ac-aix-marseille.fr,,Pertuis,43.6918388508453,5.502271986145501,Sainte Victoire
0840882C,École maternelle Frédéric Mistral,École,Public,107 boulevard J Cocteau,84700,Sorgues,04 90 39 59 52,ce.0840882C@ac-aix-marseille.fr,REP,Avignon 3,44.0159368910622,4.860008532832508,Avignon
0840896T,École maternelle Massillargues,École,Public,21 rue René Cassin,84000,Avignon,04 13 60 50 70,ce.0840896T@ac-aix-marseille.fr,REP+,Avignon 3,43.94677959949264,4.842832996158094,Avignon
0840905C,École maternelle Font de Galines,École,Public,quartier Saint-Antoine,84800,L'Isle-sur-la-Sorgue,04 90 20 74 55,ce.0840905C@ac-aix-marseille.fr,,L'Isle sur la Sorgue,43.93786054481976,5.067623069594858,Luberon
0840906D,École maternelle Coudoulet,École,Public,rue des Chênes Verts,84100,Orange,04 90 51 19 61,ce.0840906D@ac-aix-marseille.fr,,Orange,44.12111111314549,4.826308645725871,Haut Vaucluse
0840907E,École maternelle Françoise Dolto,École,Public,rue des Bourgades,84550,Mornas,04 90 37 07 05,ce.0840907E@ac-aix-marseille.fr,,Bollène,44.201462112523416,4.72943874737655,Haut Vaucluse
0840908F,École maternelle les Sources,École,Public,198 rue les Sources,84400,Gargas,04 90 74 34 77,ce.0840908F@ac-aix-marseille.fr,,Apt,43.90228461073025,5.359270326801445,Luberon
0840909G,École maternelle les Pins,École,Public,avenue de la Gare,84870,Loriol-du-Comtat,04 90 12 91 14,ce.0840909G@ac-aix-marseille.fr,,Carpentras,44.08051590327831,5.006763471602065,Ventoux
0840910H,École maternelle Bedoin,École,Public,140 chemin Derrière Saint-Jean,84410,Bédoin,04 90 65 69 21,ce.0840910H@ac-aix-marseille.fr,,L'Isle sur la Sorgue,44.12377488823421,5.1826254441110295,Ventoux
0840911J,École primaire Puget,École,Public,rue du Temple,84360,Puget,04 90 08 22 17,ce.0840911J@ac-aix-marseille.fr,,Pertuis,43.754248834762,5.268010175315045,Sainte Victoire
0840912K,École élémentaire Massillargues,École,Public,1340 chemin de Massillargues,84000,Avignon,04 13 60 50 73,ce.0840912K@ac-aix-marseille.fr,REP+,Avignon 3,43.949055034192654,4.844611058626655,Avignon
0840913L,École élémentaire Coudoulet,École,Public,rue des Chênes Verts,84100,Orange,04 90 51 38 31,ce.0840913L@ac-aix-marseille.fr,,Orange,44.12110694980707,4.826558467119118,Haut Vaucluse
0840915N,Collège du Pays des Sorgues,Collège,Public,449 route d'Orange,84250,le Thor,04 90 33 86 46,ce.0840915n@ac-aix-marseille.fr,,ASH Vaucluse,43.93563998385438,4.994039597055243,Luberon
0840916P,École maternelle Aimée Meynard,École,Public,88 A route d'Ansouis,84120,Pertuis,04 90 09 62 89,ce.0840916P@ac-aix-marseille.fr,,Pertuis,43.69933324029288,5.501662582594033,Sainte Victoire
0840918S,Lycée polyvalent Val de Durance - Henri Silvy,Lycée,Public,route de l'Étang de la Bonde,84123,Pertuis,04 90 09 25 00,ce.0840918S@ac-aix-marseille.fr,,,43.70654643404047,5.504942513692549,Sainte Victoire
0840919T,École maternelle Marcel Ripert,École,Public,rue des Hortensias,84170,Monteux,04 90 66 28 17,ce.0840919T@ac-aix-marseille.fr,,L'Isle sur la Sorgue,44.03477516100643,4.989679752792767,Ventoux
0840920U,École élémentaire Marcel Ripert,École,Public,167 rue des Hortensias,84170,Monteux,04 90 66 89 05,ce.0840920U@ac-aix-marseille.fr,,L'Isle sur la Sorgue,44.03420110884224,4.988918427236934,Ventoux
0840921V,École maternelle Clos des Noyers,École,Public,145 rue le Corbusier,84000,Avignon,04 13 60 51 12,ce.0840921V@ac-aix-marseille.fr,,Avignon 1,43.94302222858872,4.840851512658604,Avignon
0840926A,Collège Marie Mauron,Collège,Public,route D 'Ansouis,84120,Pertuis,04 90 09 63 24,ce.0840926A@ac-aix-marseille.fr,,ASH Vaucluse,43.70013611559766,5.500847649041564,Sainte Victoire
0840928C,École élémentaire du Centre,École,Public,rue Denfert Rochereau,84800,L'Isle-sur-la-Sorgue,04 90 38 48 92,ce.0840928C@ac-aix-marseille.fr,,L'Isle sur la Sorgue,43.92091526320949,5.050125312714275,Luberon
0840929D,École élémentaire les Jardins,École,Public,chemin des Estourans,84250,le Thor,04 90 33 82 34,ce.0840929D@ac-aix-marseille.fr,,Cavaillon,43.92944429730672,5.004773521059748,Luberon
0840930E,École élémentaire Henri Crevat,École,Public,88 bis route d'Ansouis,84120,Pertuis,04 90 09 68 17,ce.0840930E@ac-aix-marseille.fr,,Pertuis,43.703423721616645,5.497407347066173,Sainte Victoire
0840931F,École élémentaire Frédéric Mistral,École,Public,quartier des Combes,84850,Camaret-sur-Aigues,09 79 71 16 20,ce.0840931F@ac-aix-marseille.fr,,Orange,44.1655958236969,4.881341026029952,Haut Vaucluse
0840934J,École élémentaire l'Amandier,École,Public,521 rue Georges Braque,84000,Avignon,04 13 60 51 17,ce.0840934J@ac-aix-marseille.fr,,Avignon 1,43.94161762464912,4.847535024546416,Avignon
0840935K,Lycée polyvalent René Char,Lycée,Public,2 rue Pierre Auguste Renoir,84033,Avignon,04 90 88 04 04,ce.0840935K@ac-aix-marseille.fr,,,43.94623233503589,4.85395164199016,Avignon
0840938N,École maternelle de la Resistance,École,Public,avenue de la Résistance,84390,Sault,04 90 64 07 59,ce.0840938N@ac-aix-marseille.fr,,Apt,44.093279614263786,5.4097933352496455,Ventoux
0840940R,Lycée polyvalent la Salle,Lycée,Privé,9 rue Notre-Dame des 7 Douleurs,84008,Avignon,04 90 14 56 56,secretariat.lycee@lasalle84.org,,,43.94898143483061,4.815084564385474,Avignon
0840943U,École maternelle Lezin Jean,École,Public,41 rue des Ecoles,84570,Malemort-du-Comtat,04 90 69 87 87,ce.0840943U@ac-aix-marseille.fr,,L'Isle sur la Sorgue,44.01893840557628,5.160446451826819,Ventoux
0840946X,École maternelle Mormoiron,École,Public,35 chemin des Cagarelles,84570,Mormoiron,04 90 61 97 62,ce.0840946X@ac-aix-marseille.fr,,L'Isle sur la Sorgue,44.06490383733565,5.178942109143601,Ventoux
0840947Y,École maternelle le Luberon,École,Public,154 avenue Jean Giono,84440,Robion,04 90 76 60 34,ce.0840947Y@ac-aix-marseille.fr,,Apt,43.8500306507968,5.106973853752144,Luberon
0840949A,École maternelle St Didier,École,Public,70 allée de la Gardette,84210,Saint-Didier,04 90 66 00 78,ce.0840949A@ac-aix-marseille.fr,,L'Isle sur la Sorgue,44.00895444747495,5.108037237996999,Ventoux
0840950B,École maternelle les Micocouliers,École,Public,route de Carpentras,84190,Vacqueyras,04 90 65 81 60,ce.0840950B@ac-aix-marseille.fr,,Carpentras,44.13658239663524,4.986205439594476,Ventoux
0840951C,École maternelle Li Parpaioun,École,Public,place du Général de Gaulle,84530,Villelaure,04 90 09 95 35,ce.0840951C@ac-aix-marseille.fr,,Pertuis,43.709892347887234,5.433345827025719,Sainte Victoire
0840960M,École maternelle André de Richaud,École,Public,rue André de Richaud,84210,Althen-des-Paluds,04 90 62 11 46,ce.0840960M@ac-aix-marseille.fr,,Avignon 1,44.00374050753981,4.960714915241592,Avignon
0840961N,École maternelle Fernand Boyer,École,Public,cours Rigot,84150,Violès,04 90 70 90 95,ce.0840961N@ac-aix-marseille.fr,,Bollène,44.16164003864704,4.953270451612784,Haut Vaucluse
0840962P,École maternelle Eve et Marie Curie,École,Public,88 route d'Aubignan,84190,Beaumes-de-Venise,04 90 62 96 06,ce.0840962P@ac-aix-marseille.fr,,Carpentras,44.11962343131095,5.029847771340159,Ventoux
0840963R,École maternelle Bonnieux,École,Public,avenue Aristide Briand,84480,Bonnieux,04 90 75 85 56,ce.0840963R@ac-aix-marseille.fr,,Apt,43.82274211177767,5.305537140904725,Luberon
0840970Y,Collège Gérard Philipe,Collège,Public,75 rue Pablo Picasso,84035,Avignon,04 90 81 00 65,ce.0840970Y@ac-aix-marseille.fr,REP+,ASH Vaucluse,43.94384045328035,4.845551283918319,Avignon
0840971Z,École élémentaire Albert Camus,École,Public,1 avenue Baron le Roy,84230,Châteauneuf-du-Pape,04 90 83 74 49,ce.0840971Z@ac-aix-marseille.fr,,Orange,44.0560114123332,4.832224863353538,Haut Vaucluse
0840972A,École élémentaire Quintine,École,Public,50 rue Pierre Pansier,84200,Carpentras,04 90 63 11 60,ce.0840972A@ac-aix-marseille.fr,REP+,Carpentras,44.055457315462206,5.037522415154206,Ventoux
0840976E,École maternelle Jean Moulin,École,Public,355 boulevard Jean Moulin,84210,Pernes-les-Fontaines,04 90 61 38 61,ce.0840976E@ac-aix-marseille.fr,,L'Isle sur la Sorgue,44.00039386697358,5.053306492923287,Ventoux
0840977F,École maternelle Louis Gauthier,École,Public,chemin de Paget,84290,Sainte-Cécile-les-Vignes,04 90 30 78 23,ce.0840977F@ac-aix-marseille.fr,,Bollène,44.246527363187134,4.887413538540977,Haut Vaucluse
0840979H,École maternelle les Libellules,École,Public,248 rue de la République,84800,Lagnes,04 90 20 28 41,ce.0840979H@ac-aix-marseille.fr,,Apt,43.89200677109172,5.1137465486381775,Luberon
0840980J,École élémentaire Pierre Augier,École,Public,boulevard Roger Bernard,84120,Pertuis,04 90 79 23 66,ce.0840980J@ac-aix-marseille.fr,,Pertuis,43.69013283933723,5.514024768011331,Sainte Victoire
0840986R,École élémentaire Melina Mercouri,École,Public,boulevard de la Liberté,84160,Cadenet,04 90 68 04 55,ce.0840986R@ac-aix-marseille.fr,,Pertuis,43.73444571563239,5.37762958311217,Sainte Victoire
0840989U,École élémentaire la Colline,École,Public,331 avenue du Général de Gaulle,84300,Cavaillon,04 90 71 17 36,ce.0840989U@ac-aix-marseille.fr,REP+,Cavaillon,43.84244286108341,5.039231527675967,Luberon
0840990V,École primaire Louis Pergaud,École,Public,rue des Ecoles,84840,Lapalud,04 90 40 31 15,ce.0840990V@ac-aix-marseille.fr,,Bollène,44.30280715441502,4.690215260987952,Haut Vaucluse
0840991W,École élémentaire René Char,École,Public,cours Réné Char,84800,L'Isle-sur-la-Sorgue,04 90 20 87 87,ce.0840991W@ac-aix-marseille.fr,,L'Isle sur la Sorgue,43.91203263374548,5.0563900571788345,Luberon
0840993Y,École primaire la Rocantine,École,Public,quartier la Rocantine,84420,Piolenc,04 90 29 50 94,ce.0840993Y@ac-aix-marseille.fr,,Orange,44.18193111545148,4.759215524198052,Haut Vaucluse
0840994Z,École maternelle Alice Reynaud,École,Public,chemin,84200,Carpentras,04 90 63 05 11,ce.0840994Z@ac-aix-marseille.fr,,Carpentras,44.08302799003877,5.064540561249123,Ventoux
0841002H,École maternelle les Jardins,École,Public,270 chemin des Estourans,84250,le Thor,04 90 33 89 93,ce.0841002H@ac-aix-marseille.fr,,Cavaillon,43.92919247905145,4.999701146194887,Luberon
0841003J,École maternelle les Sablons,École,Public,904 route des Sablons,84260,Sarrians,04 90 65 45 09,ce.0841003J@ac-aix-marseille.fr,,L'Isle sur la Sorgue,44.10446420939767,4.9399047404386485,Ventoux
0841004K,École primaire privée la Calandreta,École,Privé,route de Caderousse,84100,Orange,04 90 34 94 47,ce.0841004K@ac-aix-marseille.fr,,Orange,44.13674403275122,4.794240347507213,Haut Vaucluse
0841006M,École élémentaire Farfantello,École,Public,1850 chemin de Massillargues,84000,Avignon,04 13 60 51 37,ce.0841006M@ac-aix-marseille.fr,,Avignon 3,43.949126936837146,4.850155661780711,Avignon
0841009R,École maternelle Émile Zola,École,Public,520 chemin du Brusquet,84110,Vaison-la-Romaine,04 90 28 71 60,ce.0841009R@ac-aix-marseille.fr,,Carpentras,44.24548632667401,5.081987744583025,Ventoux
0841016Y,École maternelle Farfantello,École,Public,1850 chemin de Massillargues,84000,Avignon,04 13 60 51 33,ce.0841016Y@ac-aix-marseille.fr,,Avignon 3,43.94931109702236,4.84991243134311,Avignon
0841018A,École primaire privée Rudolph Steiner Hors Contrat,École,Privé Hors Contrat,300 chemin de la Traille Sorgues,84700,Sorgues,04 90 83 37 07,ce.0841018A@ac-aix-marseille.fr,,Privé Hors Contrat,43.99400506928296,4.875195833634965,Avignon
0841019B,Collège Vallée du Calavon,Collège,Public,hameau de Coustellet,84220,Cabrières-d'Avignon,04 90 76 77 70,ce.0841019b@ac-aix-marseille.fr,,,43.87263507662256,5.148052377566745,Luberon
0841020C,École primaire Pierre Monier,École,Public,rue des Ecoles,84160,Puyvert,04 90 08 38 38,ce.0841020C@ac-aix-marseille.fr,,Pertuis,43.75897177216979,5.343055443085598,Sainte Victoire
0841027K,Collège Albert Camus,Collège,Public,quartier le Parc,84240,La Tour-d'Aigues,04 90 07 22 00,ce.0841027k@ac-aix-marseille.fr,,ASH Vaucluse,43.72952269159196,5.54946002860077,Sainte Victoire
0841038X,École primaire privée St Charles,École,Privé,855 rue du Bon Vent,84140,Avignon,04 90 82 21 88,ce.0841038X@ac-aix-marseille.fr,,Avignon 1,43.92507824949297,4.854279410643495,Avignon
0841041A,École maternelle Jules Ferry,École,Public,avenue Jules Ferry,84110,Vaison-la-Romaine,04 90 28 71 27,ce.0841041A@ac-aix-marseille.fr,,Carpentras,44.2411043841993,5.071443636124716,Ventoux
0841043C,Collège André Malraux,Collège,Public,35 chemin du Stade,84380,Mazan,04 90 69 46 20,ce.0841043C@ac-aix-marseille.fr,,,44.05743015784221,5.12075156598686,Ventoux
0841044D,École primaire privée Sainte Anne,École,Privé Hors Contrat,route de Suzette,84330,le Barroux,04 90 62 32 05,ecole-sainte-anne-lbx@orange.fr,,Privé Hors Contrat,44.14214598614972,5.096104262186614,Ventoux
0841050K,École primaire publique Marie Mauron,École,Public,avenue Réné Char,84210,Pernes-les-Fontaines,04 90 61 27 40,ce.0841050K@ac-aix-marseille.fr,,L'Isle sur la Sorgue,43.99811019793693,5.071997870845185,Ventoux
0841076N,École privée Rudolf Steiner (École Secondaire),Collège,Privé Hors Contrat,300 chemin de la Traille,84700,Sorgues,04 90 83 37 07,ecole-avignon@steiner-waldorf.org,,,43.99410932266997,4.87552099216102,Avignon
0841078R,Lycée professionnel Montesquieu,Lycée,Public,263 chemin de Lucette,84700,Sorgues,04 90 39 74 80,ce.0841078R@ac-aix-marseille.fr,,,43.99733824677196,4.879677772176661,Avignon
0841084X,École primaire publique la Calade,École,Public,468 route de St Saturnin,84250,le Thor,04 90 39 81 21,ce.0841084X@ac-aix-marseille.fr,,Cavaillon,43.94127879608208,4.978011387596068,Luberon
0841085Y,École maternelle Louise Michel,École,Public,65 place du Moulinage,84320,Entraigues-sur-la-Sorgue,04 90 23 93 25,ce.0841085Y@ac-aix-marseille.fr,,Avignon 3,44.00133467716763,4.931845640784558,Avignon
0841086Z,Collège Rosa Parks,Collège,Public,340 avenue François Mitterrand,84300,Cavaillon,04 32 50 00 10,ce.0841086Z@ac-aix-marseille.fr,,ASH Vaucluse,43.85343974967354,5.0177881534434885,Luberon
0841093G,Lycée Lucie Aubrac,Lycée,Public,224 avenue Ernest Laffont,84500,Bollène,04 32 80 31 90,ce.0841093G@ac-aix-marseille.fr,,,44.293875454096174,4.749733095143742,Haut Vaucluse
0841096K,École primaire privée Maison des enfants,École,Privé Hors Contrat,210 bis route de Montfavet,84000,Avignon,,info@ecolemontessori-avignon.org,,Privé Hors Contrat,43.93778542340503,4.849345596234021,Avignon
0841099N,Collège Victor Schoelcher,Collège,Public,211 chemin des Écoliers,84290,Sainte-Cécile-les-Vignes,04 32 80 30 33,ce.0841099N@ac-aix-marseille.fr,,ASH Vaucluse,44.23538834381003,4.884460868230314,Haut Vaucluse
0841110A,École primaire Lucie Aubrac,École,Public,109 allée Breynat,84170,Monteux,04 90 34 95 24,ce.0841110A@ac-aix-marseille.fr,,L'Isle sur la Sorgue,44.033559420521215,5.000414312420829,Ventoux
0841116G,Collège Anne Frank,Collège,Public,1 rue du Docteur Fleming,84310,Morières-lès-Avignon,04 90 33 27 20,ce.0841116g@ac-aix-marseille.fr,,,43.93712106699226,4.907360517596763,Avignon
0841117H,Lycée Stéphane Hessel,Lycée,Public,110 avenue Marcel Pagnol,84110,Vaison-la-Romaine,04 90 36 02 03,ce.0841117h@ac-aix-marseille.fr,,,44.24420825184615,5.086372508572468,Ventoux
0841118J,Collège Jean Garcin,Collège,Public,745 chemin du Pont de la Sable,84800,L'Isle-sur-la-Sorgue,04 32 60 66 80,0841118J@ac-aix-marseille.fr,,,43.932698614327705,5.057934725497833,Luberon
0841125S,SEGPA Collège Marie Rivier,Collège,Privé,399 avenue Jules Verne,84700,Sorgues,04 90 39 70 70,ce.0841125s@ac-aix-marseille.fr,,,43.98669584314416,4.8879712404164914,Avignon
0841130X,École Montessori Courtine,École,Privé Hors Contrat,30 rue des Quatre Gendarmes d'Ouvéa,84000,Avignon,04 90 85 21 56,montessori_avignon@yahoo.fr,,Privé Hors Contrat,43.93257626221155,4.776198337962056,Avignon
0841158C,Lycée Saint-Jean le Baptiste,Lycée,Privé,1 place Pie,84600,Valréas,04 90 35 01 65,ce.0841158c@ac-aix-marseille.fr,,,44.38426947924611,4.990517207321018,Haut Vaucluse
0841177Y,École primaire privée S'esperi,École,Privé Hors Contrat,654 Voie,84120,Pertuis,,contact@sesperi.com,,Privé Hors Contrat,43.68922410494566,5.478852301836613,Sainte Victoire
0841198W,École maternelle privée Cours Petit Pas,École,Privé Hors Contrat,164 avenue des Galoubets,84000,Avignon,,courspetitpas@gmail.com,,Privé Hors Contrat,43.93237066432627,4.87469854039607,Avignon
0841202A,École primaire Frederi Mitan,École,Public,150 avenue Pierre de Coubertin,84270,Vedène,,ce.0841202A@ac-aix-marseille.fr,,Avignon 1,43.9793276294145,4.907664361837377,Avignon
0841225A,E.P.Pr.Hors Contrat École du Petit Chemin,École,Privé Hors Contrat,285 rue des Micocouliers,84220,Beaumettes,06 26 90 47 11,ce.0841225A@ac-aix-marseille.fr,,Privé Hors Contrat,43.85885614882418,5.200526259323203,Luberon
0841226B,E.P.Pr.Hors Contrat Calandreta de Vaurias,École,Privé Hors Contrat,route de Vinsobres,84600,Valréas,06 31 97 46 66,mireille.roube@wanadoo.fr,,Privé Hors Contrat,44.37913244908076,4.997671441185276,Haut Vaucluse
0841228D,Collège privé Hors Contrat Institut Saint Joseph,Collège,Privé Hors Contrat,501 route de Suzette,84330,le Barroux,04 90 62 32 05,,,,44.1422360164256,5.096057567964832,Ventoux
0841229E,Collège privé Cours privé Pythagore,Collège,Privé Hors Contrat,23 rue Carnot,84000,Avignon,04 32 76 35 62,pythagorefrance@gmail.com,,,43.94920432022182,4.809950642012796,Avignon
0841230F,Lycée général Cours privé Pythagore,Lycée,Privé Hors Contrat,23 rue Carnot,84000,Avignon,04 32 76 35 62,pythagorefrance@gmail.com,,,43.94938426581403,4.809956352124298,Avignon
0841234K,École primaire les Moulières,École,Public,466 montée des Moulières,84120,Pertuis,04 90 68 16 90,ce.0841234K@ac-aix-marseille.fr,,Pertuis,43.70091739900008,5.481785624942098,Sainte Victoire
0841249B,Lycée général Steiner,Lycée,Privé Hors Contrat,300 chemin de la Traille,84700,Sorgues,04 90 83 37 07,ecole.avignon@steiner-waldorf.org,,,43.994115734396296,4.875147100308521,Avignon
0841254G,École primaire Melly et Paul Puaux,École,Public,61 avenue Moulin de Notre-Dame,84000,Avignon,04 13 60 53 09,ce.0841254G@ac-aix-marseille.fr,,Avignon 2,43.93466448809107,4.820344300150697,Avignon
0841258L,École maternelle Charlemagne,École,Public,650 avenue Hélie Denoix de Saint-Marc,84100,Orange,04 90 51 41 82,ce.0841258L@ac-aix-marseille.fr,,Orange,44.11723119918996,4.828933378390741,Haut Vaucluse
0841259M,École élémentaire Charlemagne,École,Public,650 avenue Hélie Denoix de Saint-Marc,84100,Orange,,ce.0841259M@ac-aix-marseille.fr,,Orange,44.11722702987829,4.829183182552492,Haut Vaucluse
